scene,group,view,has_on,on_pairs,crop_wh,verdict,answer
stack3_scene0001,stack3,view_el30_az135,False,[],"[346, 192]",YES,1. A purple cylindrical object with a striped pattern. 2. A blue cube-shaped object. 3. A yellow rectangular object.  The blue cube is stacked on top of the yellow rectangular object.
stack3_scene0002,stack3,view_el30_az240,False,[],"[1275, 329]",YES,1. A blue cube-shaped object. 2. A green cylindrical object with a blue top. 3. A red rectangular object.  The blue cube-shaped object is stacked on top of the green cylindrical object.
stack3_scene0003,stack3,view_el30_az210,False,[],"[1280, 319]",NO,1. A blue canister or container. 2. A yellow tennis ball.  The blue canister is not stacked on top of the tennis ball. The tennis ball is on top of the canister.
stack3_scene0004,stack3,view_el30_az210,False,[],"[1280, 430]",NO,1. A baseball. 2. A bottle of Domino Sugar.  The baseball is not stacked on top of the bottle of Domino Sugar. The bottle of Domino Sugar is standing upright on a flat surface.
stack3_scene0005,stack3,view_el30_az210,True,"[['foam_brick', 'gelatin_box']]","[324, 301]",YES,1. A red rectangular block with three holes. 2. A red rectangular box with text on it. 3. A blue spherical object.  The red rectangular block is stacked on top of the red rectangular box.
stack3_scene0006,stack3,view_el30_az240,True,"[['tomato_soup_can', 'tuna_fish_can']]","[383, 474]",YES,1. A can of food. 2. A bottle of cleaning solution.  The can of food is stacked on top of the bottle of cleaning solution.
stack3_scene0007,stack3,view_el30_az210,False,[],"[364, 402]",YES,"1. A blue cube-shaped object on top of a red box. 2. A red box with a yellow label that reads ""Cheez-It"" and ""Are these cheeses ready?"" 3. A yellow cup on the ground next to the red box. 4. A white surface beneath the red box and the yellow cup.  The blue cube-shaped object is stacked on top of the red box."
stack3_scene0008,stack3,view_el30_az210,False,[],"[1280, 374]",YES,"1. A blue cube on top of a colorful cube structure. 2. A colorful cube structure, which appears to be made up of multiple smaller cubes in various colors.  The blue cube is stacked on top of the colorful cube structure."
stack3_scene0009,stack3,view_el30_az210,False,[],"[1280, 369]",NO,1. A blue container with a green top. 2. A peach with a red and orange color gradient.  The blue container is not stacked on top of any other object. The peach is not stacked on top of any other object. They are both placed separately on the surface.
stack3_scene0010,stack3,view_el30_az210,False,[],"[465, 389]",YES,"1. A blue block on top of a red box. 2. A red box with a label that reads ""Cheez-It"" and ""Are these cheeses ready?"" 3. A blue can with a label that reads ""Master Cheez-It."" 4. A white surface on which the objects are placed.  The blue block is stacked on top of the red box."
stack3_scene0011,stack3,view_el30_az210,True,"[['tomato_soup_can', 'tuna_fish_can']]","[1280, 427]",YES,1. A can of food. 2. A can of food. 3. A power drill.  The can of food is stacked on top of the power drill.
stack3_scene0012,stack3,view_el30_az240,False,[],"[1280, 439]",YES,1. A can of food. 2. A sponge.  The can of food is stacked on top of the sponge.
stack3_scene0013,stack3,view_el30_az240,True,"[['foam_brick', 'sponge']]","[1280, 367]",YES,1. A black screwdriver. 2. A red block with three holes. 3. A yellow block with one hole.  The red block is stacked on top of the yellow block.
stack3_scene0014,stack3,view_el30_az240,True,"[['tomato_soup_can', 'master_chef_can']]","[397, 470]",?,"1. A can of ""Master Chef"" coffee. 2. A can of ""Master Chef"" coffee. 3. A can of ""Master Chef"" coffee. 4. A can of ""Master Chef"" coffee. 5. A can of ""Master Chef"" coffee. 6. A can of ""Master Chef"" coffee. 7. A can of ""Master Chef"" coffee. 8. A can of ""Master Chef"" coffee. 9. A can of ""Master Chef"" coffee. 10. A can of ""Master Chef"" coffee. 11. A can of ""Master Chef"" coffee. 12. A can of ""Master Chef"" coffee. 13. A can of ""Master"
stack3_scene0015,stack3,view_el30_az210,True,"[['foam_brick', 'gelatin_box']]","[1280, 467]",YES,1. A red block. 2. A red box. 3. A wrench.  The red block is stacked on top of the red box.
stack3_scene0016,stack3,view_el30_az210,True,"[['tomato_soup_can', 'tuna_fish_can']]","[1280, 328]",YES,1. A can of food. 2. A box of food.  The can of food is stacked on top of the box of food.
stack3_scene0017,stack3,view_el30_az240,True,"[['tomato_soup_can', 'master_chef_can']]","[343, 487]",YES,"1. A can of ""Master Chef"" food. 2. A baseball. 3. A can of ""Master Chef"" food, which is stacked on top of the first can.  The can is stacked on top of the other can."
stack3_scene0018,stack3,view_el30_az135,False,[],"[270, 448]",?,1. Domino Sugar box 2. Domino Sugar box lid 3. Domino Sugar box top 4. Domino Sugar box label 5. Domino Sugar box side panel 6. Domino Sugar box front panel 7. Domino Sugar box back panel 8. Domino Sugar box bottom panel 9. Domino Sugar box front label 10. Domino Sugar box side label 11. Domino Sugar box back label 12. Domino Sugar box bottom label 13. Domino Sugar box front panel text 14. Domino Sugar box side panel text 15. Domino Sugar box back panel text 16. Domino Sugar box bottom panel text 17. Domino Sugar box front label text 18. Domino
stack3_scene0019,stack3,view_el30_az210,True,"[['foam_brick', 'wood_block']]","[374, 434]",YES,1. A red cube-shaped object. 2. A wooden block with a flat top. 3. A red cylindrical object.  The red cube-shaped object is stacked on top of the wooden block with a flat top.
stack3_scene0020,stack3,view_el30_az210,False,[],"[1280, 304]",YES,1. A green cylindrical object. 2. A blue cylindrical object.  The blue cylindrical object is stacked on top of the green cylindrical object.
stack4_scene0001,stack4,view_el30_az135,False,[],"[351, 396]",YES,1. A blue cube 2. A red bucket 3. A wooden block  The blue cube is stacked on top of the wooden block.
stack4_scene0002,stack4,view_el30_az210,True,"[['tomato_soup_can', 'tuna_fish_can']]","[1280, 406]",YES,"1. A can of food. 2. A red marker or pen. 3. A blue object, possibly a box or a container.  The can of food is stacked on top of the blue object."
stack4_scene0003,stack4,view_el30_az135,True,"[['master_chef_can', 'pudding_box']]","[393, 531]",YES,1. Apple 2. Wrench 3. Coffee canister  The coffee canister is stacked on top of the box.
stack4_scene0004,stack4,view_el30_az135,False,[],"[469, 558]",YES,"1. A white spray bottle with a green label. 2. A box of ""Color Cubes"" with a blue label. 3. A stack of colorful cubes, with a yellow cube on top. 4. A red cube on the floor.  The objects are arranged as follows: - The spray bottle is standing upright. - The box of ""Color Cubes"" is stacked on top of the colorful cubes. - The colorful cubes are stacked on top of the red cube."
stack4_scene0005,stack4,view_el30_az210,False,[],"[1280, 446]",NO,1. Fork 2. Knife 3. Cup 4. Block 5. Napkin  The objects are not stacked on top of each other. They are placed separately on the surface.
stack4_scene0006,stack4,view_el30_az135,True,"[['tomato_soup_can', 'gelatin_box']]","[519, 351]",YES,1. A colorful box of Kleenex cubes. 2. A can of Campbell's Tomato Soup. 3. A can of Campbell's Tomato Soup on top of a box of Kleenex cubes. 4. A red and white can of Campbell's Tomato Soup. 5. A red and white can of Campbell's Tomato Soup on top of a box of Kleenex cubes. 6. A red and white can of Campbell's Tomato Soup on top of a red and white box of Kleenex cubes. 7. A red and white box of Kleenex cubes on top of a red and white box of Kleenex cubes. 8. A red and white box of Kleen
stack4_scene0007,stack4,view_el30_az195,True,"[['sugar_box', 'sponge']]","[329, 345]",YES,"1. Domino Sugar box 2. Frozen Mocha Latte Mix packet 3. Can of ""Hull"" product  The Frozen Mocha Latte Mix packet is stacked on top of the Domino Sugar box, and the can of ""Hull"" product is placed on top of the Frozen Mocha Latte Mix packet."
stack4_scene0008,stack4,view_el30_az210,False,[],"[1280, 382]",NO,1. Blue canister with a blue lid. 2. Orange canister with a blue lid. 3. Blue cup. 4. Orange ball.  The orange ball is not stacked on top of any object. It is a separate object. The blue canister with a blue lid is not stacked on top of any object. The orange canister with a blue lid is not stacked on top of any object. The blue cup is not stacked on top of any object.
stack4_scene0009,stack4,view_el30_az210,True,"[['master_chef_can', 'pudding_box']]","[1280, 479]",YES,1. A yellow spray bottle with a blue label. 2. A red-handled knife. 3. A blue can with a yellow label.  The spray bottle is stacked on top of the blue can.
stack4_scene0010,stack4,view_el30_az240,True,"[['tuna_fish_can', 'master_chef_can']]","[491, 464]",NO,"1. A can of ""Master Chef"" brand food. 2. A yellow ball. 3. A red and white chef's hat. 4. A black and yellow can of ""Red Bull"" energy drink.  The objects are not stacked on top of each other. The chef's hat is floating above the can of ""Master Chef"" and the can of ""Red Bull"" is floating above the yellow ball."
stack4_scene0011,stack4,view_el30_az135,True,"[['tomato_soup_can', 'master_chef_can']]","[538, 424]",YES,"1. Tomato Soup can 2. Coffee can 3. Sponge 4. Peach  The Tomato Soup can is stacked on top of the Coffee can, and the Coffee can is stacked on top of the Peach."
stack4_scene0012,stack4,view_el30_az210,True,"[['tomato_soup_can', 'gelatin_box']]","[1280, 331]",YES,1. Banana 2. Can of food 3. Spoon  The can of food is stacked on top of the banana.
stack4_scene0013,stack4,view_el30_az195,False,[],"[465, 396]",YES,1. A box of Cheez-It crackers. 2. A green pear. 3. A blue cube on top of the Cheez-It box. 4. A label on the Cheez-It box showing various types of crackers. 5. A label on the Cheez-It box showing a pear. 6. A label on the Cheez-It box showing a baby carrot. 7. A label on the Cheez-It box showing a slice of cheese. 8. A label on the Cheez-It box showing a slice of cheese. 9. A label on the Cheez-It box showing a slice of cheese. 10. A label on the Cheez
stack4_scene0014,stack4,view_el30_az240,True,"[['sugar_box', 'sponge']]","[535, 488]",YES,1. Blue trash can 2. Domino Sugar box 3. Rubik's Cube  The Domino Sugar box is stacked on top of the Rubik's Cube.
stack4_scene0015,stack4,view_el30_az210,False,[],"[521, 459]",YES,"1. A can of food. 2. A stack of plates. 3. A colorful block structure. 4. A box of Jell-O.  The can of food is stacked on top of the stack of plates, and the stack of plates is on top of the colorful block structure. The box of Jell-O is on the ground, separate from the other objects."
stack4_scene0016,stack4,view_el30_az135,False,[],"[452, 334]",YES,1. Domino Sugar box 2. Banana 3. Blue cup  The Domino Sugar box is stacked on top of the banana.
stack4_scene0017,stack4,view_el30_az240,True,"[['foam_brick', 'master_chef_can']]","[443, 390]",?,"1. A brown rectangular block with holes. 2. A blue cylindrical can with a label that reads ""Master Chef."" 3. A red rectangular box with a label that reads ""Cheez-It"" and a question ""Are these cheeses ready?"" followed by images of cheese slices and crackers."
stack4_scene0018,stack4,view_el30_az240,True,"[['tomato_soup_can', 'tuna_fish_can']]","[638, 372]",?,"1. A can of ""Cheez-It"" crackers. 2. A can of ""Cheez-It"" crackers. 3. A can of ""Cheez-It"" crackers. 4. A can of ""Cheez-It"" crackers. 5. A can of ""Cheez-It"" crackers. 6. A can of ""Cheez-It"" crackers. 7. A can of ""Cheez-It"" crackers. 8. A can of ""Cheez-It"" crackers. 9. A can of ""Cheez-It"" crackers. 10. A can of ""Cheez-It"" crackers. 11. A can of ""Cheez-"
stack4_scene0019,stack4,view_el30_az135,False,[],"[398, 406]",YES,1. A wooden block. 2. A blue cube. 3. A red strawberry with green leaves.  The blue cube is stacked on top of the wooden block.
stack4_scene0020,stack4,view_el30_az240,False,[],"[1280, 425]",YES,1. A blue cup. 2. A green can with a blue lid. 3. A white ball.  The green can is stacked on top of the blue cup.
stack5_scene0001,stack5,view_el30_az195,False,[],"[569, 400]",YES,"1. A blue cube on top of a red box. 2. A red box with a label that reads ""CHEEZ-IT"" and ""ARE THESE CHEESES READY?"" 3. A red apple to the left of the box. 4. A blue can with a label that reads ""Master Coffee"" to the right of the box. 5. A red apple to the left of the box. 6. A blue can with a label that reads ""Master Coffee"" to the right of the box. 7. A red apple to the left of the blue can. 8. A blue can with a label that reads ""Master Coffee"" to the right of the red apple. 9"
stack5_scene0002,stack5,view_el30_az135,False,[],"[683, 523]",YES,1. A white spray bottle with a green label. 2. A blue can with a white label. 3. A red-handled fork. 4. A yellow cup.  The blue can is stacked on top of the white spray bottle.
stack5_scene0003,stack5,view_el30_az135,False,[],"[595, 689]",YES,1. A spray bottle with a red nozzle and a white body. 2. A bottle of Windex cleaner. 3. A yellow and red peach. 4. A blue and yellow sponge. 5. A black and red glove. 6. A black and red tool or device.  The spray bottle is on top of the bottle of Windex cleaner.
stack5_scene0004,stack5,view_el30_az195,False,[],"[396, 475]",YES,1. Domino Sugar box 2. Red apple 3. Red strawberry  The Domino Sugar box is stacked on top of the red apple.
stack5_scene0005,stack5,view_el30_az240,True,"[['tuna_fish_can', 'pudding_box']]","[1280, 454]",NO,"1. Red cup 2. Green cup 3. Blue cup 4. Red and black box 5. Red, yellow, and blue cube  The objects are not stacked on top of each other. They are placed separately on the surface."
stack5_scene0006,stack5,view_el30_az210,False,[],"[696, 442]",NO,"1. A bottle of ""Donino Sugar"" with a blue cap. 2. A tennis ball. 3. A black plunger with a red handle. 4. A red bowl.  The tennis ball is not stacked on top of any object. It is placed separately on the surface. The bottle of ""Donino Sugar"" is not stacked on top of any object. The plunger is not stacked on top of any object. The red bowl is not stacked on top of any object. All objects are placed on the same surface."
stack5_scene0007,stack5,view_el30_az210,False,[],"[1280, 474]",YES,1. Domino Sugar box 2. Red cup 3. Apple  The Domino Sugar box is stacked on top of the red cup.
stack5_scene0008,stack5,view_el30_az240,True,"[['tomato_soup_can', 'tuna_fish_can']]","[538, 325]",YES,1. Orange cylindrical object (likely a container or a vase) 2. Blue cylindrical object with a label (likely a can) 3. Green cylindrical object with a label (likely a can) 4. White spherical object (likely a ball)  The blue cylindrical object is stacked on top of the orange cylindrical object.
stack5_scene0009,stack5,view_el30_az195,False,[],"[619, 542]",YES,1. A wooden block. 2. A spray paint can. 3. A can of paint. 4. A paintbrush.  The spray paint can is on top of the can of paint.
stack5_scene0010,stack5,view_el30_az240,False,[],"[723, 472]",NO,1. A Rubik's Cube 2. A blue cylindrical object with a handle 3. A small blue container with a yellow label  The Rubik's Cube is stacked on top of the small blue container with the yellow label. The blue cylindrical object with a handle is not stacked on top of any other object.
stack5_scene0011,stack5,view_el30_az135,True,"[['foam_brick', 'sponge']]","[1280, 410]",YES,1. A yellow tennis ball. 2. A red block. 3. A wooden block. 4. A yellow tennis ball on top of a red block. 5. A red block on top of a yellow tennis ball. 6. A wooden block on top of a red block. 7. A yellow tennis ball on top of a wooden block. 8. A red block on top of a wooden block. 9. A wooden block on top of a red block. 10. A yellow tennis ball on top of a wooden block. 11. A red block on top of a wooden block. 12. A wooden block on top of a red block. 13. A yellow tennis ball on top
stack5_scene0012,stack5,view_el30_az210,False,[],"[1280, 532]",NO,1. Screwdriver 2. Orange 3. Blue ball 4. Red box  The screwdriver is not stacked on top of any object. The orange is not stacked on top of any object. The blue ball is not stacked on top of any object. The red box is not stacked on top of any object.
stack5_scene0013,stack5,view_el30_az240,True,"[['foam_brick', 'sponge']]","[541, 496]",YES,1. Domino Sugar box 2. Domino Sugar container 3. Pizza pan 4. Rubik's Cube 5. Pizza box  The Domino Sugar box is stacked on top of the Rubik's Cube.
stack5_scene0014,stack5,view_el30_az195,True,"[['sugar_box', 'cracker_box']]","[523, 476]",YES,1. A box of Cheez-It crackers. 2. A baseball. 3. A green pear. 4. A purple ball. 5. A yellow box of Cheez-It crackers.  The yellow box of Cheez-It crackers is stacked on top of the red box of Cheez-It crackers.
stack5_scene0015,stack5,view_el30_az135,False,[],"[545, 720]",NO,"1. A bottle of cleaning product labeled ""Color Cubes."" 2. A stack of colorful cubes. 3. A yellow tennis ball. 4. A green banana. 5. A green apple. 6. A wooden block with a hole in the center. 7. A black object that appears to be a part of a 3D modeling or rendering setup, possibly a camera or a light source.  The objects are not stacked on top of each other. The wooden block with a hole in the center is on top of the stack of colorful cubes. The tennis ball, banana, and apple are separate objects on the surface. The bottle of cleaning product is also separate from the other objects."
stack5_scene0016,stack5,view_el30_az240,True,"[['tomato_soup_can', 'wood_block']]","[532, 536]",YES,"1. A yellow spray bottle with a blue label. 2. A red-handled tool, possibly a screwdriver or a similar tool. 3. A red spherical object, which could be a ball or a toy. 4. A cylindrical object with a red label, which appears to be a can of food or a similar product. 5. A wooden block or stand on which the can is placed.  The can is stacked on top of the wooden block."
stack5_scene0017,stack5,view_el30_az135,False,[],"[639, 320]",YES,1. Domino Sugar box 2. After Eight candy canister 3. Blue cup 4. Blue and silver object (which appears to be a small electronic device or tool)  The After Eight candy canister is stacked on top of the Domino Sugar box.
stack5_scene0018,stack5,view_el30_az240,True,"[['tomato_soup_can', 'gelatin_box']]","[1280, 460]",YES,"1. A red and yellow box. 2. A yellow cup. 3. A white ball. 4. A red and yellow box stacked on top of a yellow cup. 5. A red and yellow box stacked on top of a white ball. 6. A red and yellow box stacked on top of a yellow cup, which is stacked on top of a white ball. 7. A red and yellow box. 8. A yellow cup. 9. A white ball. 10. A red and yellow box stacked on top of a yellow cup, which is stacked on top of a white ball. 11. A red and yellow box stacked on top of a yellow cup. 12. A yellow"
stack5_scene0019,stack5,view_el30_az135,True,"[['sugar_box', 'cracker_box']]","[509, 533]",YES,1. A red bowl. 2. A box of Cheez-It crackers. 3. An orange.  The Cheez-It box is stacked on top of the red bowl.
stack5_scene0020,stack5,view_el30_az240,True,"[['tuna_fish_can', 'pudding_box']]","[1276, 476]",NO,"1. A green ball labeled ""Dudley Light"" 2. A purple cup 3. A yellow baseball 4. A blue and red box  The objects are not stacked on top of each other. They are placed separately on the surface."
occ3_scene0001,occ3,view_el30_az135,False,[],"[351, 431]",NO,"1. A wooden block. 2. A spray bottle. 3. A peach with a reddish-orange hue.  The spray bottle is not stacked on top of any other object. It is standing upright on a flat surface. The peach is also on the flat surface, and it is not stacked on top of the spray bottle or the wooden block. The wooden block is also on the flat surface and is not stacked on top of the spray bottle or the peach."
occ3_scene0002,occ3,view_el30_az210,False,[],"[1280, 335]",YES,1. Apple 2. Apple 3. Sphere  The apple is stacked on top of the sphere.
occ3_scene0003,occ3,view_el30_az240,False,[],"[234, 386]",YES,1. A baseball 2. A baseball glove 3. A bottle of hand sanitizer  The baseball glove is stacked on top of the baseball.
occ3_scene0004,occ3,view_el30_az240,False,[],"[581, 662]",YES,1. Blue trash can 2. Red ball 3. Brown block  The blue trash can is stacked on top of the brown block.
occ3_scene0005,occ3,view_el30_az210,False,[],"[1280, 358]",YES,"1. A red cup. 2. A green tennis ball. 3. An orange cup. 4. A red cup. 5. A green tennis ball.  The red cup is stacked on top of the green tennis ball, and the orange cup is stacked on top of the red cup."
occ3_scene0006,occ3,view_el30_az210,False,[],"[1280, 338]",YES,1. A baseball bat. 2. A baseball. 3. A blue cup.  The baseball bat is on top of the baseball.
occ3_scene0007,occ3,view_el30_az210,False,[],"[1280, 369]",YES,1. A yellow rectangular object. 2. A red rectangular object. 3. A blue and gray cylindrical object.  The blue and gray cylindrical object is stacked on top of the red rectangular object.
occ3_scene0008,occ3,view_el30_az240,False,[],"[380, 473]",?,1. Scissors 2. Red cup 3. Die (a six-sided object) 4. Die (a six-sided object) 5. Die (a six-sided object) 6. Die (a six-sided object) 7. Die (a six-sided object) 8. Die (a six-sided object) 9. Die (a six-sided object) 10. Die (a six-sided object) 11. Die (a six-sided object) 12. Die (a six-sided object) 13. Die (a six-sided object) 14. Die (a six-sided object) 15. Die (a six-sided object) 16. Die (a six-sided object) 17. Die
occ3_scene0009,occ3,view_el30_az135,False,[],"[359, 233]",YES,1. A red rectangular box with white text and a yellow and red logo. 2. A yellow baseball with red stitching. 3. A blue cube-shaped object.  The blue cube-shaped object is stacked on top of the red box.
occ3_scene0010,occ3,view_el30_az240,False,[],"[333, 339]",NO,1. A yellow spray bottle with a blue label. 2. A black and white marker lying on its side.  The spray bottle is not stacked on top of the marker. The marker is lying on its side on the ground.
occ3_scene0011,occ3,view_el30_az195,False,[],"[1280, 339]",YES,"1. A red cup. 2. A blue cup. 3. A box of ""Oreo"" cookies.  The red cup is stacked on top of the blue cup."
occ3_scene0012,occ3,view_el30_az210,False,[],"[1280, 369]",YES,1. A purple cylindrical object. 2. A red spherical object. 3. A blue and grey rectangular object.  There is no object stacked on top of another object in the image. Each object is distinct and separate from the others.
occ3_scene0013,occ3,view_el30_az240,False,[],"[338, 228]",YES,1. A can of food. 2. A golf ball. 3. A red cup.  There is no object stacked on top of another object in the image. Each object is separate and distinct.
occ3_scene0014,occ3,view_el30_az135,False,[],"[421, 394]",YES,1. Domino Sugar box 2. Domino Sugar bottle 3. Banana  The Domino Sugar box is stacked on top of the Domino Sugar bottle.
occ3_scene0015,occ3,view_el30_az135,False,[],"[1280, 386]",YES,"1. A stack of colorful cubes. 2. A transparent dome or lid. 3. A box of ""Color Cubes"" with a label on it.  The transparent dome is stacked on top of the box of ""Color Cubes."""
occ3_scene0016,occ3,view_el30_az135,False,[],"[427, 437]",YES,"1. A white spray bottle with a green label. 2. A clear plastic lid. 3. A box of ""Color Cubes"" with a green label. 4. A stack of colorful cubes.  The objects are arranged as follows: - The spray bottle is standing upright. - The plastic lid is placed on top of the box of Color Cubes. - The box of Color Cubes is stacked on top of the stack of colorful cubes."
occ3_scene0017,occ3,view_el30_az195,False,[],"[351, 384]",YES,"1. A box of Cheez-It crackers. 2. A sports ball, which appears to be a baseball, in the foreground. 3. A label on the box showing a variety of cheese crackers. 4. A label on the box showing a cheese cracker with a ""HOST & SPICE"" label. 5. A label on the box showing a cheese cracker with a ""GROOVES"" label. 6. A label on the box showing a cheese cracker with a ""BABY SWISS"" label. 7. A label on the box showing a cheese cracker with a ""MOZZARELLA"" label.  The box is stacked on top of the"
occ3_scene0018,occ3,view_el30_az210,False,[],"[1280, 377]",NO,"1. Screwdriver 2. Peach 3. Peach 4. Peach  The screwdriver is not stacked on top of any object. It is a separate object. The three peaches are stacked on top of each other, with the smallest peach on top."
occ3_scene0019,occ3,view_el30_az210,False,[],"[1280, 366]",YES,1. A can of food. 2. A baseball. 3. A can of food on top of a baseball.  The can of food is placed on top of the baseball.
occ3_scene0020,occ3,view_el30_az135,False,[],"[410, 380]",NO,"1. A wooden block. 2. A soccer ball.  The soccer ball is not stacked on top of the wooden block. The wooden block is standing upright on its own, and the soccer ball is resting on the ground beside it."
occ4_scene0001,occ4,view_el30_az240,False,[],"[430, 366]",NO,"1. Blue can labeled ""Master Chef"" 2. Purple cup 3. Red ball 4. Multicolored Rubik's Cube  The objects are not stacked on top of each other. The Rubik's Cube is placed next to the can, the purple cup is next to the Rubik's Cube, and the red ball is next to the purple cup."
occ4_scene0002,occ4,view_el30_az240,False,[],"[517, 408]",YES,"1. A yellow bottle with a label that includes a blue and white design. 2. A blue can with the text ""Master Chef"" and a picture of a chef's hat. 3. An orange cup. 4. A black spatula with a handle.  No objects are stacked on top of each other. The objects are placed next to each other on a flat surface."
occ4_scene0003,occ4,view_el30_az135,False,[],"[379, 453]",YES,1. A bottle of cleaning product. 2. A box of Oster brand coffee filters.  The box of Oster coffee filters is stacked on top of the bottle of cleaning product.
occ4_scene0004,occ4,view_el30_az210,False,[],"[462, 228]",YES,1. A red box with white text and a red logo. 2. A green apple. 3. A red cylindrical object. 4. A blue cube.  No objects are stacked on top of each other. Each object is distinct and separate from the others.
occ4_scene0005,occ4,view_el30_az210,False,[],"[1280, 395]",YES,"In the image, I can see three distinct physical objects:  1. A yellow cylindrical object. 2. A green cylindrical object. 3. A blue cylindrical object.  There is no object stacked on top of another object in the image. Each object is separate and distinct."
occ4_scene0006,occ4,view_el30_az240,False,[],"[1280, 382]",YES,1. A yellow baseball bat. 2. A green baseball glove. 3. A yellow baseball. 4. A green baseball cup.  The baseball bat is stacked on top of the baseball glove.
occ4_scene0007,occ4,view_el30_az210,False,[],"[1280, 372]",YES,"1. A red cube. 2. A yellow ball. 3. An orange cylinder. 4. A blue and gray object that appears to be a small, rectangular, mechanical device.  No objects are stacked on top of each other. Each object is distinct and separate from the others."
occ4_scene0008,occ4,view_el30_az240,False,[],"[478, 394]",YES,"1. A wooden block or plank. 2. A green cylindrical object, which could be a cup or a container. 3. A small, round, white object, which appears to be a golf ball.  There is no object stacked on top of another object in the image. The objects are placed next to each other on a flat surface."
occ4_scene0009,occ4,view_el30_az240,False,[],"[405, 314]",YES,1. A can of soda. 2. A yellow ball. 3. A blue ball. 4. A red bowl.  The yellow ball is stacked on top of the blue ball.
occ4_scene0010,occ4,view_el30_az240,False,[],"[491, 434]",YES,"1. A bottle of ""Salt & Scrub"" cleaner. 2. A screwdriver with a red handle. 3. An orange cup. 4. A yellow and red apple.  No objects are stacked on top of each other. The objects are placed next to each other on a flat surface."
