scene,objA,objB,is_on,upper,opt1,opt2,votes,pred,answer
stack3_scene0005,foam_brick,gelatin_box,True,foam_brick,gelatin_box,foam_brick,foam_brick|foam_brick|foam_brick,foam_brick,[view_el30_az135] Foam brick || [view_el30_az210] Foam brick || [view_el30_az195] Foam brick
stack3_scene0006,tomato_soup_can,tuna_fish_can,True,tomato_soup_can,tuna_fish_can,tomato_soup_can,tuna_fish_can|tuna_fish_can|tuna_fish_can,tuna_fish_can,[view_el30_az240] Tuna fish can || [view_el30_az210] Tuna fish can || [view_el30_az195] Tuna fish can
stack3_scene0011,tomato_soup_can,tuna_fish_can,True,tomato_soup_can,tuna_fish_can,tomato_soup_can,tuna_fish_can|tuna_fish_can|tuna_fish_can,tuna_fish_can,[view_el30_az135] Tuna fish can || [view_el45_az135] Tuna fish can || [view_el30_az195] Tuna fish can
stack3_scene0013,foam_brick,sponge,True,foam_brick,sponge,foam_brick,foam_brick|foam_brick|foam_brick,foam_brick,[view_el60_az180] Foam brick || [view_el90] Foam brick || [view_el60_az195] Foam brick
stack3_scene0014,master_chef_can,tomato_soup_can,True,tomato_soup_can,tomato_soup_can,master_chef_can,tomato_soup_can|tomato_soup_can|tomato_soup_can,tomato_soup_can,[view_el45_az225] Tomato soup can || [view_el45_az135] Tomato soup can || [view_el30_az210] Tomato soup can
stack3_scene0015,foam_brick,gelatin_box,True,foam_brick,gelatin_box,foam_brick,foam_brick|foam_brick|foam_brick,foam_brick,[view_el30_az240] Foam brick || [view_el45_az225] Foam brick || [view_el30_az210] Foam brick
stack3_scene0016,tomato_soup_can,tuna_fish_can,True,tomato_soup_can,tuna_fish_can,tomato_soup_can,tuna_fish_can|tuna_fish_can|tuna_fish_can,tuna_fish_can,[view_el30_az240] Tuna fish can || [view_el30_az210] Tuna fish can || [view_el30_az195] Tuna fish can
stack3_scene0017,master_chef_can,tomato_soup_can,True,tomato_soup_can,tomato_soup_can,master_chef_can,tomato_soup_can|tomato_soup_can|tomato_soup_can,tomato_soup_can,[view_el45_az225] Tomato soup can || [view_el45_az135] Tomato soup can || [view_el60_az180] Tomato soup can
stack3_scene0019,foam_brick,wood_block,True,foam_brick,foam_brick,wood_block,foam_brick|foam_brick|foam_brick,foam_brick,[view_el60_az195] Foam brick || [view_el60_az180] Foam brick || [view_el45_az225] Foam brick
stack4_scene0002,tomato_soup_can,tuna_fish_can,True,tomato_soup_can,tuna_fish_can,tomato_soup_can,tuna_fish_can|tuna_fish_can|tuna_fish_can,tuna_fish_can,[view_el30_az135] Tuna fish can || [view_el30_az240] Tuna fish can || [view_el30_az195] Tuna fish can
stack4_scene0003,master_chef_can,pudding_box,True,master_chef_can,master_chef_can,pudding_box,master_chef_can|master_chef_can|master_chef_can,master_chef_can,[view_el30_az240] Coffee can || [view_el30_az135] Coffee can || [view_el30_az195] Coffee can
stack4_scene0006,gelatin_box,tomato_soup_can,True,tomato_soup_can,tomato_soup_can,gelatin_box,tomato_soup_can|tomato_soup_can|tomato_soup_can,tomato_soup_can,[view_el30_az210] Tomato soup can || [view_el30_az135] Tomato soup can || [view_el30_az195] Tomato soup can
stack4_scene0007,sponge,sugar_box,True,sugar_box,sponge,sugar_box,sponge|sponge|sponge,sponge,[view_el45_az225] Sponge || [view_el30_az210] Sponge || [view_el30_az195] Sponge
stack4_scene0009,master_chef_can,pudding_box,True,master_chef_can,pudding_box,master_chef_can,master_chef_can|pudding_box|master_chef_can,master_chef_can,[view_el30_az135] Coffee can || [view_el45_az135] Pudding box || [view_el30_az240] Coffee can
stack4_scene0010,master_chef_can,tuna_fish_can,True,tuna_fish_can,master_chef_can,tuna_fish_can,tuna_fish_can|tuna_fish_can|tuna_fish_can,tuna_fish_can,[view_el60_az180] Tuna fish can || [view_el60_az195] Tuna fish can || [view_el60_az255] Tuna fish can
stack4_scene0011,master_chef_can,tomato_soup_can,True,tomato_soup_can,tomato_soup_can,master_chef_can,tomato_soup_can|tomato_soup_can|tomato_soup_can,tomato_soup_can,[view_el60_az180] Tomato soup can || [view_el60_az255] Tomato soup can || [view_el60_az195] Tomato soup can
stack4_scene0012,gelatin_box,tomato_soup_can,True,tomato_soup_can,gelatin_box,tomato_soup_can,tomato_soup_can|tomato_soup_can|tomato_soup_can,tomato_soup_can,[view_el30_az240] Tomato soup can || [view_el30_az210] Tomato soup can || [view_el45_az225] Tomato soup can
stack4_scene0014,sponge,sugar_box,True,sugar_box,sponge,sugar_box,sponge|sponge|sponge,sponge,[view_el45_az135] Sponge || [view_el60_az180] Sponge || [view_el75_az105] Sponge
stack4_scene0017,foam_brick,master_chef_can,True,foam_brick,master_chef_can,foam_brick,foam_brick|foam_brick|foam_brick,foam_brick,[view_el60_az195] Foam brick || [view_el60_az180] Foam brick || [view_el45_az225] Foam brick
stack4_scene0018,tomato_soup_can,tuna_fish_can,True,tomato_soup_can,tuna_fish_can,tomato_soup_can,tuna_fish_can|tuna_fish_can|tuna_fish_can,tuna_fish_can,[view_el30_az135] Tuna fish can || [view_el45_az135] Tuna fish can || [view_el30_az195] Tuna fish can
stack5_scene0005,pudding_box,tuna_fish_can,True,tuna_fish_can,tuna_fish_can,pudding_box,tuna_fish_can|tuna_fish_can|tuna_fish_can,tuna_fish_can,[view_el45_az135] Tuna fish can || [view_el30_az135] Tuna fish can || [view_el30_az240] Tuna fish can
stack5_scene0008,tomato_soup_can,tuna_fish_can,True,tomato_soup_can,tomato_soup_can,tuna_fish_can,tuna_fish_can|tuna_fish_can|tuna_fish_can,tuna_fish_can,[view_el30_az195] Tuna fish can || [view_el30_az135] Tuna fish can || [view_el30_az210] Tuna fish can
stack5_scene0011,foam_brick,sponge,True,foam_brick,foam_brick,sponge,foam_brick|foam_brick|foam_brick,foam_brick,[view_el90] Foam brick || [view_el45_az135] Foam brick || [view_el75_az225] Foam brick
stack5_scene0013,foam_brick,sponge,True,foam_brick,foam_brick,sponge,foam_brick|foam_brick|foam_brick,foam_brick,[view_el90] Foam brick || [view_el60_az180] Foam brick || [view_el45_az135] Foam brick
stack5_scene0014,cracker_box,sugar_box,True,sugar_box,cracker_box,sugar_box,sugar_box|NEITHER|sugar_box,sugar_box,[view_el60_az255] Sugar box || [view_el60_az195] Neither || [view_el60_az180] Sugar box
stack5_scene0016,tomato_soup_can,wood_block,True,tomato_soup_can,wood_block,tomato_soup_can,tomato_soup_can|tomato_soup_can|tomato_soup_can,tomato_soup_can,[view_el60_az255] Tomato soup can || [view_el60_az195] Tomato soup can || [view_el60_az180] Tomato soup can
stack5_scene0018,gelatin_box,tomato_soup_can,True,tomato_soup_can,gelatin_box,tomato_soup_can,tomato_soup_can|tomato_soup_can|tomato_soup_can,tomato_soup_can,[view_el30_az135] Tomato soup can || [view_el45_az135] Tomato soup can || [view_el45_az225] Tomato soup can
stack5_scene0019,cracker_box,sugar_box,True,sugar_box,cracker_box,sugar_box,sugar_box|sugar_box|NEITHER,sugar_box,[view_el60_az180] Sugar box || [view_el60_az195] Sugar box || [view_el45_az135] Neither
stack5_scene0020,pudding_box,tuna_fish_can,True,tuna_fish_can,pudding_box,tuna_fish_can,tuna_fish_can|tuna_fish_can|tuna_fish_can,tuna_fish_can,[view_el30_az135] Tuna fish can || [view_el45_az135] Tuna fish can || [view_el45_az225] Tuna fish can
stack5_scene0019,orange,sugar_box,False,,sugar_box,orange,NEITHER|NEITHER|NEITHER,NEITHER,[view_el30_az135] Neither || [view_el45_az135] Neither || [view_el75_az105] NEITHER
stack5_scene0011,tennis_ball,wood_block,False,,wood_block,tennis_ball,NEITHER|NEITHER|tennis_ball,NEITHER,[view_el75_az105] Neither || [view_el90] NEITHER || [view_el75_az225] Tennis ball
stack5_scene0004,apple,large_clamp,False,,large_clamp,apple,NEITHER|NEITHER|NEITHER,NEITHER,[view_el60_az255] NEITHER || [view_el45_az225] Neither || [view_el75_az225] Neither
stack5_scene0004,large_clamp,strawberry,False,,large_clamp,strawberry,NEITHER|NEITHER|NEITHER,NEITHER,[view_el30_az135] NEITHER || [view_el45_az135] Neither || [view_el30_az195] NEITHER
stack5_scene0020,softball,tuna_fish_can,False,,tuna_fish_can,softball,NEITHER|tuna_fish_can|tuna_fish_can,tuna_fish_can,[view_el75_az105] NEITHER || [view_el60_az180] Tuna fish can || [view_el60_az195] Tuna fish can
stack3_scene0019,mug,wood_block,False,,mug,wood_block,NEITHER|NEITHER|NEITHER,NEITHER,[view_el60_az255] Neither || [view_el30_az240] Neither || [view_el75_az225] Neither
stack4_scene0019,medium_clamp,strawberry,False,,medium_clamp,strawberry,NEITHER|NEITHER|NEITHER,NEITHER,[view_el60_az255] NEITHER || [view_el75_az225] NEITHER || [view_el45_az225] NEITHER
stack5_scene0011,sponge,wood_block,False,,wood_block,sponge,NEITHER|NEITHER|sponge,NEITHER,[view_el90] Neither || [view_el45_az135] Neither || [view_el75_az225] Sponge
stack4_scene0010,lemon,master_chef_can,False,,lemon,master_chef_can,NEITHER|master_chef_can|master_chef_can,master_chef_can,[view_el75_az105] Neither || [view_el45_az135] Coffee can || [view_el30_az135] Coffee can
stack5_scene0013,sponge,sugar_box,False,,sugar_box,sponge,sugar_box|sponge|NEITHER,,[view_el90] SUGAR BOX || [view_el60_az180] Sponge || [view_el45_az135] Neither
stack5_scene0019,bowl,cracker_box,False,,bowl,cracker_box,NEITHER|cracker_box|cracker_box,cracker_box,[view_el75_az105] Neither || [view_el75_az225] Cracker box || [view_el45_az135] Cracker box
stack5_scene0006,extra_large_clamp,tennis_ball,False,,extra_large_clamp,tennis_ball,tennis_ball|NEITHER|NEITHER,NEITHER,[view_el90] Tennis ball || [view_el60_az255] Neither || [view_el75_az105] Neither
stack5_scene0012,gelatin_box,phillips_screwdriver,False,,phillips_screwdriver,gelatin_box,NEITHER|NEITHER|NEITHER,NEITHER,[view_el60_az180] Neither || [view_el60_az195] Neither || [view_el45_az225] NEITHER
stack4_scene0013,cracker_box,cups,False,,cracker_box,cups,NEITHER|NEITHER|NEITHER,NEITHER,[view_el75_az105] Neither || [view_el45_az135] Neither || [view_el90] Neither
stack5_scene0018,cups,tomato_soup_can,False,,cups,tomato_soup_can,tomato_soup_can|NEITHER|NEITHER,NEITHER,[view_el60_az255] Tomato soup can || [view_el75_az225] Neither || [view_el75_az105] Neither
stack5_scene0018,cups,rubiks_cube,False,,rubiks_cube,cups,NEITHER|NEITHER|NEITHER,NEITHER,[view_el60_az255] NEITHER || [view_el75_az225] Neither || [view_el30_az240] Neither
stack4_scene0006,cups,gelatin_box,False,,cups,gelatin_box,gelatin_box|cups|gelatin_box,gelatin_box,[view_el30_az210] Gelatin box || [view_el30_az135] Cup || [view_el30_az195] Gelatin box
stack4_scene0019,medium_clamp,wood_block,False,,wood_block,medium_clamp,medium_clamp|NEITHER|NEITHER,NEITHER,[view_el60_az255] Medium clamp || [view_el75_az105] Neither || [view_el90] NEITHER
stack4_scene0004,rubiks_cube,wood_block,False,,wood_block,rubiks_cube,NEITHER|rubiks_cube|NEITHER,NEITHER,[view_el30_az135] Neither || [view_el45_az135] Rubik's cube || [view_el60_az180] NEITHER
stack5_scene0018,golf_ball,tomato_soup_can,False,,tomato_soup_can,golf_ball,tomato_soup_can|tomato_soup_can|tomato_soup_can,tomato_soup_can,[view_el30_az135] Tomato soup can || [view_el45_az135] Tomato soup can || [view_el75_az105] Tomato soup can
stack4_scene0007,sponge,tomato_soup_can,False,,tomato_soup_can,sponge,NEITHER|NEITHER|NEITHER,NEITHER,[view_el45_az225] Neither || [view_el30_az210] Neither || [view_el30_az195] Neither
stack5_scene0019,bowl,orange,False,,bowl,orange,NEITHER|NEITHER|NEITHER,NEITHER,[view_el30_az135] Neither || [view_el45_az135] Neither || [view_el75_az105] Neither
stack5_scene0012,gelatin_box,plum,False,,gelatin_box,plum,NEITHER|NEITHER|NEITHER,NEITHER,[view_el75_az105] NEITHER || [view_el90] NEITHER || [view_el45_az135] NEITHER
stack5_scene0006,sugar_box,tennis_ball,False,,tennis_ball,sugar_box,tennis_ball|tennis_ball|sugar_box,tennis_ball,[view_el90] Tennis ball || [view_el60_az255] Tennis ball || [view_el75_az105] SUGAR BOX
stack5_scene0001,cracker_box,flat_screwdriver,False,,cracker_box,flat_screwdriver,NEITHER|NEITHER|NEITHER,NEITHER,[view_el90] Neither || [view_el60_az255] Neither || [view_el75_az225] NEITHER
stack4_scene0014,pitcher_base,sugar_box,False,,pitcher_base,sugar_box,sugar_box|sugar_box|sugar_box,sugar_box,[view_el45_az135] SUGAR BOX || [view_el30_az135] SUGAR BOX || [view_el60_az195] SUGAR BOX
stack5_scene0003,peach,sponge,False,,sponge,peach,NEITHER|NEITHER|NEITHER,NEITHER,[view_el60_az255] Neither || [view_el45_az225] Neither || [view_el75_az225] NEITHER
stack5_scene0008,cups,tuna_fish_can,False,,tuna_fish_can,cups,tuna_fish_can|cups|tuna_fish_can,tuna_fish_can,[view_el30_az195] Tuna fish can || [view_el30_az135] Cup || [view_el30_az210] Tuna fish can
stack5_scene0017,master_chef_can,padlock,False,,padlock,master_chef_can,master_chef_can|master_chef_can|NEITHER,master_chef_can,[view_el30_az240] Coffee can || [view_el45_az225] Coffee can || [view_el60_az255] NEITHER
stack5_scene0007,apple,sugar_box,False,,sugar_box,apple,NEITHER|NEITHER|NEITHER,NEITHER,[view_el60_az255] NEITHER || [view_el30_az240] NEITHER || [view_el45_az225] Neither
stack5_scene0002,fork,master_chef_can,False,,master_chef_can,fork,master_chef_can|master_chef_can|master_chef_can,master_chef_can,[view_el45_az225] Coffee can || [view_el30_az240] Coffee can || [view_el60_az195] Coffee can
stack5_scene0016,fork,wood_block,False,,fork,wood_block,fork|fork|wood_block,fork,[view_el60_az180] Fork || [view_el60_az195] Fork || [view_el45_az225] Wooden block
stack5_scene0014,baseball,plum,False,,baseball,plum,NEITHER|NEITHER|NEITHER,NEITHER,[view_el30_az135] NEITHER || [view_el45_az135] NEITHER || [view_el75_az105] NEITHER
stack4_scene0018,cracker_box,tuna_fish_can,False,,cracker_box,tuna_fish_can,tuna_fish_can|tuna_fish_can|tuna_fish_can,tuna_fish_can,[view_el30_az135] Tuna fish can || [view_el45_az135] Tuna fish can || [view_el30_az195] Tuna fish can
stack4_scene0001,cups,wood_block,False,,wood_block,cups,NEITHER|NEITHER|NEITHER,NEITHER,[view_el30_az240] Neither || [view_el45_az225] Neither || [view_el60_az255] Neither
stack4_scene0002,knife,tuna_fish_can,False,,knife,tuna_fish_can,tuna_fish_can|tuna_fish_can|tuna_fish_can,tuna_fish_can,[view_el30_az135] Tuna fish can || [view_el30_az195] Tuna fish can || [view_el45_az135] Tuna fish can
stack5_scene0008,potted_meat_can,tomato_soup_can,False,,potted_meat_can,tomato_soup_can,tomato_soup_can|tomato_soup_can|NEITHER,tomato_soup_can,[view_el45_az225] Tomato soup can || [view_el30_az240] Tomato soup can || [view_el60_az255] Neither
stack4_scene0009,mustard_bottle,pudding_box,False,,pudding_box,mustard_bottle,pudding_box|pudding_box|pudding_box,pudding_box,[view_el30_az135] Pudding box || [view_el45_az135] Pudding box || [view_el30_az240] Pudding box
stack5_scene0018,cups,golf_ball,False,,golf_ball,cups,cups|golf_ball|golf_ball,golf_ball,[view_el45_az135] Cup || [view_el75_az105] Golf ball || [view_el60_az180] Golf ball
stack5_scene0013,padlock,sugar_box,False,,sugar_box,padlock,NEITHER|NEITHER|NEITHER,NEITHER,[view_el45_az135] Neither || [view_el30_az135] NEITHER || [view_el30_az195] Neither
stack3_scene0015,adjustable_wrench,gelatin_box,False,,gelatin_box,adjustable_wrench,gelatin_box|NEITHER|NEITHER,NEITHER,[view_el30_az240] Gelatin box || [view_el45_az225] Neither || [view_el30_az210] Neither
stack5_scene0018,gelatin_box,rubiks_cube,False,,rubiks_cube,gelatin_box,rubiks_cube|rubiks_cube|gelatin_box,rubiks_cube,[view_el45_az135] Rubik's cube || [view_el30_az135] Rubik's cube || [view_el45_az225] Gelatin box
stack5_scene0001,apple,cracker_box,False,,apple,cracker_box,cracker_box|NEITHER|NEITHER,NEITHER,[view_el30_az135] Cracker box || [view_el45_az135] Neither || [view_el75_az105] Neither
stack3_scene0005,foam_brick,racquetball,False,,racquetball,foam_brick,foam_brick|foam_brick|foam_brick,foam_brick,[view_el30_az240] Foam brick || [view_el30_az210] Foam brick || [view_el45_az225] Foam brick
stack5_scene0012,orange,plum,False,,plum,orange,NEITHER|NEITHER|NEITHER,NEITHER,[view_el75_az105] NEITHER || [view_el90] NEITHER || [view_el45_az135] NEITHER
stack3_scene0006,bleach_cleanser,tomato_soup_can,False,,tomato_soup_can,bleach_cleanser,NEITHER|tomato_soup_can|tomato_soup_can,tomato_soup_can,[view_el45_az225] NEITHER || [view_el30_az240] Tomato soup can || [view_el30_az210] Tomato soup can
stack4_scene0004,bleach_cleanser,wood_block,False,,bleach_cleanser,wood_block,bleach_cleanser|bleach_cleanser|NEITHER,bleach_cleanser,[view_el30_az135] Bleach bottle || [view_el45_az135] Bleach bottle || [view_el60_az195] Neither
stack5_scene0002,bleach_cleanser,master_chef_can,False,,master_chef_can,bleach_cleanser,NEITHER|NEITHER|NEITHER,NEITHER,[view_el45_az225] NEITHER || [view_el60_az255] NEITHER || [view_el45_az135] Neither
stack5_scene0009,knife,potted_meat_can,False,,knife,potted_meat_can,NEITHER|NEITHER|NEITHER,NEITHER,[view_el90] Neither || [view_el75_az105] Neither || [view_el60_az255] Neither
stack4_scene0010,lemon,tuna_fish_can,False,,lemon,tuna_fish_can,tuna_fish_can|NEITHER|tuna_fish_can,tuna_fish_can,[view_el75_az105] Tuna fish can || [view_el90] Neither || [view_el45_az135] Tuna fish can
stack4_scene0005,fork,sponge,False,,sponge,fork,NEITHER|NEITHER|NEITHER,NEITHER,[view_el60_az255] Neither || [view_el45_az225] Neither || [view_el75_az225] Neither
stack4_scene0012,spoon,tomato_soup_can,False,,spoon,tomato_soup_can,NEITHER|NEITHER|NEITHER,NEITHER,[view_el60_az255] Neither || [view_el90] Neither || [view_el75_az225] Neither
stack4_scene0008,cups,master_chef_can,False,,master_chef_can,cups,master_chef_can|master_chef_can|master_chef_can,master_chef_can,[view_el30_az135] Coffee can || [view_el45_az135] Coffee can || [view_el30_az195] Coffee can
stack4_scene0007,lemon,sponge,False,,sponge,lemon,NEITHER|NEITHER|NEITHER,NEITHER,[view_el75_az105] Neither || [view_el45_az135] Neither || [view_el30_az135] Neither
stack3_scene0012,potted_meat_can,sponge,False,,potted_meat_can,sponge,NEITHER|NEITHER|NEITHER,NEITHER,[view_el60_az255] Neither || [view_el45_az225] Neither || [view_el30_az240] Neither
stack5_scene0016,fork,strawberry,False,,strawberry,fork,NEITHER|NEITHER|NEITHER,NEITHER,[view_el30_az240] NEITHER || [view_el45_az225] NEITHER || [view_el30_az210] NEITHER
stack4_scene0018,foam_brick,tuna_fish_can,False,,foam_brick,tuna_fish_can,tuna_fish_can|tuna_fish_can|tuna_fish_can,tuna_fish_can,[view_el30_az135] Tuna fish can || [view_el45_az135] Tuna fish can || [view_el30_az195] Tuna fish can
stack4_scene0019,strawberry,wood_block,False,,strawberry,wood_block,NEITHER|strawberry|NEITHER,NEITHER,[view_el30_az195] Neither || [view_el30_az210] Strawberry || [view_el30_az135] Neither
stack4_scene0011,sponge,tomato_soup_can,False,,tomato_soup_can,sponge,tomato_soup_can|tomato_soup_can|NEITHER,tomato_soup_can,[view_el60_az195] Tomato soup can || [view_el45_az225] Tomato soup can || [view_el60_az180] Neither
stack5_scene0010,pitcher_base,potted_meat_can,False,,pitcher_base,potted_meat_can,NEITHER|potted_meat_can|potted_meat_can,potted_meat_can,[view_el30_az135] Neither || [view_el30_az240] Potted meat can || [view_el45_az135] Potted meat can
