scene,view,objA,objB,is_on,upper,areaA,areaB,file,crop_wh,pred_on,answer
stack3_scene0005,view_el30_az135,foam_brick,gelatin_box,True,foam_brick,8313,4583,stack3_scene0005__foam_brick__gelatin_box.png,"[184, 200]",True,"The image shows a foam brick placed on top of a gelatin box. The foam brick appears to be a lightweight, possibly decorative or functional item, while the gelatin box is a product typically used for food preparation, particularly for desserts or savory dishes that require gelatin as a gelling agent. The relationship between the two items is that of one object being placed on top of another, with the foam brick serving as a decorative or functional element, and the gelatin box being the base or surface on which the foam brick is placed."
stack3_scene0006,view_el30_az240,tomato_soup_can,tuna_fish_can,True,tomato_soup_can,10561,3930,stack3_scene0006__tomato_soup_can__tuna_fish_can.png,"[156, 239]",True,"The image shows two cans of food stacked on top of each other. The can on top appears to be a can of tomato soup, as indicated by the visible label with a red background and what looks like a tomato image. The can on the bottom is a can of tuna fish, as indicated by the label with a blue background and the word ""Tuna"" visible. The cans are placed in a way that suggests they are part of a meal or a food storage arrangement, possibly indicating that the tuna fish is being used as a protein source to complement the tomato soup."
stack3_scene0011,view_el30_az135,tomato_soup_can,tuna_fish_can,True,tomato_soup_can,10613,3964,stack3_scene0011__tomato_soup_can__tuna_fish_can.png,"[156, 239]",True,"The image shows two cans of food stacked on top of each other. The top can is a can of ""Campbells Tomato Soup,"" and the bottom can is a can of ""Dunkin' Tuna Fish."" These cans are likely placed together for a meal or snack that combines the flavors of tomato soup and tuna fish. The combination of these two items is a common one in many households, as they can be used to create a quick and easy meal, often served with crackers or bread. The cans are placed in a way that suggests they are ready to be opened and consumed."
stack3_scene0013,view_el60_az180,foam_brick,sponge,True,foam_brick,6952,4121,stack3_scene0013__foam_brick__sponge.png,"[183, 161]",True,"The image shows a foam brick placed on top of a sponge. The foam brick appears to be a lightweight, possibly educational or decorative item, while the sponge is a soft, absorbent material. The relationship between the two items is that the sponge is providing a surface for the foam brick to rest on, and it may also be used to demonstrate the difference in texture and weight between the two objects. The sponge is likely used for cleaning or absorbing liquids, while the foam brick is not typically used for such purposes."
stack3_scene0014,view_el45_az225,master_chef_can,tomato_soup_can,True,tomato_soup_can,19248,16595,stack3_scene0014__master_chef_can__tomato_soup_can.png,"[199, 383]",True,"The image shows two cans of food stacked on top of each other. The can on top appears to be a can of coffee, as indicated by the visible label and the design of the can, which is typical for coffee packaging. The can on the bottom is a can of Master Chef tomato soup, as indicated by the label and the design of the can, which is characteristic of canned soup packaging. The cans are placed in a way that the coffee can is on top of the tomato soup can, suggesting that they are being stored or displayed together."
stack3_scene0015,view_el30_az240,foam_brick,gelatin_box,True,foam_brick,6598,4087,stack3_scene0015__foam_brick__gelatin_box.png,"[182, 187]",True,"The image shows a foam brick placed on top of a gelatin box. The foam brick appears to be a lightweight, possibly decorative or functional item, while the gelatin box is a container typically used for storing gelatin, a common ingredient in desserts and other food products. The relationship between the two items is that of a container and its contents, with the foam brick serving as a decorative or functional item placed on top of the gelatin box. The foam brick may be used to protect the gelatin box from damage or to add a decorative touch to the presentation of the gelatin."
stack3_scene0016,view_el30_az240,tomato_soup_can,tuna_fish_can,True,tomato_soup_can,10512,3912,stack3_scene0016__tomato_soup_can__tuna_fish_can.png,"[155, 238]",False,"The image shows two cans of food. The can on the left appears to be a can of tomato soup, as indicated by the visible label with the word ""Tomato"" and the presence of what looks like a tomato on the label. The can on the right is a can of tuna fish, as indicated by the visible label with the word ""Tuna"" and the presence of what looks like a tuna fish on the label. The cans are placed side by side, suggesting they are part of a meal or a food preparation process where the tomato soup and tuna fish might be used together."
stack3_scene0017,view_el45_az225,master_chef_can,tomato_soup_can,True,tomato_soup_can,18948,16176,stack3_scene0017__master_chef_can__tomato_soup_can.png,"[197, 381]",True,"The image shows two cans of food stacked on top of each other. The can on top appears to be a can of tomato soup, as indicated by the visible label. The can on the bottom is a can of Master Chef coffee, as indicated by the label. The relationship between these two cans is that they are placed one on top of the other, likely for storage or display purposes. The cans are not related in terms of their contents; one contains a liquid food item (tomato soup), while the other contains a beverage (coffee)."
stack3_scene0019,view_el60_az195,foam_brick,wood_block,True,foam_brick,14466,23054,stack3_scene0019__foam_brick__wood_block.png,"[233, 357]",True,"The image shows a foam brick placed on top of a wooden block. The foam brick appears to be a lightweight, possibly educational or decorative item, while the wooden block is a solid, heavier material. The foam brick is likely used for educational purposes, such as teaching children about building structures or for play, as it is much lighter and safer than actual bricks. The wooden block, on the other hand, is a more traditional and sturdy material, often used in construction or as a base for other objects. The relationship between the two items is that of a lightweight item placed on a heavier, more"
stack4_scene0002,view_el30_az135,tomato_soup_can,tuna_fish_can,True,tomato_soup_can,9776,3644,stack4_scene0002__tomato_soup_can__tuna_fish_can.png,"[152, 231]",False,"The image shows two cans of food. The top can is labeled ""Campbell's Tomato Soup,"" indicating that it contains tomato soup. The bottom can is labeled ""StarKist Tuna Fish,"" which suggests that it contains tuna fish. These cans are not related in terms of their contents; the tomato soup can contains a liquid soup made from tomatoes, while the tuna fish can contains canned tuna fish. They are two different types of food products, and their contents are distinct from each other."
stack4_scene0003,view_el30_az240,master_chef_can,pudding_box,True,master_chef_can,24094,5731,stack4_scene0003__master_chef_can__pudding_box.png,"[211, 315]",False,"The image shows a can of ""Master Chef"" coffee and a box of ""Master Chef"" pudding. The can and the box are placed next to each other, suggesting that they are related products, likely from the same brand or product line. The presence of both items together might indicate that they are part of a meal or a snack, with the coffee serving as a beverage and the pudding as a dessert or a sweet treat. The branding consistency between the two items suggests they are designed to be enjoyed together or as part of a similar culinary experience."
stack4_scene0006,view_el30_az210,gelatin_box,tomato_soup_can,True,tomato_soup_can,4719,10924,stack4_scene0006__gelatin_box__tomato_soup_can.png,"[182, 242]",True,"The image shows a can of tomato soup placed on top of a box of gelatin. The can appears to be a standard commercial product, likely used for cooking or consumption. The box of gelatin is also a commercial product, typically used in food preparation for its gelling properties. The relationship between the two items is that they are both food products, but they serve different purposes in the culinary world. The tomato soup can is a ready-to-eat food item, while the gelatin box is an ingredient that would be used in recipes to create dishes like desserts, savory dishes, or to"
stack4_scene0007,view_el45_az225,sponge,sugar_box,True,sugar_box,4412,23170,stack4_scene0007__sponge__sugar_box.png,"[209, 337]",True,"The image shows a box of Domino Sugar placed on top of a sponge. The sponge is likely being used to provide a stable surface for the box, preventing it from slipping or falling. The sponge's texture and absorbent properties make it suitable for this purpose, as it can help to grip the box and prevent it from sliding off. The sponge is also providing a visual contrast to the box, making the box stand out more against the background."
stack4_scene0009,view_el30_az135,master_chef_can,pudding_box,True,master_chef_can,25014,6186,stack4_scene0009__master_chef_can__pudding_box.png,"[212, 313]",True,"The image shows a can of ""Master Chef"" coffee and a box of ""Master Chef"" pudding. The can and the box are both branded with the same name, suggesting that they are part of the same product line or brand. The coffee can is placed on top of the pudding box, which is on a flat surface. The arrangement of the items indicates that they are likely meant to be consumed together, perhaps as a coffee break or a dessert pairing. The design of the packaging is consistent, with the same color scheme and branding, which is typical for products from the same manufacturer."
stack4_scene0010,view_el60_az180,master_chef_can,tuna_fish_can,True,tuna_fish_can,11707,12174,stack4_scene0010__master_chef_can__tuna_fish_can.png,"[199, 273]",False,"The image shows a can of coffee and a can of tuna fish. The coffee can is on the left, and the tuna can is on the right. The coffee can is blue with a yellow label, and the tuna can is silver with a blue label. The labels on the cans are not clearly visible, so it's not possible to read the brand names or any other information about the products. The cans appear to be of different sizes, with the coffee can being taller and the tuna can being shorter. The cans are placed side by side, and there is a yellow object, which could"
stack4_scene0011,view_el60_az180,master_chef_can,tomato_soup_can,True,tomato_soup_can,14249,14239,stack4_scene0011__master_chef_can__tomato_soup_can.png,"[190, 337]",True,"The image shows two cans of food stacked on top of each other. The top can appears to be a can of coffee, as indicated by the visible label and the shape of the can, which is typical for coffee cans. The bottom can is a can of tomato soup, as indicated by the label and the shape of the can, which is also characteristic of tomato soup cans. The cans are placed in a way that the coffee can is on top of the tomato soup can, suggesting that they are being stored or displayed together. The relationship between the two cans is that they are both food products"
stack4_scene0012,view_el30_az240,gelatin_box,tomato_soup_can,True,tomato_soup_can,4479,10222,stack4_scene0012__gelatin_box__tomato_soup_can.png,"[183, 242]",True,"The image shows a gelatin box and a can of tomato soup. The gelatin box is placed on top of the tomato soup can. The gelatin box is red with white text and appears to be a standard commercial product packaging. The tomato soup can is silver with red and white text, and it also looks like a typical commercial product can. The arrangement of the items in the image is simple and straightforward, with the gelatin box on top of the tomato soup can. There is no apparent relationship between the two items other than their physical proximity in the image."
stack4_scene0014,view_el45_az135,sponge,sugar_box,True,sugar_box,3815,21205,stack4_scene0014__sponge__sugar_box.png,"[198, 317]",True,"The image shows a box of Domino Sugar with a sponge placed underneath it. The sponge is likely there to provide a stable surface for the box to rest on, preventing it from directly touching the floor or another surface. This could be for cleanliness or to prevent the box from getting dirty or damaged. The sponge also provides a slight elevation, which might be for aesthetic purposes or to make it easier to see the box."
stack4_scene0017,view_el60_az195,foam_brick,master_chef_can,True,foam_brick,10870,13076,stack4_scene0017__foam_brick__master_chef_can.png,"[196, 279]",True,"The image shows a foam brick placed on top of a can of coffee. The foam brick appears to be a toy or a model, as it is not a real brick but rather a representation of one, possibly made of plastic or foam. The coffee can is a real product, likely made of metal and plastic, and it is a container for coffee. The foam brick is placed on the can, suggesting a playful or decorative arrangement, perhaps for a display or a creative setup. The can has a label with the brand ""Master Roast"" and some text that is not fully legible,"
stack4_scene0018,view_el30_az135,tomato_soup_can,tuna_fish_can,True,tomato_soup_can,10293,3829,stack4_scene0018__tomato_soup_can__tuna_fish_can.png,"[154, 236]",False,"The image shows a can of ""Campbell's Tomato Soup"" and a can of ""StarKist Tuna Fish."" These two products are not directly related in terms of their ingredients or preparation. Tomato soup is a liquid food made from tomatoes, often seasoned with herbs and spices, and it is typically served as a warm, comforting meal or snack. Tuna fish, on the other hand, is a canned fish product made from tuna, often served as a protein-rich snack or used as an ingredient in various dishes. The two products are packaged separately and are not used together in the same"
stack5_scene0005,view_el45_az135,pudding_box,tuna_fish_can,True,tuna_fish_can,6662,7781,stack5_scene0005__pudding_box__tuna_fish_can.png,"[208, 197]",True,"The image shows a can of ""DarkKist"" tuna fish placed on top of a box of ""Pudding"" which appears to be a brand of pudding mix. The relationship between the two items is that they are unrelated food products. The can of tuna fish is a source of protein and is typically used in savory dishes, while the pudding mix is a sweet dessert ingredient used to make a creamy, sweet pudding. The juxtaposition of these two items in the image is likely for the purpose of creating a humorous or unexpected visual, as they are not commonly associated with each other in culinary"
stack5_scene0008,view_el30_az195,tomato_soup_can,tuna_fish_can,True,tomato_soup_can,10722,4072,stack5_scene0008__tomato_soup_can__tuna_fish_can.png,"[158, 242]",True,"The image shows two cans of food stacked on top of each other. The can on top appears to be a can of tomato soup, as indicated by the red label with the word ""Tomato"" visible. The can on the bottom is a can of tuna fish, as indicated by the label that reads ""Tuna"" and the presence of an image of a tuna fish. The cans are likely placed in this manner to suggest a combination of these two food items, which is a common pairing in various recipes, such as tuna salad or tuna noodle casserole, where the tuna is"
stack5_scene0011,view_el90,foam_brick,sponge,True,foam_brick,5639,4062,stack5_scene0011__foam_brick__sponge.png,"[183, 147]",True,"The image you've provided appears to show a foam brick with three holes in it, which is likely a type of foam used for insulation or as a building material. The foam brick is placed on top of a sponge, which is a porous material typically made from natural or synthetic fibers. The sponge is likely used for cleaning, absorbing liquids, or as a cushioning material.  The relationship between the foam brick and the sponge is that they are two different materials with distinct properties. The foam brick is rigid and has a specific shape, while the sponge is soft and can be molded to fit various shapes"
stack5_scene0013,view_el90,foam_brick,sponge,True,foam_brick,5578,4109,stack5_scene0013__foam_brick__sponge.png,"[183, 147]",True,"The image you've provided appears to show a foam brick with three holes in it, which is likely a part of a construction or building material. The foam brick is placed on a surface that looks like a sponge, which is a porous material made of soft, porous, and absorbent material, typically made from natural or synthetic fibers.  The relationship between the foam brick and the sponge is that they are two different materials with distinct properties. The foam brick is a rigid, lightweight, and insulating material commonly used in construction for its thermal insulation properties. It is not porous and does not absorb water"
stack5_scene0014,view_el60_az255,cracker_box,sugar_box,True,sugar_box,28721,30292,stack5_scene0014__cracker_box__sugar_box.png,"[238, 491]",True,"The image shows a stack of three boxes. The topmost box is labeled ""DOMINO SUGAR,"" indicating that it contains sugar. The middle box is labeled ""CHEEZ-IT,"" which is a brand of cheese crackers. The bottom box is labeled ""OREO,"" which is a brand of cookies. The relationship between these boxes is that they are stacked on top of each other, with the sugar box at the top, the cheese cracker box in the middle, and the Oreo box at the bottom. This arrangement is likely for display purposes, perhaps in a store or at"
stack5_scene0016,view_el60_az255,tomato_soup_can,wood_block,True,tomato_soup_can,21667,22383,stack5_scene0016__tomato_soup_can__wood_block.png,"[212, 415]",True,"The image shows a can of tomato soup placed on top of a wooden block. The can is open, with the lid removed, and it appears to be resting on the block, which is likely used to provide a stable surface for the can. The wooden block is placed on a flat surface, which could be a table or a similar horizontal surface. The relationship between the tomato soup can and the wooden block is that of an object resting on another object, with the block serving as a support to keep the can upright and stable."
stack5_scene0018,view_el30_az135,gelatin_box,tomato_soup_can,True,tomato_soup_can,4383,10272,stack5_scene0018__gelatin_box__tomato_soup_can.png,"[180, 240]",True,"The image shows a can of ""Campbells Tomato Soup"" placed on top of a box of gelatin. The gelatin box is positioned directly below the can, suggesting a relationship between the two products. Gelatin is a common ingredient in many food products, including soups, desserts, and snacks. It is often used as a thickening agent or to add texture to the final product. The placement of the gelatin box under the tomato soup can could imply that the gelatin is used in the preparation of the soup, or it could simply be a coincidental arrangement for the purpose"
stack5_scene0019,view_el60_az180,cracker_box,sugar_box,True,sugar_box,41467,51958,stack5_scene0019__cracker_box__sugar_box.png,"[323, 468]",True,"The image shows two boxes stacked on top of each other. The top box is a box of Domino Sugar, which is a brand of granulated sugar. The bottom box is a box of Cheez-It crackers. The relationship between these two items is that they are both food products, but they are not related in terms of their ingredients or the way they are used in cooking or eating. The Domino Sugar box is a source of sugar, which is a sweetener, while the Cheez-It crackers are a savory snack made from crackers and cheese. They are placed together in the image"
stack5_scene0020,view_el30_az135,pudding_box,tuna_fish_can,True,tuna_fish_can,7582,7045,stack5_scene0020__pudding_box__tuna_fish_can.png,"[214, 191]",True,"The image shows a can of StarKist brand light tuna fish placed on top of a box of pudding. The relationship between the two items is that they are unrelated food products. The can of tuna is a source of protein and is typically used in recipes that require canned fish, such as salads, sandwiches, or as a topping for dishes like pasta or rice. The pudding box, on the other hand, is a dessert item, usually made from sweetened milk or cream, sugar, and flavorings, and is often served chilled. The juxtaposition of these two items in the image is"
stack5_scene0019,view_el30_az135,orange,sugar_box,False,,8980,18302,stack5_scene0019__orange__sugar_box.png,"[342, 523]",True,"The image shows a box of Cheez-It crackers and an orange. The box of Cheez-It crackers is placed on a surface, and the orange is sitting on the floor in front of the box. The box and the orange are separate objects, and there is no direct relationship between them in terms of their physical interaction or connection. They are simply placed next to each other in the image."
stack5_scene0011,view_el75_az105,tennis_ball,wood_block,False,,4896,28138,stack5_scene0011__tennis_ball__wood_block.png,"[640, 287]",False,"The image shows a tennis ball and a wooden block. The tennis ball is on the left side of the image, and the wooden block is on the right side. The tennis ball is yellow and appears to be a standard tennis ball, while the wooden block has a textured surface and is likely used for various purposes, such as a base for a structure or as a tool for a specific task. The two objects are not directly related to each other; they are simply placed next to each other in the image."
stack5_scene0004,view_el60_az255,apple,large_clamp,False,,7709,10133,stack5_scene0004__apple__large_clamp.png,"[608, 302]",True,"The image shows a large clamp with a red apple placed on it. The clamp appears to be holding the apple in place, suggesting a relationship between the two objects where the clamp is acting as a tool to secure or hold the apple. This could be for various reasons, such as displaying the apple, keeping it in place during transportation, or even as part of a demonstration or experiment. The clamp's presence indicates that the apple is being manipulated or presented in a specific way, possibly for a particular purpose or to illustrate a concept."
stack5_scene0004,view_el30_az135,large_clamp,strawberry,False,,3732,3318,stack5_scene0004__large_clamp__strawberry.png,"[355, 280]",False,"The image shows a large clamp, which appears to be a mechanical device, positioned in front of a box of strawberries. The clamp is designed to hold or clamp objects securely, and in this context, it is placed in a way that suggests it might be used to hold or clamp the strawberries. However, the image does not provide any information about the actual relationship between the clamp and the strawberries. It could be a playful or humorous juxtaposition, or it might be part of a demonstration or experiment involving the clamp and the strawberries. The image does not provide enough context to determine the exact relationship or"
stack5_scene0020,view_el75_az105,softball,tuna_fish_can,False,,9578,8749,stack5_scene0020__softball__tuna_fish_can.png,"[360, 306]",False,"The image shows a softball and a can of tuna fish. The softball is a sports ball used in the game of softball, which is similar to baseball but with a larger ball and a shorter pitching distance. The can of tuna fish is a food product, typically used as a source of protein in various dishes. The relationship between the two items is that they are unrelated; the softball is a piece of sports equipment, while the tuna fish can is a food item. They are not connected in any practical or functional sense, and their presence together in the image is likely coincidental."
stack3_scene0019,view_el60_az255,mug,wood_block,False,,13163,21607,stack3_scene0019__mug__wood_block.png,"[434, 336]",True,"The image shows a red mug and a wooden block with holes in it. The mug appears to be placed on the ground, while the wooden block is standing upright. The mug is positioned to the right of the wooden block, and there is a gap between them. The mug and the wooden block are not interacting with each other; they are simply placed next to each other in the image. The wooden block has a series of holes that could be used for various purposes, such as hanging something or creating a pattern. The mug, on the other hand, is a common household item used for holding"
stack4_scene0019,view_el60_az255,medium_clamp,strawberry,False,,2943,2447,stack4_scene0019__medium_clamp__strawberry.png,"[515, 183]",False,"The image shows a 3D model of a medium clamp and a strawberry. The clamp is positioned in the upper right corner of the image, while the strawberry is located in the lower left corner. The clamp appears to be a mechanical device, possibly used for gripping or holding objects, while the strawberry is a natural, organic object. The two objects are unrelated in terms of their function or purpose; the clamp is a tool, and the strawberry is a piece of fruit. The image is a simple representation of two different types of objects, one man-made and one natural, placed in a virtual"
stack5_scene0011,view_el90,sponge,wood_block,False,,4062,25400,stack5_scene0011__sponge__wood_block.png,"[288, 443]",False,"The image shows a sponge and a wooden block. The sponge appears to be in the foreground, and the wooden block is in the background. The sponge is a porous, soft, and absorbent material, typically made from natural or synthetic fibers. The wooden block, on the other hand, is a solid, rigid, and hard material, made from wood. The two objects are unrelated in terms of their properties or functions; they are simply placed next to each other in the image. The sponge is likely used for cleaning or absorbing liquids, while the wooden block could be used for various purposes such"
stack4_scene0010,view_el75_az105,lemon,master_chef_can,False,,3674,6247,stack4_scene0010__lemon__master_chef_can.png,"[329, 216]",True,"The image shows a lemon and a coffee can. The lemon is positioned to the left of the coffee can, and they are both placed on a flat surface. The lemon is a bright yellow color, indicating it is ripe and ready to be used. The coffee can appears to be a standard cylindrical can with a label that is not clearly visible. The can has a lid, suggesting it is sealed and ready for consumption. The lemon and the coffee can are unrelated objects; the lemon is a citrus fruit, while the coffee can is a container for coffee. They are simply placed next to each other"
stack5_scene0013,view_el90,sponge,sugar_box,False,,4109,14304,stack5_scene0013__sponge__sugar_box.png,"[265, 370]",True,"The image shows a sponge and a sugar box. The sponge is placed on the right side of the image, and it appears to be a common kitchen sponge with a greenish hue. On the left side of the image, there is a sugar box that is partially visible. The box has a white background with blue and yellow text, which is typical for sugar packaging. The text is not fully legible, but it seems to be a brand name and possibly some information about the product. The relationship between the sponge and the sugar box is that they are two separate objects placed next to each other"
stack5_scene0019,view_el75_az105,bowl,cracker_box,False,,22878,28785,stack5_scene0019__bowl__cracker_box.png,"[525, 344]",True,"The image shows a red bowl with a box of Domino Sugar on top of it. The box of Domino Sugar is leaning slightly to the left, and the bowl is positioned below it. The cracker box is not visible in the image; it appears to be behind the Domino Sugar box, which is in the foreground. The relationship between the bowl and the cracker box is that they are both objects placed on a flat surface, with the bowl being closer to the viewer and the cracker box being further away. The Domino Sugar box is in the middle, creating a layered effect with the bowl"
stack5_scene0006,view_el90,extra_large_clamp,tennis_ball,False,,13733,4693,stack5_scene0006__extra_large_clamp__tennis_ball.png,"[371, 541]",False,"The image shows an extra large clamp with a black handle and a black clamp head, which is designed to hold or clamp objects. In the background, there is a tennis ball, which is a small, round, yellow ball with a white net pattern. The tennis ball is much smaller in size compared to the clamp, emphasizing the difference in scale between the two objects. The tennis ball is not directly interacting with the clamp; it is simply placed in the background of the image. The relationship between the two objects is that of size comparison, with the tennis ball being much smaller than the clamp."
stack5_scene0012,view_el60_az180,gelatin_box,phillips_screwdriver,False,,6546,6229,stack5_scene0012__gelatin_box__phillips_screwdriver.png,"[230, 458]",False,"The image shows a gelatin box and a Phillips screwdriver. The gelatin box is a product that is typically used in food preparation, while the Phillips screwdriver is a tool used for driving screws. There is no direct relationship between the two items; they are unrelated in terms of their purpose or function. The gelatin box is a consumer product, while the screwdriver is a tool used in various industries such as construction, electronics, and automotive repair."
stack4_scene0013,view_el75_az105,cracker_box,cups,False,,25029,12055,stack4_scene0013__cracker_box__cups.png,"[457, 402]",True,"The image shows a box of Cheez-It crackers with a blue lid on top, and two green cups. The box is positioned above the cups, suggesting that the cups are placed on a surface below the box. The relationship between the cracker box and the cups appears to be that of a container and its contents. The box contains the crackers, and the cups are likely used for holding liquids, possibly to accompany the crackers. The arrangement of the objects suggests a casual setting, perhaps a snack or mealtime scenario."
stack5_scene0018,view_el60_az255,cups,tomato_soup_can,False,,6660,9230,stack5_scene0018__cups__tomato_soup_can.png,"[299, 270]",True,"The image shows a can of tomato soup placed on top of a red box, which appears to be a cardboard box, possibly for the same product. Next to the can, there is a yellow plastic cup with a handle. The cup and the can are not directly related; they are separate objects. The can is a container for liquid food, while the cup is a container for holding liquids, typically used for drinking. The red box is likely used for packaging and storage of the tomato soup can. The yellow cup is not associated with the tomato soup can; it could be used for a different"
stack5_scene0018,view_el60_az255,cups,rubiks_cube,False,,6660,7432,stack5_scene0018__cups__rubiks_cube.png,"[270, 351]",False,"The image you've provided appears to show a Rubik's Cube and a cup, but there is no direct relationship between the two objects. The Rubik's Cube is a 3D puzzle that requires rotation and manipulation of its faces to align the colors on each side. It is a popular toy and puzzle that is often used to demonstrate concepts in computer science, such as algorithms and artificial intelligence, due to its complexity and the need for efficient solutions to solve it.  The cup, on the other hand, is a common household item used for holding liquids. It is not related to the Rub"
stack4_scene0006,view_el30_az210,cups,gelatin_box,False,,10962,4719,stack4_scene0006__cups__gelatin_box.png,"[409, 182]",True,"The image shows a 3D rendering of a cup and a gelatin box. The cup appears to be a simple, cylindrical container with a flat base, and it is placed on top of the gelatin box. The gelatin box is a rectangular container with a red label, and it seems to be a product packaging, likely for gelatin, given the context. The cup and the gelatin box are not directly related in terms of their function or purpose; they are simply depicted in the same 3D space, with the cup placed on top of the box. The relationship between"
stack4_scene0019,view_el60_az255,medium_clamp,wood_block,False,,2943,25894,stack4_scene0019__medium_clamp__wood_block.png,"[442, 333]",True,"The image shows a medium clamp, which appears to be a type of clamp used in woodworking or other crafts, placed on top of a wooden block. The clamp is designed to hold objects securely in place, often used to hold wood in place during gluing, drilling, or other operations. The wooden block serves as a base or support for the clamp, providing a stable surface for the clamp to rest on. The block's purpose is to prevent the clamp from slipping or moving during use, ensuring that the clamp maintains its position on the object it is clamping."
stack4_scene0004,view_el30_az135,rubiks_cube,wood_block,False,,10997,25899,stack4_scene0004__rubiks_cube__wood_block.png,"[269, 547]",True,"In the image, there is a Rubik's Cube placed on top of a wooden block. The wooden block appears to be a simple, flat piece of wood with a smooth surface. The Rubik's Cube is resting on the block, and it seems to be in a solved state, with all the colors aligned. The wooden block is likely being used as a stand or support to keep the cube upright and stable, possibly for display or to prevent it from rolling away. The background is a plain, neutral color, which helps to focus attention on the cube and the block."
stack5_scene0018,view_el30_az135,golf_ball,tomato_soup_can,False,,2689,10272,stack5_scene0018__golf_ball__tomato_soup_can.png,"[199, 307]",True,"The image shows a can of ""Campbells Tomato Soup"" placed on top of a box of the same product. In the foreground, there is a golf ball. The golf ball is not directly related to the tomato soup can or the box; they are simply objects in the same space. The golf ball is placed in the lower left corner of the image, while the tomato soup can and box are in the upper right corner. The objects are unrelated to each other; the golf ball is a sports item, and the tomato soup can is a food product."
stack4_scene0007,view_el45_az225,sponge,tomato_soup_can,False,,4412,8833,stack4_scene0007__sponge__tomato_soup_can.png,"[381, 310]",True,"The image shows a box of Domino Sugar and a can of tomato soup. The box of Domino Sugar is standing upright on a sponge, which is placed on the ground. The can of tomato soup is positioned in the air, slightly above the box of Domino Sugar. The sponge is acting as a support for the box, while the tomato soup can is not in contact with the sponge or the ground. The arrangement suggests a casual or random placement of the items, with no apparent direct relationship between the sponge and the tomato soup can."
stack5_scene0019,view_el30_az135,bowl,orange,False,,11060,8980,stack5_scene0019__bowl__orange.png,"[211, 316]",True,"The image shows a red bowl and an orange. The bowl is positioned above the orange, suggesting that the bowl is either being used to hold the orange or is simply placed there for a moment. The orange is on a flat surface, and the bowl is resting on top of it, indicating that the bowl is not currently in use for holding the orange. The bowl and the orange are separate objects, and there is no direct interaction between them visible in this image."
stack5_scene0012,view_el75_az105,gelatin_box,plum,False,,6386,3289,stack5_scene0012__gelatin_box__plum.png,"[336, 234]",False,"The image shows a gelatin box and a plum, which are unrelated objects. The gelatin box is a product used for making desserts or snacks, while the plum is a type of fruit. They are not related in any practical or functional sense; they are simply two different items placed in the same image. The gelatin box is typically used in the food industry, while the plum is a natural, organic object."
stack5_scene0006,view_el90,sugar_box,tennis_ball,False,,6058,4693,stack5_scene0006__sugar_box__tennis_ball.png,"[192, 290]",False,"The image shows a tennis ball and a sugar box. The tennis ball is in the upper part of the image, appearing to be in mid-air or floating. The sugar box is located below the tennis ball, on the lower part of the image. The relationship between the two objects is that they are unrelated and do not have any direct connection. The tennis ball is a sports item, while the sugar box is a container for storing sugar. The image seems to be a composite or a digitally created scene, as it is unusual to see a tennis ball and a sugar box together in this manner."
stack5_scene0001,view_el90,cracker_box,flat_screwdriver,False,,25396,4914,stack5_scene0001__cracker_box__flat_screwdriver.png,"[318, 482]",False,"The image shows a cracker box with a blue label on it and a flat screwdriver in the air. The cracker box is positioned on the bottom right, while the screwdriver is on the top left. The screwdriver appears to be flying or floating above the cracker box, suggesting a playful or whimsical relationship between the two objects. The image is likely meant to be humorous or surreal, as it's unusual to see a cracker box and a screwdriver in such close proximity or with the screwdriver seemingly defying gravity."
stack4_scene0014,view_el45_az135,pitcher_base,sugar_box,False,,55157,21205,stack4_scene0014__pitcher_base__sugar_box.png,"[558, 379]",False,"The image shows a blue pitcher base and a box of Domino Sugar. The pitcher base is placed to the right of the sugar box, and they are both on a flat surface. The pitcher base appears to be a separate item from the sugar box, as they are not connected or integrated in any way. The sugar box is a product used for sweetening beverages, while the pitcher base is a container that typically holds water for making drinks. The two items are simply placed next to each other, likely for the purpose of a visual comparison or to show the items in a setting where they might be"
stack5_scene0003,view_el60_az255,peach,sponge,False,,4563,6550,stack5_scene0003__peach__sponge.png,"[224, 298]",False,"The image shows a peach and a sponge. The peach is a type of fruit, while the sponge is a porous, absorbent material typically used for cleaning or as a kitchen tool. They are unrelated in terms of their nature or function. The peach is organic and edible, while the sponge is inorganic and used for practical purposes."
stack5_scene0008,view_el30_az195,cups,tuna_fish_can,False,,6173,4072,stack5_scene0008__cups__tuna_fish_can.png,"[316, 180]",False,"The image shows a 3D rendering of a cylindrical object that appears to be a cup, placed next to a cylindrical object that looks like a can of tuna fish. The cup is positioned to the left of the can, and they are both standing upright on a flat surface. The cup is orange, while the can is blue and white, with text and labels that are typical for a can of tuna. The relationship between the two objects is that of a product and its packaging. The cup is a product, and the can is its packaging, designed to hold and protect the product during storage"
stack5_scene0017,view_el30_az240,master_chef_can,padlock,False,,19514,4677,stack5_scene0017__master_chef_can__padlock.png,"[304, 375]",True,"In the image, there is a can of ""Master Chef"" coffee and a padlock. The can is placed on the left side of the image, and the padlock is on the right side. The padlock is not directly related to the coffee can; they are two separate objects. The padlock is typically used for securing doors or containers, while the coffee can is a product used for making coffee. The image does not depict any interaction between the two objects; they are simply placed next to each other in a virtual environment."
stack5_scene0007,view_el60_az255,apple,sugar_box,False,,7304,17503,stack5_scene0007__apple__sugar_box.png,"[516, 290]",False,"The image you've provided appears to be a 3D rendering or a digital illustration rather than a photograph of real objects. In this image, there is a red apple and a box labeled ""Domino Sugar."" The apple is positioned to the right of the sugar box, and they are both floating in a white space. The apple is facing the viewer, while the sugar box is facing away, with its label visible. The relationship between the apple and the sugar box is that they are depicted as separate objects in a digital composition, likely for the purpose of a visual representation or a game."
stack5_scene0002,view_el45_az225,fork,master_chef_can,False,,5376,19532,stack5_scene0002__fork__master_chef_can.png,"[299, 511]",False,"In the image, there is a fork and a coffee can. The fork is positioned in the foreground, appearing to be in the viewer's space, while the coffee can is in the background, slightly out of focus. The fork is facing towards the viewer, and the coffee can is facing away from the viewer. The fork and the coffee can are not directly interacting with each other; they are simply placed in the same virtual space, which could be a 3D model or a virtual environment. The relationship between the two objects is that of a typical kitchen or dining setting, where a fork"
stack5_scene0016,view_el60_az180,fork,wood_block,False,,4977,21502,stack5_scene0016__fork__wood_block.png,"[200, 617]",False,"The image shows a fork and a wooden block. The fork is positioned in front of the block, with its prongs facing towards the viewer. The wooden block appears to be a simple, rectangular piece of wood, likely used for a variety of purposes such as a base, a support, or a decorative element. The fork and the block are not interacting with each other; they are just placed in the same space, with the fork being the main focus of the image. The background is plain and does not provide any additional context or information about the relationship between the fork and the block."
stack5_scene0014,view_el30_az135,baseball,plum,False,,4833,4288,stack5_scene0014__baseball__plum.png,"[293, 243]",False,"The image you've provided appears to be a 3D rendering or a digital illustration rather than a photograph of a real scene. It shows a baseball and a plum, which are two unrelated objects. The baseball is a sports ball used in the game of baseball, while the plum is a type of fruit. The relationship between these two objects is purely coincidental and is likely a creative or artistic choice to place them together in a digital composition. There is no inherent connection between baseball and plums in the real world; they are simply two different items that happen to be depicted together in this image"
stack4_scene0018,view_el30_az135,cracker_box,tuna_fish_can,False,,25504,3829,stack4_scene0018__cracker_box__tuna_fish_can.png,"[220, 372]",False,"The image shows a box of Cheez-It crackers and a can of Campbell's Tomato Soup. The relationship between these two items is that they are often consumed together as a simple, quick, and satisfying meal or snack. The crackers are a crunchy snack that can be eaten on their own or paired with various spreads or dips, while the tomato soup is a warm, comforting liquid that can be enjoyed with the crackers for added texture and flavor. This combination is a common choice for a light lunch or a convenient meal option, especially for those who enjoy a balance of savory and crunchy textures."
stack4_scene0001,view_el30_az240,cups,wood_block,False,,10468,29322,stack4_scene0001__cups__wood_block.png,"[342, 411]",True,"In the image, there is a wooden block with a blue object on top of it. Below the block, there is a red cup. The relationship between the objects appears to be that the blue object is placed on the wooden block, and the red cup is positioned below the block. The objects are stationary, and there is no indication of any action or movement between them. The arrangement suggests a simple, static display with no implied interaction or connection between the objects beyond their physical proximity."
stack4_scene0002,view_el30_az135,knife,tuna_fish_can,False,,5546,3644,stack4_scene0002__knife__tuna_fish_can.png,"[292, 297]",True,"The image shows a red-handled knife and a can of tuna fish. The knife is placed on the right side of the image, and the can of tuna is on the left. The knife and the can are not directly related; they are simply two separate objects placed next to each other in the image. The knife is a kitchen utensil, typically used for cutting and slicing, while the can of tuna is a food item, a canned fish product. The juxtaposition of these two items in the image is likely coincidental and does not imply any relationship between them beyond their presence in the"
stack5_scene0008,view_el45_az225,potted_meat_can,tomato_soup_can,False,,10362,10749,stack5_scene0008__potted_meat_can__tomato_soup_can.png,"[332, 225]",False,"The image shows two cans of food. The can on the left appears to be a can of potted meat, as indicated by the label and the visible contents. The can on the right is labeled as ""Tomato Soup,"" suggesting that it contains tomato soup. The cans are placed side by side, and they are both cylindrical with labels that provide information about their contents. The potted meat can is taller than the tomato soup can, and both cans have a similar design with a pull tab on the top, which is typical for canned goods to allow for easy opening. The cans are placed"
stack4_scene0009,view_el30_az135,mustard_bottle,pudding_box,False,,22018,6186,stack4_scene0009__mustard_bottle__pudding_box.png,"[430, 316]",False,"In the image, there is a mustard bottle labeled ""FRENCH'S"" and a pudding box labeled ""MISTER COFFEE."" The mustard bottle is positioned in front of the pudding box, with the bottle's spout pointing towards the pudding box. The relationship between the mustard bottle and the pudding box appears to be a playful juxtaposition, as mustard is typically a condiment used with savory dishes, while pudding is a sweet dessert. The image might be suggesting a humorous or unexpected combination of the two items, perhaps implying that the mustard is being used to add a savory element to the"
stack5_scene0018,view_el45_az135,cups,golf_ball,False,,2139,2533,stack5_scene0018__cups__golf_ball.png,"[194, 367]",True,"In the image provided, there is a can of ""Campbells Tomato Soup"" placed on top of a box of ""Campbells Tomato Soup."" The can is open, and a yellow lid is placed on top of it. To the right of the can, there is a golf ball. The golf ball is not directly related to the cans or the lid; it appears to be an unrelated object placed in the same space. The relationship between the cups and the golf ball is that they are all objects in the same image, but they are not connected in any functional or logical sense."
stack5_scene0013,view_el45_az135,padlock,sugar_box,False,,3965,19071,stack5_scene0013__padlock__sugar_box.png,"[465, 441]",False,"The image shows a padlock and a box of Domino sugar. The padlock is a security device used to lock and secure objects, while the Domino sugar box is a container of sugar, a common ingredient used in cooking and baking. The padlock and the sugar box are unrelated in terms of their function or purpose. The padlock is a tool used to secure items, while the sugar box is a consumer product. The relationship between the two is purely coincidental and based on the juxtaposition of two unrelated items in the same image."
stack3_scene0015,view_el30_az240,adjustable_wrench,gelatin_box,False,,6070,4087,stack3_scene0015__adjustable_wrench__gelatin_box.png,"[448, 250]",False,"The image shows an adjustable wrench on the left and a gelatin box on the right. The gelatin box appears to be a product used for food preparation, typically used to dissolve gelatin in water to create a gel-like substance. The adjustable wrench, on the other hand, is a tool used for tightening or loosening nuts and bolts. It is not directly related to the gelatin box; they are two unrelated objects. The gelatin box is a consumer product, while the adjustable wrench is a tool commonly used in workshops or for home maintenance."
stack5_scene0018,view_el45_az135,gelatin_box,rubiks_cube,False,,4224,4514,stack5_scene0018__gelatin_box__rubiks_cube.png,"[341, 260]",False,"In the image provided, there is no direct relationship between the gelatin box and the Rubik's Cube. They are two separate objects placed in a virtual environment. The gelatin box is a representation of a food product, specifically a box of gelatin, which is a common ingredient used in various food products such as desserts, marshmallows, and some types of candy. The Rubik's Cube, on the other hand, is a three-dimensional puzzle toy that is often used to demonstrate concepts of geometry, spatial awareness, and problem-solving. The two objects are unrelated in terms of their"
stack5_scene0001,view_el30_az135,apple,cracker_box,False,,8234,48721,stack5_scene0001__apple__cracker_box.png,"[477, 370]",False,"In the image, there is a red apple and a box of ""Cheez-It"" crackers. The apple is on the left side of the image, and the cracker box is on the right. The apple and the cracker box are not directly related in terms of their relationship to each other; they are simply two separate objects placed next to each other in the image. The apple is a type of fruit, while the cracker box is a container of snack crackers. They are not connected in any way other than being depicted in the same visual frame."
stack3_scene0005,view_el30_az240,foam_brick,racquetball,False,,6096,5228,stack3_scene0005__foam_brick__racquetball.png,"[146, 299]",True,"The image shows a foam brick placed on top of a red box, which appears to be a package of some product. Below the box, there is a blue rubber ball. The foam brick and the rubber ball are not directly related to each other; they are simply placed in the same image, likely for illustrative or decorative purposes. The foam brick and the rubber ball are two different objects with different properties and uses. The foam brick is typically used for padding or as a lightweight building material, while the rubber ball is a type of toy or a component used in various applications such as sports equipment"
stack5_scene0012,view_el75_az105,orange,plum,False,,5871,3289,stack5_scene0012__orange__plum.png,"[319, 191]",False,"The image you've provided appears to show two circular objects, one orange and one purple, against a white background. The orange object is on the right, and the purple object is on the left. The relationship between the orange and the purple object is that they are two distinct colors, one warm and one cool, and they are placed next to each other in the image. The orange object is likely a representation of an orange, a citrus fruit, while the purple object could be a representation of a plum, a type of fruit. They are both round in shape, which is a common characteristic"
stack3_scene0006,view_el45_az225,bleach_cleanser,tomato_soup_can,False,,31342,10753,stack3_scene0006__bleach_cleanser__tomato_soup_can.png,"[390, 396]",False,"The image shows a bottle of bleach and a can of tomato soup. These two items are unrelated in terms of their purpose or function. The bleach bottle is typically used for cleaning and disinfecting surfaces, while the tomato soup can is a food item, likely a canned soup made from tomatoes. They are not related in any practical or functional sense; they serve entirely different purposes."
stack4_scene0004,view_el30_az135,bleach_cleanser,wood_block,False,,25898,25899,stack4_scene0004__bleach_cleanser__wood_block.png,"[425, 421]",False,"The image shows a bottle of bleach placed next to a wooden block. The bleach bottle is typically used for cleaning purposes, while the wooden block appears to be a tool or a part of a construction or woodworking project. The relationship between the two items in this context is likely that the bleach is being used to clean the wooden block, perhaps to remove stains or to prepare the surface for a specific task. The presence of the wooden block suggests that some kind of work or repair is being done, and the bleach is being used as part of that process."
stack5_scene0002,view_el45_az225,bleach_cleanser,master_chef_can,False,,20445,19532,stack5_scene0002__bleach_cleanser__master_chef_can.png,"[287, 416]",False,"The image shows a bottle of ""Soft Scrub"" cleaning product and a can of ""Master Chef"" coffee. The relationship between these two items is that they are unrelated products. The Soft Scrub bottle is a cleaning supply, typically used to clean surfaces, while the Master Chef coffee can is a food item, specifically coffee beans. They are placed next to each other, but they serve completely different purposes and are not related in any way."
stack5_scene0009,view_el90,knife,potted_meat_can,False,,4145,7165,stack5_scene0009__knife__potted_meat_can.png,"[210, 434]",True,"The image shows a knife with a red handle and a black blade, which is positioned above a potted meat can. The knife appears to be in a state of motion, as if it is either falling or being thrown towards the can. The potted meat can has a green base and a blue lid, and it is placed on a plain background. The relationship between the knife and the potted meat can could be interpreted as a potential hazard, as the knife's trajectory suggests it might collide with the can, which could lead to damage or spillage of the contents."
stack4_scene0010,view_el75_az105,lemon,tuna_fish_can,False,,3674,12382,stack4_scene0010__lemon__tuna_fish_can.png,"[325, 245]",False,"The image shows a lemon and a can of tuna fish. The lemon is placed to the left of the can, and they are both on a plain background. The lemon is a citrus fruit, known for its acidic juice, which is often used to add flavor to various dishes, including fish. The can of tuna fish is a common food item, often used in recipes that call for canned fish. The relationship between the lemon and the tuna fish can is that they are both ingredients that can be used in cooking, and the lemon is often used to enhance the flavor of fish dishes."
stack4_scene0005,view_el60_az255,fork,sponge,False,,4599,6570,stack4_scene0005__fork__sponge.png,"[292, 362]",True,"The image shows a fork and a sponge. The fork is positioned to the right of the sponge. The sponge appears to be a yellow sponge with a blue cube on top of it. The fork is a simple, red, three-pronged utensil. The relationship between the fork and the sponge is that they are two separate objects placed next to each other on a flat surface. There is no interaction or relationship between the two objects; they are just depicted in the same image."
stack4_scene0012,view_el60_az255,spoon,tomato_soup_can,False,,5141,9777,stack4_scene0012__spoon__tomato_soup_can.png,"[423, 275]",True,"The image shows a spoon and a can of tomato soup. The spoon is positioned to the right of the can, and it appears to be in a state of motion, as if it has been thrown or is about to be thrown. The can is placed on a surface to the left, and it seems to be intact and not in motion. The background is a plain, neutral color, which suggests that the focus is on the spoon and the can. The relationship between the spoon and the can is that they are both objects in a scene, with the spoon being in the foreground and the can"
stack4_scene0008,view_el30_az135,cups,master_chef_can,False,,14186,20330,stack4_scene0008__cups__master_chef_can.png,"[321, 335]",True,"The image shows a blue coffee can with a label that reads ""Coffee"" and a blue cup. The coffee can appears to be a cylindrical container with a lid, and there's a small blue object on top of it, which could be a lid or a cap. The cup is a simple, plain blue container with a handle, suggesting it might be used for drinking coffee or other beverages. The relationship between the two items is that they are both commonly used for holding and consuming coffee, with the coffee can being used for storing and the cup for serving. The presence of the coffee can and"
stack4_scene0007,view_el75_az105,lemon,sponge,False,,3786,3542,stack4_scene0007__lemon__sponge.png,"[374, 254]",False,"The image shows a lemon and a sponge. The lemon is on the left side of the image, and the sponge is on the right. The lemon appears to be a real, fresh fruit, while the sponge is a synthetic, absorbent material. The sponge is typically used for cleaning and is often used with cleaning solutions or water. The lemon is a citrus fruit known for its acidic juice, which is often used for its cleaning and disinfecting properties. The two items are unrelated in terms of their natural occurrence or function; the lemon is a natural food item, while the sponge is a"
stack3_scene0012,view_el60_az255,potted_meat_can,sponge,False,,9531,10726,stack3_scene0012__potted_meat_can__sponge.png,"[279, 338]",False,"The image shows a potted meat can and a sponge. The potted meat can appears to be a container for canned meat, possibly a type of processed meat product. The sponge is placed next to the can, and they are both on a plain background. The sponge is typically used for cleaning and absorbing liquids, while the potted meat can is a food product. There is no direct relationship between the two items; they are simply placed next to each other in the image."
stack5_scene0016,view_el30_az240,fork,strawberry,False,,3845,3335,stack5_scene0016__fork__strawberry.png,"[453, 172]",False,"The image shows a fork and a strawberry. The fork is positioned to the left of the strawberry, and they are both on a flat surface. The fork appears to be a simple, three-pronged utensil, and the strawberry is a red, round fruit with a textured surface, likely indicating its freshness. The fork and strawberry are not interacting with each other; they are just placed next to each other. The image is a simple, still-life composition with no implied action or movement."
stack4_scene0018,view_el30_az135,foam_brick,tuna_fish_can,False,,11071,3829,stack4_scene0018__foam_brick__tuna_fish_can.png,"[240, 243]",True,"The image shows a foam brick and a can of tuna fish. The foam brick is a type of building material that is lightweight, durable, and often used for its insulating properties. It is placed on the left side of the image, and it appears to be a standard size for construction purposes.  On the right side of the image, there is a can of tuna fish. The can is labeled ""Darkist,"" which is a brand of canned tuna. The can is a common consumer product used for food, particularly in the preparation of various dishes that require tuna as an ingredient.  The relationship"
stack4_scene0019,view_el30_az195,strawberry,wood_block,False,,3222,37044,stack4_scene0019__strawberry__wood_block.png,"[216, 419]",True,"The image shows a wooden block with a blue cube on top of it, placed on a flat surface. To the right of the wooden block, there is a red strawberry. The relationship between the strawberry and the wooden block is that they are two separate objects placed next to each other in the image. The wooden block is a solid, three-dimensional object, while the strawberry is a soft, organic, and edible fruit. They are not related in any functional or structural sense; they are simply depicted in the same image for visual comparison or artistic purposes."
stack4_scene0011,view_el60_az195,sponge,tomato_soup_can,False,,11934,14165,stack4_scene0011__sponge__tomato_soup_can.png,"[244, 520]",True,"The image shows a can of tomato soup placed on top of another can, which is a blue can with a label that is not fully visible. Below the cans, there is a yellow sponge. The relationship between the sponge and the tomato soup can is that the sponge is placed on the ground, and the tomato soup can is placed on top of the blue can, which is also on the ground. The sponge is not in direct contact with the tomato soup can; it is separated by the blue can. The arrangement suggests that the items are placed in a way that the sponge is not touching the"
stack5_scene0010,view_el30_az135,pitcher_base,potted_meat_can,False,,27040,10296,stack5_scene0010__pitcher_base__potted_meat_can.png,"[349, 389]",True,"The image shows a blue pitcher base and a can of SPAM. The pitcher base is a decorative item that is typically used to hold a pitcher or a vase. It is placed on a flat surface, which appears to be a table or a similar flat surface. The can of SPAM is a product that contains canned precooked meat, which is a popular convenience food. The SPAM can is placed next to the pitcher base, suggesting that they are both items that might be found in a kitchen or a dining area. The relationship between the two items is that they are both objects that can"
