scene,objA,objB,is_on,upper,views,n_view,n_on,pred_on,answer
stack3_scene0005,foam_brick,gelatin_box,True,foam_brick,"['view_el30_az135', 'view_el30_az210', 'view_el30_az195']",3,3,True,[view_el30_az135] The foam brick is on top of the gelatin box. || [view_el30_az210] The foam brick is on top of the gelatin box. || [view_el30_az195] The foam brick is on top of the gelatin box.
stack3_scene0006,tomato_soup_can,tuna_fish_can,True,tomato_soup_can,"['view_el30_az240', 'view_el30_az210', 'view_el30_az195']",3,3,True,[view_el30_az240] The image shows a can of tomato soup on top of a can of tuna fish. The can of tomato soup is the one on top. || [view_el30_az210] The image shows a can of tomato soup on top of a can of tuna fish. The can of tomato soup is the one on top. || [view_el30_az195] The image shows a can of tomato soup on top of a can of tuna fish. The can of tomato soup is the one on top.
stack3_scene0011,tomato_soup_can,tuna_fish_can,True,tomato_soup_can,"['view_el30_az135', 'view_el45_az135', 'view_el30_az195']",3,3,True,[view_el30_az135] The tomato soup can is on top of the tuna fish can. || [view_el45_az135] The tomato soup can is on top of the tuna fish can. || [view_el30_az195] The image shows a can of tomato soup on top of a can of tuna fish. The can of tomato soup is the one on top.
stack3_scene0013,foam_brick,sponge,True,foam_brick,"['view_el60_az180', 'view_el90', 'view_el60_az195']",3,3,True,[view_el60_az180] The foam brick is on top of the sponge. || [view_el90] The image shows a foam brick with three holes on top of a sponge. The foam brick is on top of the sponge. || [view_el60_az195] The foam brick is on top of the sponge.
stack3_scene0014,master_chef_can,tomato_soup_can,True,tomato_soup_can,"['view_el45_az225', 'view_el45_az135', 'view_el30_az210']",3,3,True,[view_el45_az225] The coffee can is on top of the tomato soup can. || [view_el45_az135] The coffee can is on top of the tomato soup can. || [view_el30_az210] The coffee can is on top of the tomato soup can.
stack3_scene0015,foam_brick,gelatin_box,True,foam_brick,"['view_el30_az240', 'view_el45_az225', 'view_el30_az210']",3,3,True,[view_el30_az240] The foam brick is on top of the gelatin box. || [view_el45_az225] The foam brick is on top of the gelatin box. || [view_el30_az210] The foam brick is on top of the gelatin box.
stack3_scene0016,tomato_soup_can,tuna_fish_can,True,tomato_soup_can,"['view_el30_az240', 'view_el30_az210', 'view_el30_az195']",3,3,True,[view_el30_az240] The image shows a can of tomato soup on top of a can of tuna fish. The can of tomato soup is the one that is on top. || [view_el30_az210] The image shows a can of tomato soup on top of a can of tuna fish. The can of tomato soup is the one on top. || [view_el30_az195] The image shows a can of tomato soup on top of a can of tuna fish. The can of tomato soup is the one on top.
stack3_scene0017,master_chef_can,tomato_soup_can,True,tomato_soup_can,"['view_el45_az225', 'view_el45_az135', 'view_el60_az180']",3,3,True,[view_el45_az225] The coffee can is on top of the tomato soup can. || [view_el45_az135] The coffee can is on top of the tomato soup can. || [view_el60_az180] The coffee can is on top of the tomato soup can.
stack3_scene0019,foam_brick,wood_block,True,foam_brick,"['view_el60_az195', 'view_el60_az180', 'view_el45_az225']",3,3,True,"[view_el60_az195] In the image, the foam brick is on top of the wooden block. The foam brick is the object that is positioned above the wooden block. || [view_el60_az180] In the image provided, the foam brick is on top of the wooden block. The foam brick is the upper object, while the wooden block is the lower object. || [view_el45_az225] In the image, the foam brick is on top of the wooden block. The foam brick is the uppermost object, while the wooden block is the one beneath it."
stack4_scene0002,tomato_soup_can,tuna_fish_can,True,tomato_soup_can,"['view_el30_az135', 'view_el30_az240', 'view_el30_az195']",3,3,True,[view_el30_az135] The tomato soup can is on top of the tuna fish can. || [view_el30_az240] The image shows a can of tomato soup on top of a can of tuna fish. The can of tomato soup is the one on top. || [view_el30_az195] The tomato soup can is on top of the tuna fish can.
stack4_scene0003,master_chef_can,pudding_box,True,master_chef_can,"['view_el30_az240', 'view_el30_az135', 'view_el30_az195']",3,3,True,[view_el30_az240] The coffee can is on top of the pudding box. || [view_el30_az135] The coffee can is on top of the pudding box. || [view_el30_az195] The coffee can is on top of the pudding box.
stack4_scene0006,gelatin_box,tomato_soup_can,True,tomato_soup_can,"['view_el30_az210', 'view_el30_az135', 'view_el30_az195']",3,3,True,[view_el30_az210] The gelatin box is on top of the tomato soup can. || [view_el30_az135] The gelatin box is on top of the tomato soup can. || [view_el30_az195] The gelatin box is on top of the tomato soup can.
stack4_scene0007,sponge,sugar_box,True,sugar_box,"['view_el45_az225', 'view_el30_az210', 'view_el30_az195']",3,3,True,"[view_el45_az225] The image shows a sugar box on top of a sponge. The sugar box is the object that is on top of the sponge. || [view_el30_az210] The sponge is on top of the sugar box. || [view_el30_az195] The image is rotated 90 degrees counterclockwise from the typical orientation for reading text. If we were to assume the correct orientation for reading text, the sponge would be on top of the sugar box. However, since the image is rotated, it appears that the sugar box is on top of the sponge."
stack4_scene0009,master_chef_can,pudding_box,True,master_chef_can,"['view_el30_az135', 'view_el45_az135', 'view_el30_az240']",3,3,True,[view_el30_az135] The coffee can is on top of the pudding box. || [view_el45_az135] The coffee can is on top of the pudding box. || [view_el30_az240] The coffee can is on top of the pudding box.
stack4_scene0010,master_chef_can,tuna_fish_can,True,tuna_fish_can,"['view_el60_az180', 'view_el60_az195', 'view_el60_az255']",3,3,True,[view_el60_az180] The image shows a can of coffee on top of a can of tuna fish. The coffee can is the one that is on top. || [view_el60_az195] The image shows a can of coffee on top of a can of tuna fish. The coffee can is the one on top. || [view_el60_az255] The image shows a can of Foster's beer on top of a can of tuna fish. The Foster's beer can is on top of the tuna fish can.
stack4_scene0011,master_chef_can,tomato_soup_can,True,tomato_soup_can,"['view_el60_az180', 'view_el60_az255', 'view_el60_az195']",3,3,True,[view_el60_az180] The coffee can is on top of the tomato soup can. || [view_el60_az255] The coffee can is on top of the tomato soup can. || [view_el60_az195] The coffee can is on top of the tomato soup can.
stack4_scene0012,gelatin_box,tomato_soup_can,True,tomato_soup_can,"['view_el30_az240', 'view_el30_az210', 'view_el45_az225']",3,3,True,[view_el30_az240] The gelatin box is on top of the tomato soup can. || [view_el30_az210] The gelatin box is on top of the tomato soup can. || [view_el45_az225] The gelatin box is on top of the tomato soup can.
stack4_scene0014,sponge,sugar_box,True,sugar_box,"['view_el45_az135', 'view_el60_az180', 'view_el75_az105']",3,3,True,[view_el45_az135] The sugar box is on top of the sponge. || [view_el60_az180] The image shows a sponge on top of a Domino Sugar box. The sponge is the object that is on top of the sugar box. || [view_el75_az105] The image shows a sugar box on top of a sponge. The sugar box is the object that is on top of the sponge.
stack4_scene0017,foam_brick,master_chef_can,True,foam_brick,"['view_el60_az195', 'view_el60_az180', 'view_el45_az225']",3,3,True,"[view_el60_az195] The foam brick is on top of the coffee can. || [view_el60_az180] The foam brick is on top of the coffee can. || [view_el45_az225] In the image, the foam brick is on top of the coffee can. The foam brick is placed directly above the can, which is labeled ""Master Chef."""
stack4_scene0018,tomato_soup_can,tuna_fish_can,True,tomato_soup_can,"['view_el30_az135', 'view_el45_az135', 'view_el30_az195']",3,3,True,[view_el30_az135] The tomato soup can is on top of the tuna fish can. || [view_el45_az135] The tomato soup can is on top of the tuna fish can. || [view_el30_az195] The image shows a can of tomato soup on top of a can of tuna fish. The can of tomato soup is the one on top.
stack5_scene0005,pudding_box,tuna_fish_can,True,tuna_fish_can,"['view_el45_az135', 'view_el30_az135', 'view_el30_az240']",3,3,True,[view_el45_az135] The image shows a can of tuna fish on top of a box of pudding. The can is on top of the pudding box. || [view_el30_az135] The tuna fish can is on top of the pudding box. || [view_el30_az240] The pudding box is on top of the tuna fish can.
stack5_scene0008,tomato_soup_can,tuna_fish_can,True,tomato_soup_can,"['view_el30_az195', 'view_el30_az135', 'view_el30_az210']",3,3,True,[view_el30_az195] The image shows a can of tomato soup on top of a can of tuna fish. The can of tomato soup is the one on top. || [view_el30_az135] The tomato soup can is on top of the tuna fish can. || [view_el30_az210] The image shows a can of tomato soup on top of a can of tuna fish. The can of tomato soup is the one on top.
stack5_scene0011,foam_brick,sponge,True,foam_brick,"['view_el90', 'view_el45_az135', 'view_el75_az225']",3,3,True,"[view_el90] The image shows a foam brick with three holes on top of a sponge. The foam brick is on top of the sponge. || [view_el45_az135] In the image provided, the foam brick is on top of the sponge. The foam brick is the larger, three-dimensional object, and the sponge is the smaller, flat object underneath it. || [view_el75_az225] The foam brick is on top of the sponge."
stack5_scene0013,foam_brick,sponge,True,foam_brick,"['view_el90', 'view_el60_az180', 'view_el45_az135']",3,3,True,"[view_el90] The image shows a foam brick with three holes on top of a sponge. The foam brick is on top of the sponge. || [view_el60_az180] The foam brick is on top of the sponge. || [view_el45_az135] In the image provided, the foam brick is on top of the sponge. The foam brick is the larger, three-dimensional object, and the sponge is the smaller, flat object underneath it."
stack5_scene0014,cracker_box,sugar_box,True,sugar_box,"['view_el60_az255', 'view_el60_az195', 'view_el60_az180']",3,3,True,[view_el60_az255] The cracker box is on top of the sugar box. || [view_el60_az195] The cracker box is on top of the sugar box. || [view_el60_az180] The cracker box is on top of the sugar box.
stack5_scene0016,tomato_soup_can,wood_block,True,tomato_soup_can,"['view_el60_az255', 'view_el60_az195', 'view_el60_az180']",3,3,True,[view_el60_az255] The tomato soup can is on top of the wooden block. || [view_el60_az195] The tomato soup can is on top of the wooden block. || [view_el60_az180] The tomato soup can is on top of the wooden block.
stack5_scene0018,gelatin_box,tomato_soup_can,True,tomato_soup_can,"['view_el30_az135', 'view_el45_az135', 'view_el45_az225']",3,3,True,[view_el30_az135] The tomato soup can is on top of the gelatin box. || [view_el45_az135] The gelatin box is on top of the tomato soup can. || [view_el45_az225] The tomato soup can is on top of the gelatin box.
stack5_scene0019,cracker_box,sugar_box,True,sugar_box,"['view_el60_az180', 'view_el60_az195', 'view_el45_az135']",3,3,True,[view_el60_az180] The cracker box is on top of the sugar box. || [view_el60_az195] The cracker box is on top of the sugar box. || [view_el45_az135] The cracker box is on top of the sugar box.
stack5_scene0020,pudding_box,tuna_fish_can,True,tuna_fish_can,"['view_el30_az135', 'view_el45_az135', 'view_el45_az225']",3,3,True,[view_el30_az135] The tuna fish can is on top of the pudding box. || [view_el45_az135] The image shows a can of tuna fish on top of a box of pudding. The can is on top of the pudding box. || [view_el45_az225] The image shows a can of tuna fish on top of a box of pudding. The can is on top of the pudding box.
stack5_scene0019,orange,sugar_box,False,,"['view_el30_az135', 'view_el45_az135', 'view_el75_az105']",3,3,True,"[view_el30_az135] The orange is on top of the sugar box. || [view_el45_az135] The orange is on top of the sugar box. || [view_el75_az105] In the image, the orange is on top of the sugar box. The orange is positioned above the sugar box, which is lying on its side."
stack5_scene0011,tennis_ball,wood_block,False,,"['view_el75_az105', 'view_el90', 'view_el75_az225']",3,3,True,[view_el75_az105] The tennis ball is on top of the wooden block. || [view_el90] The tennis ball is on top of the wooden block. || [view_el75_az225] The tennis ball is on top of the wooden block.
stack5_scene0004,apple,large_clamp,False,,"['view_el60_az255', 'view_el45_az225', 'view_el75_az225']",3,3,True,[view_el60_az255] The apple is on top of the large clamp. || [view_el45_az225] The apple is on top of the large clamp. || [view_el75_az225] The apple is on top of the large clamp.
stack5_scene0004,large_clamp,strawberry,False,,"['view_el30_az135', 'view_el45_az135', 'view_el30_az195']",3,3,True,"[view_el30_az135] The large clamp is on top of the strawberry. || [view_el45_az135] The large clamp is on top of the strawberry. The clamp is positioned above the strawberry, which is on the ground. || [view_el30_az195] The large clamp is on top of the strawberry."
stack5_scene0020,softball,tuna_fish_can,False,,"['view_el75_az105', 'view_el60_az180', 'view_el60_az195']",3,3,True,[view_el75_az105] The softball is on top of the tuna fish can. || [view_el60_az180] The softball is on top of the tuna fish can. || [view_el60_az195] The softball is on top of the tuna fish can.
stack3_scene0019,mug,wood_block,False,,"['view_el60_az255', 'view_el30_az240', 'view_el75_az225']",3,3,True,[view_el60_az255] The mug is on top of the wooden block. || [view_el30_az240] The mug is on top of the wooden block. || [view_el75_az225] The mug is on top of the wooden block.
stack4_scene0019,medium_clamp,strawberry,False,,"['view_el60_az255', 'view_el75_az225', 'view_el45_az225']",3,3,True,[view_el60_az255] The image shows a 3D model of a medium clamp and a strawberry. The medium clamp is on top of the strawberry. || [view_el75_az225] The image shows a medium clamp and a strawberry. The medium clamp is on top of the strawberry. || [view_el45_az225] The image shows a 3D model of a medium clamp and a strawberry. The medium clamp is on top of the strawberry.
stack5_scene0011,sponge,wood_block,False,,"['view_el90', 'view_el45_az135', 'view_el75_az225']",3,3,True,[view_el90] The image shows a sponge and a wooden block. The sponge is on top of the wooden block. || [view_el45_az135] The sponge is on top of the wooden block. || [view_el75_az225] The sponge is on top of the wooden block.
stack4_scene0010,lemon,master_chef_can,False,,"['view_el75_az105', 'view_el45_az135', 'view_el30_az135']",3,3,True,[view_el75_az105] The lemon is on top of the coffee can. || [view_el45_az135] The lemon is on top of the coffee can. || [view_el30_az135] The lemon is on top of the coffee can.
stack5_scene0013,sponge,sugar_box,False,,"['view_el90', 'view_el60_az180', 'view_el45_az135']",3,2,True,"[view_el90] The image shows a sponge on the bottom and a sugar box on top. The sponge is below the sugar box. || [view_el60_az180] The image shows a sponge on top of a sugar box. The sponge is the object that is on top of the other. || [view_el45_az135] The image shows a box of Domino Sugar on top of a sponge. The sponge is on the bottom, and the sugar box is on top of it."
stack5_scene0019,bowl,cracker_box,False,,"['view_el75_az105', 'view_el75_az225', 'view_el45_az135']",3,3,True,[view_el75_az105] The cracker box is on top of the bowl. || [view_el75_az225] The cracker box is on top of the bowl. || [view_el45_az135] The cracker box is on top of the bowl.
stack5_scene0006,extra_large_clamp,tennis_ball,False,,"['view_el90', 'view_el60_az255', 'view_el75_az105']",3,3,True,[view_el90] The extra large clamp is on top of the tennis ball. || [view_el60_az255] The extra large clamp is on top of the tennis ball. || [view_el75_az105] The extra large clamp is on top of the tennis ball.
stack5_scene0012,gelatin_box,phillips_screwdriver,False,,"['view_el60_az180', 'view_el60_az195', 'view_el45_az225']",3,3,True,[view_el60_az180] The gelatin box is on top of the Phillips screwdriver. || [view_el60_az195] The gelatin box is on top of the Phillips screwdriver. || [view_el45_az225] The gelatin box is on top of the Phillips screwdriver.
stack4_scene0013,cracker_box,cups,False,,"['view_el75_az105', 'view_el45_az135', 'view_el90']",3,3,True,[view_el75_az105] The cracker box is on top of the cup. || [view_el45_az135] The cracker box is on top of the cup. || [view_el90] The cracker box is on top of the cup.
stack5_scene0018,cups,tomato_soup_can,False,,"['view_el60_az255', 'view_el75_az225', 'view_el75_az105']",3,3,True,[view_el60_az255] The cup is on top of the tomato soup can. || [view_el75_az225] The cup is on top of the tomato soup can. || [view_el75_az105] The image shows a yellow cup on top of a red tomato soup can. The cup is on top of the can.
stack5_scene0018,cups,rubiks_cube,False,,"['view_el60_az255', 'view_el75_az225', 'view_el30_az240']",3,3,True,[view_el60_az255] The image shows a Rubik's Cube and a cup. The Rubik's Cube is on top of the cup. || [view_el75_az225] The image shows a Rubik's Cube on top of a cup. The Rubik's Cube is the object that is on top of the cup. || [view_el30_az240] The cup is on top of the Rubik's Cube.
stack4_scene0006,cups,gelatin_box,False,,"['view_el30_az210', 'view_el30_az135', 'view_el30_az195']",3,3,True,[view_el30_az210] The cup is on top of the gelatin box. || [view_el30_az135] The image shows a can of tomato soup on top of a box of gelatin. The can is on top of the box. || [view_el30_az195] The cup is on top of the gelatin box.
stack4_scene0019,medium_clamp,wood_block,False,,"['view_el60_az255', 'view_el75_az105', 'view_el90']",3,3,True,[view_el60_az255] The image shows a medium clamp on top of a wooden block. The clamp is the object that is on top of the block. || [view_el75_az105] The image shows a medium clamp with a red handle on top of a wooden block. The clamp is on top of the block. || [view_el90] The image shows a medium clamp and a wooden block. The medium clamp is on top of the wooden block.
stack4_scene0004,rubiks_cube,wood_block,False,,"['view_el30_az135', 'view_el45_az135', 'view_el60_az180']",3,3,True,"[view_el30_az135] In the image, the Rubik's Cube is on top of the wooden block. The wooden block is positioned below the Rubik's Cube. || [view_el45_az135] In the image provided, the Rubik's Cube is on top of the wooden block. The wooden block is placed on top of the Rubik's Cube. || [view_el60_az180] In the image provided, the Rubik's Cube is on top of the wooden block. The Rubik's Cube is the object that is positioned above the wooden block."
stack5_scene0018,golf_ball,tomato_soup_can,False,,"['view_el30_az135', 'view_el45_az135', 'view_el75_az105']",3,3,True,[view_el30_az135] The golf ball is on top of the tomato soup can. || [view_el45_az135] The golf ball is on top of the tomato soup can. || [view_el75_az105] The golf ball is on top of the tomato soup can.
stack4_scene0007,sponge,tomato_soup_can,False,,"['view_el45_az225', 'view_el30_az210', 'view_el30_az195']",3,3,True,[view_el45_az225] The tomato soup can is on top of the sponge. || [view_el30_az210] The image shows a can of tomato soup on top of a box of Domino Sugar. The can is on top of the box. || [view_el30_az195] The image shows a can of tomato soup on top of a sponge. The can is on top of the sponge.
stack5_scene0019,bowl,orange,False,,"['view_el30_az135', 'view_el45_az135', 'view_el75_az105']",3,3,True,[view_el30_az135] The bowl is on top of the orange. || [view_el45_az135] The orange is on top of the bowl. || [view_el75_az105] The bowl is on top of the orange.
stack5_scene0012,gelatin_box,plum,False,,"['view_el75_az105', 'view_el90', 'view_el45_az135']",3,3,True,[view_el75_az105] The gelatin box is on top of the plum. || [view_el90] The gelatin box is on top of the plum. || [view_el45_az135] The gelatin box is on top of the plum.
stack5_scene0006,sugar_box,tennis_ball,False,,"['view_el90', 'view_el60_az255', 'view_el75_az105']",3,3,True,"[view_el90] The image shows a tennis ball on top of a sugar box. The tennis ball is positioned above the sugar box, indicating that the tennis ball is on top. || [view_el60_az255] The tennis ball is on top of the Domino sugar box. || [view_el75_az105] The image shows a sugar box and a tennis ball. The tennis ball is on top of the sugar box."
stack5_scene0001,cracker_box,flat_screwdriver,False,,"['view_el90', 'view_el60_az255', 'view_el75_az225']",3,3,True,[view_el90] The flat screwdriver is on top of the cracker box. || [view_el60_az255] The cracker box is on top of the flat screwdriver. || [view_el75_az225] The cracker box is on top of the flat screwdriver.
stack4_scene0014,pitcher_base,sugar_box,False,,"['view_el45_az135', 'view_el30_az135', 'view_el60_az195']",3,3,True,[view_el45_az135] The pitcher base is on top of the sugar box. || [view_el30_az135] The pitcher base is on top of the Domino Sugar box. || [view_el60_az195] The pitcher base is on top of the Domino Sugar box.
stack5_scene0003,peach,sponge,False,,"['view_el60_az255', 'view_el45_az225', 'view_el75_az225']",3,3,True,"[view_el60_az255] In the image provided, the peach is on top of the sponge. The peach is the object that appears to be resting or sitting on top of the sponge. || [view_el45_az225] In the image provided, the peach is on top of the sponge. The peach is the spherical object with a yellow and red color gradient, and the sponge is the rectangular object with a blue cube on top of it. || [view_el75_az225] The peach is on top of the sponge."
stack5_scene0008,cups,tuna_fish_can,False,,"['view_el30_az195', 'view_el30_az135', 'view_el30_az210']",3,3,True,"[view_el30_az195] The cup is on top of the tuna fish can. || [view_el30_az135] The image shows a cup and a can of tuna fish. The cup is on top of the can of tuna fish. || [view_el30_az210] The image shows a 3D model of a cup and a can of tuna fish. The cup is on the left side of the image, and the can of tuna fish is on the right side. The can of tuna fish is on top of the cup."
stack5_scene0017,master_chef_can,padlock,False,,"['view_el30_az240', 'view_el45_az225', 'view_el60_az255']",3,3,True,[view_el30_az240] The coffee can is on top of the padlock. || [view_el45_az225] The coffee can is on top of the padlock. || [view_el60_az255] The coffee can is on top of the padlock.
stack5_scene0007,apple,sugar_box,False,,"['view_el60_az255', 'view_el30_az240', 'view_el45_az225']",3,3,True,"[view_el60_az255] In the image provided, the apple is on top of the Domino sugar box. The apple is positioned above the box, indicating that the apple is on top. || [view_el30_az240] The apple is on top of the sugar box. || [view_el45_az225] The apple is on top of the sugar box."
stack5_scene0002,fork,master_chef_can,False,,"['view_el45_az225', 'view_el30_az240', 'view_el60_az195']",3,3,True,[view_el45_az225] The fork is not on top of the coffee can. The fork is positioned below the coffee can. The coffee can is on top of the fork. || [view_el30_az240] The fork is on top of the coffee can. || [view_el60_az195] The fork is on top of the coffee can.
stack5_scene0016,fork,wood_block,False,,"['view_el60_az180', 'view_el60_az195', 'view_el45_az225']",3,3,True,"[view_el60_az180] The fork is not on top of the wooden block. The fork is shown in the foreground, and the wooden block is in the background. The fork appears to be floating in front of the block, suggesting that the image is likely a 3D rendering or a digital manipulation rather than a photograph of a real scene. || [view_el60_az195] The fork is not on top of the wooden block. The fork is floating in the air, and the wooden block is on the ground. The fork is positioned below the block. || [view_el45_az225] The fork is not on top of the wooden block. The fork is lying on the ground, and the wooden block is standing upright."
stack5_scene0014,baseball,plum,False,,"['view_el30_az135', 'view_el45_az135', 'view_el75_az105']",3,3,True,"[view_el30_az135] In the image provided, the baseball is on top of the plum. The baseball is positioned above the plum, indicating that the baseball is on top. || [view_el45_az135] In the image provided, the baseball is on top of the plum. The baseball is positioned above the plum, indicating that the baseball is on top. || [view_el75_az105] In the image provided, the baseball is on top of the plum. The baseball is positioned above the plum, indicating that the baseball is on top."
stack4_scene0018,cracker_box,tuna_fish_can,False,,"['view_el30_az135', 'view_el45_az135', 'view_el30_az195']",3,3,True,[view_el30_az135] The cracker box is on top of the tuna fish can. || [view_el45_az135] The cracker box is on top of the tuna fish can. || [view_el30_az195] The cracker box is on top of the tuna fish can.
stack4_scene0001,cups,wood_block,False,,"['view_el30_az240', 'view_el45_az225', 'view_el60_az255']",3,3,True,[view_el30_az240] The red cup is on top of the wooden block. || [view_el45_az225] The red cup is on top of the wooden block. || [view_el60_az255] The red cup is on top of the wooden block.
stack4_scene0002,knife,tuna_fish_can,False,,"['view_el30_az135', 'view_el30_az195', 'view_el45_az135']",3,3,True,[view_el30_az135] The knife is on top of the tuna fish can. || [view_el30_az195] The knife is on top of the tuna fish can. || [view_el45_az135] The knife is on top of the tuna fish can.
stack5_scene0008,potted_meat_can,tomato_soup_can,False,,"['view_el45_az225', 'view_el30_az240', 'view_el60_az255']",3,3,True,[view_el45_az225] The potted meat can is on top of the tomato soup can. || [view_el30_az240] The potted meat can is on top of the tomato soup can. || [view_el60_az255] The potted meat can is on top of the tomato soup can.
stack4_scene0009,mustard_bottle,pudding_box,False,,"['view_el30_az135', 'view_el45_az135', 'view_el30_az240']",3,3,True,[view_el30_az135] The mustard bottle is on top of the pudding box. || [view_el45_az135] The mustard bottle is on top of the pudding box. || [view_el30_az240] The mustard bottle is on top of the pudding box.
stack5_scene0018,cups,golf_ball,False,,"['view_el45_az135', 'view_el75_az105', 'view_el60_az180']",3,3,True,"[view_el45_az135] The image shows a can of ""Campbells Tomato Soup"" on top of a box of ""Campbells Tomato Soup."" Below the box, there is a golf ball. The spatial relationship between the cup and the golf ball is that the golf ball is on the bottom, and the cup is on top of the box, which is on top of the golf ball. || [view_el75_az105] The image shows a cup and a golf ball. The cup appears to be on top of the golf ball. || [view_el60_az180] The golf ball is on top of the cup."
stack5_scene0013,padlock,sugar_box,False,,"['view_el45_az135', 'view_el30_az135', 'view_el30_az195']",3,3,True,[view_el45_az135] The padlock is on top of the Domino sugar box. || [view_el30_az135] The padlock is on top of the Domino Sugar box. || [view_el30_az195] The padlock is on top of the Domino Sugar box.
stack3_scene0015,adjustable_wrench,gelatin_box,False,,"['view_el30_az240', 'view_el45_az225', 'view_el30_az210']",3,3,True,[view_el30_az240] The adjustable wrench is on top of the gelatin box. || [view_el45_az225] The adjustable wrench is on top of the gelatin box. || [view_el30_az210] The adjustable wrench is on top of the gelatin box.
stack5_scene0018,gelatin_box,rubiks_cube,False,,"['view_el45_az135', 'view_el30_az135', 'view_el45_az225']",3,3,True,[view_el45_az135] The gelatin box is on top of the Rubik's Cube. || [view_el30_az135] The gelatin box is on top of the Rubik's Cube. || [view_el45_az225] The gelatin box is on top of the Rubik's Cube.
stack5_scene0001,apple,cracker_box,False,,"['view_el30_az135', 'view_el45_az135', 'view_el75_az105']",3,3,True,"[view_el30_az135] The apple is on the left side of the image, and the cracker box is on the right side. The apple is not on top of the cracker box. The cracker box is standing upright on a flat surface, and the apple is lying flat on the ground. || [view_el45_az135] The apple is on the left side of the image, and the cracker box is on the right side. The apple is not on top of the cracker box. The cracker box is standing upright, and the apple is lying flat on the surface. || [view_el75_az105] The apple is on top of the cracker box."
stack3_scene0005,foam_brick,racquetball,False,,"['view_el30_az240', 'view_el30_az210', 'view_el45_az225']",3,3,True,"[view_el30_az240] The foam brick is on top of the rubber ball. The foam brick is the object that is positioned above the rubber ball in the image. || [view_el30_az210] The foam brick is on top of the rubber ball. The foam brick is positioned above the rubber ball, with the ball being the base supporting the brick. || [view_el45_az225] The foam brick is on top of the rubber ball. The foam brick is positioned above the rubber ball, with the rubber ball serving as a base or support for the foam brick."
stack5_scene0012,orange,plum,False,,"['view_el75_az105', 'view_el90', 'view_el45_az135']",3,3,True,[view_el75_az105] The orange is on top of the plum. || [view_el90] The orange is on top of the plum. || [view_el45_az135] The orange is on top of the plum.
stack3_scene0006,bleach_cleanser,tomato_soup_can,False,,"['view_el45_az225', 'view_el30_az240', 'view_el30_az210']",3,3,True,[view_el45_az225] The bleach bottle is on top of the tomato soup can. || [view_el30_az240] The bleach bottle is on top of the tomato soup can. || [view_el30_az210] The bleach bottle is on top of the tomato soup can.
stack4_scene0004,bleach_cleanser,wood_block,False,,"['view_el30_az135', 'view_el45_az135', 'view_el60_az195']",3,3,True,[view_el30_az135] The bleach bottle is on top of the wooden block. || [view_el45_az135] The spatial relationship between the bleach bottle and the wooden block is that the wooden block is on top of the bleach bottle. || [view_el60_az195] The spatial relationship between the bleach bottle and the wooden block is that the wooden block is on top of the bleach bottle.
stack5_scene0002,bleach_cleanser,master_chef_can,False,,"['view_el45_az225', 'view_el60_az255', 'view_el45_az135']",3,3,True,[view_el45_az225] The bleach bottle is on top of the coffee can. || [view_el60_az255] The bleach bottle is on top of the coffee can. || [view_el45_az135] The coffee can is on top of the bleach bottle.
stack5_scene0009,knife,potted_meat_can,False,,"['view_el90', 'view_el75_az105', 'view_el60_az255']",3,3,True,[view_el90] The knife is on top of the potted meat can. || [view_el75_az105] The knife is on top of the potted meat can. || [view_el60_az255] The knife is on top of the potted meat can.
stack4_scene0010,lemon,tuna_fish_can,False,,"['view_el75_az105', 'view_el90', 'view_el45_az135']",3,3,True,[view_el75_az105] The lemon is on top of the tuna fish can. || [view_el90] The lemon is on top of the tuna fish can. || [view_el45_az135] The lemon is on top of the tuna fish can.
stack4_scene0005,fork,sponge,False,,"['view_el60_az255', 'view_el45_az225', 'view_el75_az225']",3,3,True,[view_el60_az255] The fork is on top of the sponge. || [view_el45_az225] The fork is on top of the sponge. || [view_el75_az225] The fork is on top of the sponge.
stack4_scene0012,spoon,tomato_soup_can,False,,"['view_el60_az255', 'view_el90', 'view_el75_az225']",3,3,True,[view_el60_az255] The spoon is on top of the tomato soup can. || [view_el90] The image shows a spoon and a can of tomato soup. The spoon is on top of the can. || [view_el75_az225] The spoon is on top of the tomato soup can.
stack4_scene0008,cups,master_chef_can,False,,"['view_el30_az135', 'view_el45_az135', 'view_el30_az195']",3,3,True,[view_el30_az135] The coffee can is on top of the cup. || [view_el45_az135] The coffee can is on top of the cup. || [view_el30_az195] The coffee can is on top of the cup.
stack4_scene0007,lemon,sponge,False,,"['view_el75_az105', 'view_el45_az135', 'view_el30_az135']",3,3,True,[view_el75_az105] The lemon is on top of the sponge. || [view_el45_az135] The lemon is on top of the sponge. || [view_el30_az135] The lemon is on top of the sponge.
stack3_scene0012,potted_meat_can,sponge,False,,"['view_el60_az255', 'view_el45_az225', 'view_el30_az240']",3,3,True,[view_el60_az255] The potted meat can is on top of the sponge. || [view_el45_az225] The potted meat can is on top of the sponge. || [view_el30_az240] The potted meat can is on top of the sponge.
stack5_scene0016,fork,strawberry,False,,"['view_el30_az240', 'view_el45_az225', 'view_el30_az210']",3,3,True,[view_el30_az240] The fork is on top of the strawberry. || [view_el45_az225] The fork is on top of the strawberry. || [view_el30_az210] The fork is on top of the strawberry.
stack4_scene0018,foam_brick,tuna_fish_can,False,,"['view_el30_az135', 'view_el45_az135', 'view_el30_az195']",3,3,True,[view_el30_az135] The foam brick is on top of the tuna fish can. || [view_el45_az135] The foam brick is on top of the tuna fish can. || [view_el30_az195] The foam brick is on top of the tuna fish can.
stack4_scene0019,strawberry,wood_block,False,,"['view_el30_az195', 'view_el30_az210', 'view_el30_az135']",3,3,True,"[view_el30_az195] The strawberry is on the ground, and the wooden block is on top of it. The strawberry is below the wooden block. || [view_el30_az210] The strawberry is on the ground, and the wooden block is on top of it. The strawberry is below the wooden block. || [view_el30_az135] The strawberry is not on top of the wooden block. The wooden block has a blue cube on top of it. The strawberry is on the ground, separate from the wooden block."
stack4_scene0011,sponge,tomato_soup_can,False,,"['view_el60_az195', 'view_el45_az225', 'view_el60_az180']",3,3,True,[view_el60_az195] The sponge is on top of the tomato soup can. || [view_el45_az225] The sponge is on top of the tomato soup can. || [view_el60_az180] The sponge is on top of the tomato soup can.
stack5_scene0010,pitcher_base,potted_meat_can,False,,"['view_el30_az135', 'view_el30_az240', 'view_el45_az135']",3,3,True,[view_el30_az135] The pitcher base is on top of the potted meat can. || [view_el30_az240] The pitcher base is on top of the potted meat can. || [view_el45_az135] The pitcher base is on top of the potted meat can.
