scene,objA,objB,gt_upper,n_view,per_view,n_parsed,n_right,n_wrong,pred_upper,correct
stack3_scene0005,foam_brick,gelatin_box,foam_brick,4,foam_brick|foam_brick|None|foam_brick,3,3,0,foam_brick,True
stack3_scene0006,tomato_soup_can,tuna_fish_can,tomato_soup_can,4,tomato_soup_can|None|tomato_soup_can|None,2,2,0,tomato_soup_can,True
stack3_scene0011,tomato_soup_can,tuna_fish_can,tomato_soup_can,4,None|tomato_soup_can|None|tomato_soup_can,2,2,0,tomato_soup_can,True
stack3_scene0013,foam_brick,sponge,foam_brick,4,sponge|sponge|None|None,2,0,2,sponge,False
stack3_scene0014,master_chef_can,tomato_soup_can,tomato_soup_can,4,tomato_soup_can|tomato_soup_can|None|None,2,2,0,tomato_soup_can,True
stack3_scene0015,foam_brick,gelatin_box,foam_brick,4,foam_brick|None|None|gelatin_box,2,1,1,foam_brick,True
stack3_scene0016,tomato_soup_can,tuna_fish_can,tomato_soup_can,4,None|None|None|None,0,0,0,,
stack3_scene0017,master_chef_can,tomato_soup_can,tomato_soup_can,4,tomato_soup_can|master_chef_can|None|None,2,1,1,tomato_soup_can,True
stack3_scene0019,foam_brick,wood_block,foam_brick,4,None|None|foam_brick|None,1,1,0,foam_brick,True
stack4_scene0002,tomato_soup_can,tuna_fish_can,tomato_soup_can,4,None|tomato_soup_can|tuna_fish_can|None,2,1,1,tomato_soup_can,True
stack4_scene0003,master_chef_can,pudding_box,master_chef_can,4,None|None|None|None,0,0,0,,
stack4_scene0006,gelatin_box,tomato_soup_can,tomato_soup_can,4,tomato_soup_can|None|None|tomato_soup_can,2,2,0,tomato_soup_can,True
stack4_scene0007,sponge,sugar_box,sugar_box,4,None|sugar_box|None|None,1,1,0,sugar_box,True
stack4_scene0009,master_chef_can,pudding_box,master_chef_can,3,None|pudding_box|master_chef_can,2,1,1,pudding_box,False
stack4_scene0010,master_chef_can,tuna_fish_can,tuna_fish_can,4,None|tuna_fish_can|master_chef_can|None,2,1,1,tuna_fish_can,True
stack4_scene0011,master_chef_can,tomato_soup_can,tomato_soup_can,4,None|master_chef_can|None|tomato_soup_can,2,1,1,master_chef_can,False
stack4_scene0012,gelatin_box,tomato_soup_can,tomato_soup_can,4,None|None|None|None,0,0,0,,
stack4_scene0014,sponge,sugar_box,sugar_box,4,sponge|None|None|None,1,0,1,sponge,False
stack4_scene0017,foam_brick,master_chef_can,foam_brick,4,None|master_chef_can|None|foam_brick,2,1,1,master_chef_can,False
stack4_scene0018,tomato_soup_can,tuna_fish_can,tomato_soup_can,4,None|None|None|None,0,0,0,,
stack5_scene0005,pudding_box,tuna_fish_can,tuna_fish_can,4,None|None|None|None,0,0,0,,
stack5_scene0008,tomato_soup_can,tuna_fish_can,tomato_soup_can,4,None|None|tomato_soup_can|tomato_soup_can,2,2,0,tomato_soup_can,True
stack5_scene0011,foam_brick,sponge,foam_brick,3,None|sponge|sponge,2,0,2,sponge,False
stack5_scene0013,foam_brick,sponge,foam_brick,4,sponge|None|sponge|None,2,0,2,sponge,False
stack5_scene0014,cracker_box,sugar_box,sugar_box,4,None|sugar_box|None|None,1,1,0,sugar_box,True
stack5_scene0016,tomato_soup_can,wood_block,tomato_soup_can,4,None|tomato_soup_can|tomato_soup_can|tomato_soup_can,3,3,0,tomato_soup_can,True
stack5_scene0018,gelatin_box,tomato_soup_can,tomato_soup_can,4,gelatin_box|None|None|None,1,0,1,gelatin_box,False
stack5_scene0019,cracker_box,sugar_box,sugar_box,4,None|sugar_box|None|None,1,1,0,sugar_box,True
stack5_scene0020,pudding_box,tuna_fish_can,tuna_fish_can,4,None|None|None|tuna_fish_can,1,1,0,tuna_fish_can,True
