scene,upper,lower,sep,merged,miss,no_gt,flagged
stack3_scene0005,foam_brick,gelatin_box,11,0,1,0,True
stack3_scene0006,tomato_soup_can,tuna_fish_can,11,0,1,0,False
stack3_scene0011,tomato_soup_can,tuna_fish_can,11,0,1,0,False
stack3_scene0013,foam_brick,sponge,10,0,2,0,False
stack3_scene0014,tomato_soup_can,master_chef_can,11,0,1,0,False
stack3_scene0015,foam_brick,gelatin_box,11,0,1,0,False
stack3_scene0016,tomato_soup_can,tuna_fish_can,11,0,1,0,False
stack3_scene0017,tomato_soup_can,master_chef_can,11,0,1,0,False
stack3_scene0019,foam_brick,wood_block,12,0,0,0,False
stack4_scene0002,tomato_soup_can,tuna_fish_can,11,0,1,0,False
stack4_scene0003,master_chef_can,pudding_box,11,0,1,0,False
stack4_scene0006,tomato_soup_can,gelatin_box,11,0,1,0,False
stack4_scene0007,sugar_box,sponge,12,0,0,0,True
stack4_scene0009,master_chef_can,pudding_box,10,0,1,1,False
stack4_scene0010,tuna_fish_can,master_chef_can,9,0,3,0,True
stack4_scene0011,tomato_soup_can,master_chef_can,11,0,1,0,False
stack4_scene0012,tomato_soup_can,gelatin_box,11,0,1,0,False
stack4_scene0014,sugar_box,sponge,9,0,2,1,False
stack4_scene0017,foam_brick,master_chef_can,10,0,2,0,False
stack4_scene0018,tomato_soup_can,tuna_fish_can,9,0,3,0,False
stack5_scene0005,tuna_fish_can,pudding_box,10,0,2,0,False
stack5_scene0008,tomato_soup_can,tuna_fish_can,11,0,1,0,False
stack5_scene0011,foam_brick,sponge,10,0,1,1,False
stack5_scene0013,foam_brick,sponge,10,0,2,0,False
stack5_scene0014,sugar_box,cracker_box,7,0,5,0,False
stack5_scene0016,tomato_soup_can,wood_block,8,0,4,0,False
stack5_scene0018,tomato_soup_can,gelatin_box,11,0,1,0,False
stack5_scene0019,sugar_box,cracker_box,10,0,2,0,False
stack5_scene0020,tuna_fish_can,pudding_box,10,0,2,0,False
