scene,variant,cover,cut,ghost,tp,fn,fp,hull_vox,gt_vox
stack3_scene0001,am1,0.8386,0.1614,0.5086,2400,462,2484,4884,2862
stack3_scene0001,am1+photo,0.8274,0.1726,0.4433,2368,494,1886,4254,2862
stack3_scene0001,am1+mixed,0.5252,0.4748,0.4,1503,1359,1002,2505,2862
stack3_scene0001,am1+photo+mixed,0.4773,0.5227,0.3136,1366,1496,624,1990,2862
stack3_scene0002,am1,0.9109,0.0891,0.2013,5032,492,1268,6300,5524
stack3_scene0002,am1+photo,0.9053,0.0947,0.1407,5001,523,819,5820,5524
stack3_scene0002,am1+mixed,0.2082,0.7918,0.3429,1150,4374,600,1750,5524
stack3_scene0002,am1+photo+mixed,0.1971,0.8029,0.2132,1089,4435,295,1384,5524
stack3_scene0003,am1,0.8877,0.1123,0.1188,4901,620,661,5562,5521
stack3_scene0003,am1+photo,0.8832,0.1168,0.0938,4876,645,505,5381,5521
stack3_scene0003,am1+mixed,0.2682,0.7318,0.139,1481,4040,239,1720,5521
stack3_scene0003,am1+photo+mixed,0.2599,0.7401,0.1037,1435,4086,166,1601,5521
stack3_scene0004,am1,0.8895,0.1105,0.0412,7589,943,326,7915,8532
stack3_scene0004,am1+photo,0.8796,0.1204,0.0351,7505,1027,273,7778,8532
stack3_scene0004,am1+mixed,0.2874,0.7126,0.0369,2452,6080,94,2546,8532
stack3_scene0004,am1+photo+mixed,0.2739,0.7261,0.0339,2337,6195,82,2419,8532
stack3_scene0005,am1,0.8743,0.1257,0.1056,4117,592,486,4603,4709
stack3_scene0005,am1+photo,0.832,0.168,0.0671,3918,791,282,4200,4709
stack3_scene0005,am1+mixed,0.265,0.735,0.0111,1248,3461,14,1262,4709
stack3_scene0005,am1+photo+mixed,0.1969,0.8031,0.0149,927,3782,14,941,4709
stack3_scene0006,am1,0.8886,0.1114,0.0482,12785,1603,647,13432,14388
stack3_scene0006,am1+photo,0.8828,0.1172,0.0405,12702,1686,536,13238,14388
stack3_scene0006,am1+mixed,0.0637,0.9363,0.07,917,13471,69,986,14388
stack3_scene0006,am1+photo+mixed,0.0605,0.9395,0.0685,870,13518,64,934,14388
stack3_scene0007,am1,0.952,0.048,0.1532,20164,1016,3648,23812,21180
stack3_scene0007,am1+photo,0.9412,0.0588,0.1401,19935,1245,3247,23182,21180
stack3_scene0007,am1+mixed,0.4093,0.5907,0.1282,8670,12510,1275,9945,21180
stack3_scene0007,am1+photo+mixed,0.3789,0.6211,0.1189,8026,13154,1083,9109,21180
stack3_scene0008,am1,0.9438,0.0562,0.1685,22216,1322,4503,26719,23538
stack3_scene0008,am1+photo,0.9325,0.0675,0.1466,21949,1589,3770,25719,23538
stack3_scene0008,am1+mixed,0.389,0.611,0.0927,9156,14382,935,10091,23538
stack3_scene0008,am1+photo+mixed,0.35,0.65,0.0721,8238,15300,640,8878,23538
stack3_scene0009,am1,0.882,0.118,0.1206,4530,606,621,5151,5136
stack3_scene0009,am1+photo,0.8705,0.1295,0.0957,4471,665,473,4944,5136
stack3_scene0009,am1+mixed,0.2278,0.7722,0.1528,1170,3966,211,1381,5136
stack3_scene0009,am1+photo+mixed,0.2229,0.7771,0.1131,1145,3991,146,1291,5136
stack3_scene0010,am1,0.9528,0.0472,0.1513,28430,1407,5068,33498,29837
stack3_scene0010,am1+photo,0.9382,0.0618,0.1359,27994,1843,4401,32395,29837
stack3_scene0010,am1+mixed,0.4274,0.5726,0.145,12753,17084,2163,14916,29837
stack3_scene0010,am1+photo+mixed,0.3836,0.6164,0.145,11445,18392,1941,13386,29837
stack3_scene0011,am1,0.8508,0.1492,0.0938,5176,908,536,5712,6084
stack3_scene0011,am1+photo,0.8419,0.1581,0.0724,5122,962,400,5522,6084
stack3_scene0011,am1+mixed,0.1741,0.8259,0.0902,1059,5025,105,1164,6084
stack3_scene0011,am1+photo+mixed,0.1617,0.8383,0.0795,984,5100,85,1069,6084
stack3_scene0012,am1,0.8941,0.1059,0.2125,4659,552,1257,5916,5211
stack3_scene0012,am1+photo,0.8852,0.1148,0.0987,4613,598,505,5118,5211
stack3_scene0012,am1+mixed,0.2696,0.7304,0.3739,1405,3806,839,2244,5211
stack3_scene0012,am1+photo+mixed,0.2573,0.7427,0.1459,1341,3870,229,1570,5211
stack3_scene0013,am1,0.8615,0.1385,0.1941,3613,581,870,4483,4194
stack3_scene0013,am1+photo,0.8324,0.1676,0.1533,3491,703,632,4123,4194
stack3_scene0013,am1+mixed,0.3641,0.6359,0.0834,1527,2667,139,1666,4194
stack3_scene0013,am1+photo+mixed,0.3267,0.6733,0.0768,1370,2824,114,1484,4194
stack3_scene0014,am1,0.9027,0.0973,0.0503,13935,1502,738,14673,15437
stack3_scene0014,am1+photo,0.8933,0.1067,0.0358,13790,1647,512,14302,15437
stack3_scene0014,am1+mixed,0.2931,0.7069,0.0057,4524,10913,26,4550,15437
stack3_scene0014,am1+photo+mixed,0.269,0.731,0.0053,4152,11285,22,4174,15437
stack3_scene0015,am1,0.8858,0.1142,0.1744,3739,482,790,4529,4221
stack3_scene0015,am1+photo,0.8534,0.1466,0.1276,3602,619,527,4129,4221
stack3_scene0015,am1+mixed,0.3068,0.6932,0.0757,1295,2926,106,1401,4221
stack3_scene0015,am1+photo+mixed,0.2476,0.7524,0.0744,1045,3176,84,1129,4221
stack3_scene0016,am1,0.8946,0.1054,0.1661,7563,891,1506,9069,8454
stack3_scene0016,am1+photo,0.8872,0.1128,0.1204,7500,954,1027,8527,8454
stack3_scene0016,am1+mixed,0.0924,0.9076,0.0713,781,7673,60,841,8454
stack3_scene0016,am1+photo+mixed,0.072,0.928,0.0645,609,7845,42,651,8454
stack3_scene0017,am1,0.9025,0.0975,0.0552,13903,1502,813,14716,15405
stack3_scene0017,am1+photo,0.8983,0.1017,0.0435,13838,1567,630,14468,15405
stack3_scene0017,am1+mixed,0.3148,0.6852,0.0232,4850,10555,115,4965,15405
stack3_scene0017,am1+photo+mixed,0.3045,0.6955,0.0176,4691,10714,84,4775,15405
stack3_scene0018,am1,0.9037,0.0963,0.151,7420,791,1320,8740,8211
stack3_scene0018,am1+photo,0.8886,0.1114,0.1205,7296,915,1000,8296,8211
stack3_scene0018,am1+mixed,0.1939,0.8061,0.3317,1592,6619,790,2382,8211
stack3_scene0018,am1+photo+mixed,0.1941,0.8059,0.241,1594,6617,506,2100,8211
stack3_scene0019,am1,0.9411,0.0589,0.2041,17793,1113,4562,22355,18906
stack3_scene0019,am1+photo,0.9184,0.0816,0.1742,17364,1542,3663,21027,18906
stack3_scene0019,am1+mixed,0.4033,0.5967,0.1835,7625,11281,1714,9339,18906
stack3_scene0019,am1+photo+mixed,0.3612,0.6388,0.1443,6829,12077,1152,7981,18906
stack3_scene0020,am1,0.8372,0.1628,0.5643,3024,588,3917,6941,3612
stack3_scene0020,am1+photo,0.8142,0.1858,0.5177,2941,671,3157,6098,3612
stack3_scene0020,am1+mixed,0.3469,0.6531,0.593,1253,2359,1826,3079,3612
stack3_scene0020,am1+photo+mixed,0.2984,0.7016,0.5353,1078,2534,1242,2320,3612
stack4_scene0001,am1,0.9318,0.0682,0.1612,15989,1171,3072,19061,17160
stack4_scene0001,am1+photo,0.9184,0.0816,0.1341,15760,1400,2441,18201,17160
stack4_scene0001,am1+mixed,0.3003,0.6997,0.129,5154,12006,763,5917,17160
stack4_scene0001,am1+photo+mixed,0.2675,0.7325,0.084,4591,12569,421,5012,17160
stack4_scene0002,am1,0.8576,0.1424,0.1016,4945,821,559,5504,5766
stack4_scene0002,am1+photo,0.8467,0.1533,0.0835,4882,884,445,5327,5766
stack4_scene0002,am1+mixed,0.1627,0.8373,0.0813,938,4828,83,1021,5766
stack4_scene0002,am1+photo+mixed,0.1561,0.8439,0.0712,900,4866,69,969,5766
stack4_scene0003,am1,0.9063,0.0937,0.0822,15050,1556,1348,16398,16606
stack4_scene0003,am1+photo,0.9002,0.0998,0.0592,14949,1657,940,15889,16606
stack4_scene0003,am1+mixed,0.3703,0.6297,0.0626,6150,10456,411,6561,16606
stack4_scene0003,am1+photo+mixed,0.3531,0.6469,0.0467,5864,10742,287,6151,16606
stack4_scene0004,am1,0.9219,0.0781,0.306,33623,2849,14826,48449,36472
stack4_scene0004,am1+photo,0.908,0.092,0.2799,33118,3354,12870,45988,36472
stack4_scene0004,am1+mixed,0.3158,0.6842,0.2735,11519,24953,4337,15856,36472
stack4_scene0004,am1+photo+mixed,0.2831,0.7169,0.2075,10325,26147,2704,13029,36472
stack4_scene0005,am1,0.8016,0.1984,0.3719,2182,540,1292,3474,2722
stack4_scene0005,am1+photo,0.7866,0.2134,0.3096,2141,581,960,3101,2722
stack4_scene0005,am1+mixed,0.4533,0.5467,0.3358,1234,1488,624,1858,2722
stack4_scene0005,am1+photo+mixed,0.4273,0.5727,0.2874,1163,1559,469,1632,2722
stack4_scene0006,am1,0.9514,0.0486,0.2846,26973,1379,10728,37701,28352
stack4_scene0006,am1+photo,0.9454,0.0546,0.2542,26804,1548,9134,35938,28352
stack4_scene0006,am1+mixed,0.4553,0.5447,0.2558,12909,15443,4438,17347,28352
stack4_scene0006,am1+photo+mixed,0.4258,0.5742,0.2369,12072,16280,3748,15820,28352
stack4_scene0007,am1,0.8979,0.1021,0.142,10853,1234,1796,12649,12087
stack4_scene0007,am1+photo,0.8752,0.1248,0.1188,10578,1509,1426,12004,12087
stack4_scene0007,am1+mixed,0.074,0.926,0.0448,895,11192,42,937,12087
stack4_scene0007,am1+photo+mixed,0.0403,0.9597,0.0617,487,11600,32,519,12087
stack4_scene0008,am1,0.887,0.113,0.2405,12243,1560,3876,16119,13803
stack4_scene0008,am1+photo,0.8805,0.1195,0.2033,12153,1650,3102,15255,13803
stack4_scene0008,am1+mixed,0.3931,0.6069,0.2998,5426,8377,2323,7749,13803
stack4_scene0008,am1+photo+mixed,0.3641,0.6359,0.2526,5025,8778,1698,6723,13803
stack4_scene0009,am1,0.9142,0.0858,0.0673,18307,1719,1322,19629,20026
stack4_scene0009,am1+photo,0.9039,0.0961,0.0455,18101,1925,862,18963,20026
stack4_scene0009,am1+mixed,0.2839,0.7161,0.0159,5686,14340,92,5778,20026
stack4_scene0009,am1+photo+mixed,0.2504,0.7496,0.0128,5015,15011,65,5080,20026
stack4_scene0010,am1,0.8968,0.1032,0.102,18247,2100,2073,20320,20347
stack4_scene0010,am1+photo,0.8898,0.1102,0.0849,18104,2243,1680,19784,20347
stack4_scene0010,am1+mixed,0.2331,0.7669,0.1098,4742,15605,585,5327,20347
stack4_scene0010,am1+photo+mixed,0.2082,0.7918,0.0999,4236,16111,470,4706,20347
stack4_scene0011,am1,0.9013,0.0987,0.1072,14315,1568,1718,16033,15883
stack4_scene0011,am1+photo,0.8954,0.1046,0.0678,14221,1662,1035,15256,15883
stack4_scene0011,am1+mixed,0.3289,0.6711,0.1351,5224,10659,816,6040,15883
stack4_scene0011,am1+photo+mixed,0.3188,0.6812,0.0488,5063,10820,260,5323,15883
stack4_scene0012,am1,0.8487,0.1513,0.1151,6433,1147,837,7270,7580
stack4_scene0012,am1+photo,0.8402,0.1598,0.0936,6369,1211,658,7027,7580
stack4_scene0012,am1+mixed,0.2108,0.7892,0.1518,1598,5982,286,1884,7580
stack4_scene0012,am1+photo+mixed,0.2051,0.7949,0.1274,1555,6025,227,1782,7580
stack4_scene0013,am1,0.9337,0.0663,0.2155,22274,1582,6118,28392,23856
stack4_scene0013,am1+photo,0.9198,0.0802,0.1993,21942,1914,5462,27404,23856
stack4_scene0013,am1+mixed,0.4209,0.5791,0.1784,10040,13816,2180,12220,23856
stack4_scene0013,am1+photo+mixed,0.3867,0.6133,0.1642,9226,14630,1812,11038,23856
stack4_scene0014,am1,0.9384,0.0616,0.132,31256,2050,4754,36010,33306
stack4_scene0014,am1+photo,0.9294,0.0706,0.1091,30953,2353,3789,34742,33306
stack4_scene0014,am1+mixed,0.5624,0.4376,0.073,18730,14576,1476,20206,33306
stack4_scene0014,am1+photo+mixed,0.5364,0.4636,0.0584,17866,15440,1108,18974,33306
stack4_scene0015,am1,0.9457,0.0543,0.1361,27636,1588,4352,31988,29224
stack4_scene0015,am1+photo,0.9383,0.0617,0.1097,27420,1804,3379,30799,29224
stack4_scene0015,am1+mixed,0.3095,0.6905,0.0401,9044,20180,378,9422,29224
stack4_scene0015,am1+photo+mixed,0.2727,0.7273,0.037,7968,21256,306,8274,29224
stack4_scene0016,am1,0.8756,0.1244,0.1722,8102,1151,1685,9787,9253
stack4_scene0016,am1+photo,0.8519,0.1481,0.1657,7883,1370,1566,9449,9253
stack4_scene0016,am1+mixed,0.2538,0.7462,0.1554,2348,6905,432,2780,9253
stack4_scene0016,am1+photo+mixed,0.2434,0.7566,0.1457,2252,7001,384,2636,9253
stack4_scene0017,am1,0.9488,0.0512,0.3524,30496,1647,16593,47089,32143
stack4_scene0017,am1+photo,0.94,0.06,0.3228,30216,1927,14402,44618,32143
stack4_scene0017,am1+mixed,0.478,0.522,0.3549,15364,16779,8452,23816,32143
stack4_scene0017,am1+photo+mixed,0.4453,0.5547,0.3163,14312,17831,6622,20934,32143
stack4_scene0018,am1,0.9464,0.0536,0.3739,25178,1427,15039,40217,26605
stack4_scene0018,am1+photo,0.9373,0.0627,0.342,24936,1669,12958,37894,26605
stack4_scene0018,am1+mixed,0.3921,0.6079,0.412,10432,16173,7310,17742,26605
stack4_scene0018,am1+photo+mixed,0.3484,0.6516,0.4052,9268,17337,6313,15581,26605
stack4_scene0019,am1,0.9257,0.0743,0.0885,14820,1189,1439,16259,16009
stack4_scene0019,am1+photo,0.9074,0.0926,0.071,14526,1483,1110,15636,16009
stack4_scene0019,am1+mixed,0.291,0.709,0.0251,4659,11350,120,4779,16009
stack4_scene0019,am1+photo+mixed,0.2363,0.7637,0.0151,3783,12226,58,3841,16009
stack4_scene0020,am1,0.8555,0.1445,0.403,4967,839,3353,8320,5806
stack4_scene0020,am1+photo,0.8426,0.1574,0.3713,4892,914,2889,7781,5806
stack4_scene0020,am1+mixed,0.1896,0.8104,0.6879,1101,4705,2427,3528,5806
stack4_scene0020,am1+photo+mixed,0.186,0.814,0.6626,1080,4726,2121,3201,5806
stack5_scene0001,am1,0.9297,0.0703,0.0946,31401,2374,3281,34682,33775
stack5_scene0001,am1+photo,0.9174,0.0826,0.0803,30986,2789,2705,33691,33775
stack5_scene0001,am1+mixed,0.279,0.721,0.0763,9423,24352,778,10201,33775
stack5_scene0001,am1+photo+mixed,0.2431,0.7569,0.0742,8210,25565,658,8868,33775
stack5_scene0002,am1,0.8955,0.1045,0.1389,18861,2201,3043,21904,21062
stack5_scene0002,am1+photo,0.886,0.114,0.114,18661,2401,2401,21062,21062
stack5_scene0002,am1+mixed,0.2159,0.7841,0.0834,4548,16514,414,4962,21062
stack5_scene0002,am1+photo+mixed,0.2081,0.7919,0.0619,4382,16680,289,4671,21062
stack5_scene0003,am1,0.836,0.164,0.1172,9254,1816,1229,10483,11070
stack5_scene0003,am1+photo,0.8234,0.1766,0.0919,9115,1955,922,10037,11070
stack5_scene0003,am1+mixed,0.4165,0.5835,0.0952,4611,6459,485,5096,11070
stack5_scene0003,am1+photo+mixed,0.4016,0.5984,0.0736,4446,6624,353,4799,11070
stack5_scene0004,am1,0.873,0.127,0.1434,9997,1454,1673,11670,11451
stack5_scene0004,am1+photo,0.8566,0.1434,0.126,9809,1642,1414,11223,11451
stack5_scene0004,am1+mixed,0.295,0.705,0.1837,3378,8073,760,4138,11451
stack5_scene0004,am1+photo+mixed,0.2808,0.7192,0.1645,3215,8236,633,3848,11451
stack5_scene0005,am1,0.8456,0.1544,0.3353,7786,1422,3928,11714,9208
stack5_scene0005,am1+photo,0.8299,0.1701,0.2738,7642,1566,2881,10523,9208
stack5_scene0005,am1+mixed,0.1695,0.8305,0.3854,1561,7647,979,2540,9208
stack5_scene0005,am1+photo+mixed,0.1272,0.8728,0.3112,1171,8037,529,1700,9208
stack5_scene0006,am1,0.8575,0.1425,0.4922,10786,1792,10455,21241,12578
stack5_scene0006,am1+photo,0.837,0.163,0.4143,10528,2050,7446,17974,12578
stack5_scene0006,am1+mixed,0.3093,0.6907,0.6515,3891,8687,7273,11164,12578
stack5_scene0006,am1+photo+mixed,0.2893,0.7107,0.5972,3639,8939,5396,9035,12578
stack5_scene0007,am1,0.8878,0.1122,0.2117,10664,1348,2864,13528,12012
stack5_scene0007,am1+photo,0.8516,0.1484,0.1609,10229,1783,1961,12190,12012
stack5_scene0007,am1+mixed,0.3049,0.6951,0.3297,3663,8349,1802,5465,12012
stack5_scene0007,am1+photo+mixed,0.2654,0.7346,0.2741,3188,8824,1204,4392,12012
stack5_scene0008,am1,0.8815,0.1185,0.166,8682,1167,1728,10410,9849
stack5_scene0008,am1+photo,0.8706,0.1294,0.1198,8575,1274,1167,9742,9849
stack5_scene0008,am1+mixed,0.0737,0.9263,0.0787,726,9123,62,788,9849
stack5_scene0008,am1+photo+mixed,0.064,0.936,0.0722,630,9219,49,679,9849
stack5_scene0009,am1,0.9189,0.0811,0.1158,24435,2157,3199,27634,26592
stack5_scene0009,am1+photo,0.8897,0.1103,0.0989,23658,2934,2598,26256,26592
stack5_scene0009,am1+mixed,0.1644,0.8356,0.0289,4373,22219,130,4503,26592
stack5_scene0009,am1+photo+mixed,0.1248,0.8752,0.0267,3319,23273,91,3410,26592
stack5_scene0010,am1,0.9407,0.0593,0.1388,47130,2972,7595,54725,50102
stack5_scene0010,am1+photo,0.9303,0.0697,0.1282,46612,3490,6854,53466,50102
stack5_scene0010,am1+mixed,0.5545,0.4455,0.1029,27784,22318,3186,30970,50102
stack5_scene0010,am1+photo+mixed,0.5318,0.4682,0.1006,26646,23456,2982,29628,50102
stack5_scene0011,am1,0.9369,0.0631,0.1151,18807,1266,2446,21253,20073
stack5_scene0011,am1+photo,0.902,0.098,0.0807,18106,1967,1589,19695,20073
stack5_scene0011,am1+mixed,0.1931,0.8069,0.0322,3876,16197,129,4005,20073
stack5_scene0011,am1+photo+mixed,0.1518,0.8482,0.0262,3047,17026,82,3129,20073
stack5_scene0012,am1,0.7917,0.2083,0.118,4898,1289,655,5553,6187
stack5_scene0012,am1+photo,0.7883,0.2117,0.0865,4877,1310,462,5339,6187
stack5_scene0012,am1+mixed,0.4097,0.5903,0.1011,2535,3652,285,2820,6187
stack5_scene0012,am1+photo+mixed,0.4075,0.5925,0.0853,2521,3666,235,2756,6187
stack5_scene0013,am1,0.9563,0.0437,0.2285,30468,1392,9024,39492,31860
stack5_scene0013,am1+photo,0.9493,0.0507,0.2014,30246,1614,7629,37875,31860
stack5_scene0013,am1+mixed,0.4922,0.5078,0.19,15681,16179,3678,19359,31860
stack5_scene0013,am1+photo+mixed,0.4646,0.5354,0.1823,14801,17059,3299,18100,31860
stack5_scene0014,am1,0.9111,0.0889,0.3286,24013,2343,11753,35766,26356
stack5_scene0014,am1+photo,0.8955,0.1045,0.3101,23602,2754,10607,34209,26356
stack5_scene0014,am1+mixed,0.3892,0.6108,0.3504,10259,16097,5533,15792,26356
stack5_scene0014,am1+photo+mixed,0.3671,0.6329,0.3153,9676,16680,4455,14131,26356
stack5_scene0015,am1,0.9133,0.0867,0.3076,35050,3326,15569,50619,38376
stack5_scene0015,am1+photo,0.9041,0.0959,0.2813,34696,3680,13580,48276,38376
stack5_scene0015,am1+mixed,0.397,0.603,0.281,15236,23140,5956,21192,38376
stack5_scene0015,am1+photo+mixed,0.3708,0.6292,0.2413,14229,24147,4525,18754,38376
stack5_scene0016,am1,0.8989,0.1011,0.0993,22424,2521,2472,24896,24945
stack5_scene0016,am1+photo,0.8771,0.1229,0.095,21880,3065,2297,24177,24945
stack5_scene0016,am1+mixed,0.4465,0.5535,0.102,11138,13807,1265,12403,24945
stack5_scene0016,am1+photo+mixed,0.4235,0.5765,0.0966,10563,14382,1130,11693,24945
stack5_scene0017,am1,0.9175,0.0825,0.2367,17023,1530,5279,22302,18553
stack5_scene0017,am1+photo,0.9057,0.0943,0.1976,16803,1750,4138,20941,18553
stack5_scene0017,am1+mixed,0.3789,0.6211,0.3062,7030,11523,3102,10132,18553
stack5_scene0017,am1+photo+mixed,0.3543,0.6457,0.2806,6574,11979,2564,9138,18553
stack5_scene0018,am1,0.862,0.138,0.2312,7371,1180,2217,9588,8551
stack5_scene0018,am1+photo,0.8553,0.1447,0.1923,7314,1237,1741,9055,8551
stack5_scene0018,am1+mixed,0.129,0.871,0.3916,1103,7448,710,1813,8551
stack5_scene0018,am1+photo+mixed,0.11,0.89,0.3298,941,7610,463,1404,8551
stack5_scene0019,am1,0.8357,0.1643,0.3922,21993,4323,14190,36183,26316
stack5_scene0019,am1+photo,0.7804,0.2196,0.3572,20536,5780,11411,31947,26316
stack5_scene0019,am1+mixed,0.3267,0.6733,0.3163,8597,17719,3977,12574,26316
stack5_scene0019,am1+photo+mixed,0.2452,0.7548,0.2632,6453,19863,2305,8758,26316
stack5_scene0020,am1,0.8587,0.1413,0.2142,11160,1836,3042,14202,12996
stack5_scene0020,am1+photo,0.8423,0.1577,0.1677,10947,2049,2206,13153,12996
stack5_scene0020,am1+mixed,0.4825,0.5175,0.0933,6271,6725,645,6916,12996
stack5_scene0020,am1+photo+mixed,0.4578,0.5422,0.0633,5950,7046,402,6352,12996
