scene,upper,lower,object,correct,leak,unassigned,fragment
stack3_scene0005,foam_brick,gelatin_box,foam_brick,0.9957,0.0043,0.0000,0.0000
stack3_scene0005,foam_brick,gelatin_box,gelatin_box,0.9453,0.0299,0.0249,0.0000
stack3_scene0006,tomato_soup_can,tuna_fish_can,tomato_soup_can,0.6802,0.3198,0.0000,0.0000
stack3_scene0006,tomato_soup_can,tuna_fish_can,tuna_fish_can,0.9735,0.0079,0.0185,0.0000
stack3_scene0011,tomato_soup_can,tuna_fish_can,tomato_soup_can,0.7311,0.2658,0.0031,0.0000
stack3_scene0011,tomato_soup_can,tuna_fish_can,tuna_fish_can,0.9726,0.0110,0.0164,0.0000
stack3_scene0013,foam_brick,sponge,foam_brick,0.9932,0.0045,0.0023,0.0000
stack3_scene0013,foam_brick,sponge,sponge,0.9575,0.0340,0.0085,0.0000
stack3_scene0014,tomato_soup_can,master_chef_can,tomato_soup_can,0.6769,0.3231,0.0000,0.0000
stack3_scene0014,tomato_soup_can,master_chef_can,master_chef_can,0.9943,0.0006,0.0050,0.0000
stack3_scene0015,foam_brick,gelatin_box,foam_brick,0.9874,0.0105,0.0021,0.0000
stack3_scene0015,foam_brick,gelatin_box,gelatin_box,0.9589,0.0247,0.0164,0.0000
stack3_scene0016,tomato_soup_can,tuna_fish_can,tomato_soup_can,0.7166,0.2819,0.0015,0.0000
stack3_scene0016,tomato_soup_can,tuna_fish_can,tuna_fish_can,0.9847,0.0077,0.0077,0.0000
stack3_scene0017,tomato_soup_can,master_chef_can,tomato_soup_can,0.9753,0.0204,0.0044,0.0000
stack3_scene0017,tomato_soup_can,master_chef_can,master_chef_can,0.9901,0.0019,0.0080,0.0000
stack3_scene0019,foam_brick,wood_block,foam_brick,0.9871,0.0129,0.0000,0.4237
stack3_scene0019,foam_brick,wood_block,wood_block,0.9935,0.0023,0.0042,0.0000
stack4_scene0002,tomato_soup_can,tuna_fish_can,tomato_soup_can,0.7184,0.2800,0.0016,0.0000
stack4_scene0002,tomato_soup_can,tuna_fish_can,tuna_fish_can,0.9889,0.0083,0.0028,0.0000
stack4_scene0003,master_chef_can,pudding_box,master_chef_can,0.9882,0.0091,0.0028,0.0000
stack4_scene0003,master_chef_can,pudding_box,pudding_box,0.8921,0.0969,0.0110,0.0000
stack4_scene0006,tomato_soup_can,gelatin_box,tomato_soup_can,0.9211,0.0720,0.0069,0.0000
stack4_scene0006,tomato_soup_can,gelatin_box,gelatin_box,0.9389,0.0197,0.0415,0.0000
stack4_scene0007,sugar_box,sponge,sugar_box,0.9985,0.0000,0.0015,0.0000
stack4_scene0007,sugar_box,sponge,sponge,0.0000,0.9225,0.0775,0.0000
stack4_scene0009,master_chef_can,pudding_box,master_chef_can,0.9794,0.0166,0.0040,0.0000
stack4_scene0009,master_chef_can,pudding_box,pudding_box,0.8331,0.1528,0.0142,0.0000
stack4_scene0010,tuna_fish_can,master_chef_can,tuna_fish_can,0.0000,0.9977,0.0023,0.0000
stack4_scene0010,tuna_fish_can,master_chef_can,master_chef_can,0.9922,0.0000,0.0078,0.0000
stack4_scene0011,tomato_soup_can,master_chef_can,tomato_soup_can,0.6918,0.3018,0.0064,0.0000
stack4_scene0011,tomato_soup_can,master_chef_can,master_chef_can,0.9993,0.0000,0.0007,0.0000
stack4_scene0012,tomato_soup_can,gelatin_box,tomato_soup_can,0.9694,0.0277,0.0029,0.0000
stack4_scene0012,tomato_soup_can,gelatin_box,gelatin_box,0.9708,0.0170,0.0122,0.0000
stack4_scene0014,sugar_box,sponge,sugar_box,0.7456,0.2544,0.0000,0.0000
stack4_scene0014,sugar_box,sponge,sponge,0.9322,0.0367,0.0311,0.0000
stack4_scene0017,foam_brick,master_chef_can,foam_brick,0.9671,0.0329,0.0000,0.0000
stack4_scene0017,foam_brick,master_chef_can,master_chef_can,0.9944,0.0014,0.0042,0.0000
stack4_scene0018,tomato_soup_can,tuna_fish_can,tomato_soup_can,0.9893,0.0077,0.0031,0.0000
stack4_scene0018,tomato_soup_can,tuna_fish_can,tuna_fish_can,0.9615,0.0178,0.0207,0.0000
stack5_scene0005,tuna_fish_can,pudding_box,tuna_fish_can,0.6842,0.3074,0.0084,0.0000
stack5_scene0005,tuna_fish_can,pudding_box,pudding_box,0.9936,0.0000,0.0064,0.0000
stack5_scene0008,tomato_soup_can,tuna_fish_can,tomato_soup_can,0.9879,0.0076,0.0046,0.0000
stack5_scene0008,tomato_soup_can,tuna_fish_can,tuna_fish_can,0.9221,0.0553,0.0226,0.0000
stack5_scene0011,foam_brick,sponge,foam_brick,0.9938,0.0062,0.0000,0.0000
stack5_scene0011,foam_brick,sponge,sponge,0.9669,0.0271,0.0060,0.0000
stack5_scene0013,foam_brick,sponge,foam_brick,0.9863,0.0137,0.0000,0.0000
stack5_scene0013,foam_brick,sponge,sponge,0.9509,0.0173,0.0318,0.0000
stack5_scene0014,sugar_box,cracker_box,sugar_box,0.8148,0.1438,0.0415,0.0000
stack5_scene0014,sugar_box,cracker_box,cracker_box,0.9964,0.0008,0.0028,0.0513
stack5_scene0016,tomato_soup_can,wood_block,tomato_soup_can,0.9659,0.0295,0.0047,0.0000
stack5_scene0016,tomato_soup_can,wood_block,wood_block,0.9977,0.0018,0.0005,0.0000
stack5_scene0018,tomato_soup_can,gelatin_box,tomato_soup_can,0.9772,0.0212,0.0015,0.0000
stack5_scene0018,tomato_soup_can,gelatin_box,gelatin_box,0.9567,0.0382,0.0051,0.0000
stack5_scene0019,sugar_box,cracker_box,sugar_box,0.6000,0.3536,0.0464,0.2589
stack5_scene0019,sugar_box,cracker_box,cracker_box,0.9789,0.0018,0.0193,0.0000
stack5_scene0020,tuna_fish_can,pudding_box,tuna_fish_can,0.9862,0.0138,0.0000,0.0000
stack5_scene0020,tuna_fish_can,pudding_box,pudding_box,0.6945,0.3039,0.0016,0.1969
