scene,upper,lower,method,maxleak,minpurity,separated,leak_upper,leak_lower,pur_upper,pur_lower
stack3_scene0005,foam_brick,gelatin_box,瘦c-S,0.1990,0.8470,1,0.0000,0.1990,0.8470,1.0000
stack3_scene0005,foam_brick,gelatin_box,瘦c-Sd,0.7562,0.5930,0,0.0000,0.7562,0.5930,0.5930
stack3_scene0005,foam_brick,gelatin_box,瘦c-Se,0.7562,0.5930,0,0.0000,0.7562,0.5930,0.5930
stack3_scene0005,foam_brick,gelatin_box,瘦f-S,0.0572,0.9524,1,0.0043,0.0572,0.9524,0.9947
stack3_scene0005,foam_brick,gelatin_box,瘦f-Sd,0.0299,0.9746,1,0.0043,0.0299,0.9746,0.9948
stack3_scene0005,foam_brick,gelatin_box,瘦f-Se,0.0299,0.9746,1,0.0043,0.0299,0.9746,0.9948
stack3_scene0005,foam_brick,gelatin_box,胖c-S,0.1751,0.8593,1,0.0041,0.1751,0.8593,0.9930
stack3_scene0005,foam_brick,gelatin_box,胖c-Sd,0.1705,0.8625,1,0.0041,0.1705,0.8625,0.9926
stack3_scene0005,foam_brick,gelatin_box,胖c-Se,0.1705,0.8625,1,0.0041,0.1705,0.8625,0.9926
stack3_scene0005,foam_brick,gelatin_box,胖f-S,0.0899,0.9254,1,0.0021,0.0899,0.9254,0.9975
stack3_scene0005,foam_brick,gelatin_box,胖f-Sd,0.1221,0.9013,1,0.0021,0.1221,0.9013,0.9974
stack3_scene0005,foam_brick,gelatin_box,胖f-Se,0.1221,0.9013,1,0.0021,0.1221,0.9013,0.9974
stack3_scene0006,tomato_soup_can,tuna_fish_can,瘦c-S,0.0503,0.9691,1,0.0030,0.0503,0.9691,0.9929
stack3_scene0006,tomato_soup_can,tuna_fish_can,瘦c-Sd,0.0344,0.9786,1,0.0030,0.0344,0.9786,0.9929
stack3_scene0006,tomato_soup_can,tuna_fish_can,瘦c-Se,0.0344,0.9786,1,0.0030,0.0344,0.9786,0.9929
stack3_scene0006,tomato_soup_can,tuna_fish_can,瘦f-S,0.3198,0.6371,1,0.3198,0.0079,0.9934,0.6371
stack3_scene0006,tomato_soup_can,tuna_fish_can,瘦f-Sd,0.3198,0.6334,1,0.3198,0.0079,0.9934,0.6334
stack3_scene0006,tomato_soup_can,tuna_fish_can,瘦f-Se,0.3198,0.6334,1,0.3198,0.0079,0.9934,0.6334
stack3_scene0006,tomato_soup_can,tuna_fish_can,胖c-S,0.0483,0.9683,1,0.0000,0.0483,0.9683,1.0000
stack3_scene0006,tomato_soup_can,tuna_fish_can,胖c-Sd,0.0529,0.9654,1,0.0000,0.0529,0.9654,1.0000
stack3_scene0006,tomato_soup_can,tuna_fish_can,胖c-Se,0.0529,0.9654,1,0.0000,0.0529,0.9654,1.0000
stack3_scene0006,tomato_soup_can,tuna_fish_can,胖f-S,0.3250,0.6426,1,0.3250,0.0115,0.9898,0.6426
stack3_scene0006,tomato_soup_can,tuna_fish_can,胖f-Sd,0.3250,0.6421,1,0.3250,0.0092,0.9918,0.6421
stack3_scene0006,tomato_soup_can,tuna_fish_can,胖f-Se,0.3250,0.6421,1,0.3250,0.0092,0.9918,0.6421
stack3_scene0011,tomato_soup_can,tuna_fish_can,瘦c-S,0.0384,0.9767,1,0.0015,0.0384,0.9767,0.9962
stack3_scene0011,tomato_soup_can,tuna_fish_can,瘦c-Sd,0.0384,0.9766,1,0.0015,0.0384,0.9766,0.9961
stack3_scene0011,tomato_soup_can,tuna_fish_can,瘦c-Se,0.0384,0.9766,1,0.0015,0.0384,0.9766,0.9961
stack3_scene0011,tomato_soup_can,tuna_fish_can,瘦f-S,0.2705,0.6711,1,0.2705,0.0110,0.9916,0.6711
stack3_scene0011,tomato_soup_can,tuna_fish_can,瘦f-Sd,0.2658,0.6736,1,0.2658,0.0110,0.9916,0.6736
stack3_scene0011,tomato_soup_can,tuna_fish_can,瘦f-Se,0.2658,0.6736,1,0.2658,0.0110,0.9916,0.6736
stack3_scene0011,tomato_soup_can,tuna_fish_can,胖c-S,0.0519,0.9647,1,0.0016,0.0519,0.9647,0.9963
stack3_scene0011,tomato_soup_can,tuna_fish_can,胖c-Sd,0.0495,0.9663,1,0.0016,0.0495,0.9663,0.9962
stack3_scene0011,tomato_soup_can,tuna_fish_can,胖c-Se,0.0495,0.9663,1,0.0016,0.0495,0.9663,0.9962
stack3_scene0011,tomato_soup_can,tuna_fish_can,胖f-S,0.2819,0.6892,1,0.2819,0.0401,0.9641,0.6892
stack3_scene0011,tomato_soup_can,tuna_fish_can,胖f-Sd,0.2819,0.6887,1,0.2819,0.0425,0.9620,0.6887
stack3_scene0011,tomato_soup_can,tuna_fish_can,胖f-Se,0.2819,0.6887,1,0.2819,0.0425,0.9620,0.6887
stack3_scene0013,foam_brick,sponge,瘦c-S,0.1246,0.9068,1,0.0023,0.1246,0.9068,0.9693
stack3_scene0013,foam_brick,sponge,瘦c-Sd,0.0793,0.9386,1,0.0023,0.0793,0.9386,0.9960
stack3_scene0013,foam_brick,sponge,瘦c-Se,0.0793,0.9386,1,0.0023,0.0793,0.9386,0.9960
stack3_scene0013,foam_brick,sponge,瘦f-S,0.0312,0.9743,1,0.0045,0.0312,0.9754,0.9743
stack3_scene0013,foam_brick,sponge,瘦f-Sd,0.0340,0.9733,1,0.0045,0.0340,0.9733,0.9941
stack3_scene0013,foam_brick,sponge,瘦f-Se,0.0340,0.9733,1,0.0045,0.0340,0.9733,0.9941
stack3_scene0013,foam_brick,sponge,胖c-S,0.1715,0.8723,1,0.0000,0.1715,0.8723,1.0000
stack3_scene0013,foam_brick,sponge,胖c-Sd,0.1346,0.8970,1,0.0000,0.1346,0.8970,1.0000
stack3_scene0013,foam_brick,sponge,胖c-Se,0.1346,0.8970,1,0.0000,0.1346,0.8970,1.0000
stack3_scene0013,foam_brick,sponge,胖f-S,0.0153,0.9816,1,0.0153,0.0053,0.9956,0.9816
stack3_scene0013,foam_brick,sponge,胖f-Sd,0.0153,0.9815,1,0.0153,0.0079,0.9934,0.9815
stack3_scene0013,foam_brick,sponge,胖f-Se,0.0153,0.9815,1,0.0153,0.0079,0.9934,0.9815
stack3_scene0014,tomato_soup_can,master_chef_can,瘦c-S,0.0153,0.9823,1,0.0153,0.0069,0.9823,0.9913
stack3_scene0014,tomato_soup_can,master_chef_can,瘦c-Sd,0.0153,0.9807,1,0.0153,0.0076,0.9807,0.9912
stack3_scene0014,tomato_soup_can,master_chef_can,瘦c-Se,0.0153,0.9807,1,0.0153,0.0076,0.9807,0.9912
stack3_scene0014,tomato_soup_can,master_chef_can,瘦f-S,0.3231,0.8718,1,0.3231,0.0006,0.9979,0.8718
stack3_scene0014,tomato_soup_can,master_chef_can,瘦f-Sd,0.3231,0.8717,1,0.3231,0.0006,0.9979,0.8717
stack3_scene0014,tomato_soup_can,master_chef_can,瘦f-Se,0.3231,0.8717,1,0.3231,0.0006,0.9979,0.8717
stack3_scene0014,tomato_soup_can,master_chef_can,胖c-S,0.0120,0.9690,1,0.0098,0.0120,0.9690,0.9945
stack3_scene0014,tomato_soup_can,master_chef_can,胖c-Sd,0.0102,0.9735,1,0.0098,0.0102,0.9735,0.9945
stack3_scene0014,tomato_soup_can,master_chef_can,胖c-Se,0.0102,0.9735,1,0.0098,0.0102,0.9735,0.9945
stack3_scene0014,tomato_soup_can,master_chef_can,胖f-S,0.3315,0.8749,1,0.3315,0.0006,0.9979,0.8749
stack3_scene0014,tomato_soup_can,master_chef_can,胖f-Sd,0.3357,0.8735,1,0.3357,0.0006,0.9979,0.8735
stack3_scene0014,tomato_soup_can,master_chef_can,胖f-Se,0.3357,0.8735,1,0.3357,0.0006,0.9979,0.8735
stack3_scene0015,foam_brick,gelatin_box,瘦c-S,0.0932,0.9302,1,0.0063,0.0932,0.9302,0.9888
stack3_scene0015,foam_brick,gelatin_box,瘦c-Sd,0.0795,0.9398,1,0.0042,0.0795,0.9398,0.9925
stack3_scene0015,foam_brick,gelatin_box,瘦c-Se,0.0795,0.9398,1,0.0042,0.0795,0.9398,0.9925
stack3_scene0015,foam_brick,gelatin_box,瘦f-S,0.0356,0.9730,1,0.0126,0.0356,0.9730,0.9832
stack3_scene0015,foam_brick,gelatin_box,瘦f-Sd,0.0247,0.9812,1,0.0105,0.0247,0.9812,0.9859
stack3_scene0015,foam_brick,gelatin_box,瘦f-Se,0.0247,0.9812,1,0.0105,0.0247,0.9812,0.9859
stack3_scene0015,foam_brick,gelatin_box,胖c-S,0.1013,0.9213,1,0.0041,0.1013,0.9213,0.9929
stack3_scene0015,foam_brick,gelatin_box,胖c-Sd,0.0886,0.9304,1,0.0041,0.0886,0.9304,0.9929
stack3_scene0015,foam_brick,gelatin_box,胖c-Se,0.0886,0.9304,1,0.0041,0.0886,0.9304,0.9929
stack3_scene0015,foam_brick,gelatin_box,胖f-S,0.0177,0.9821,1,0.0142,0.0177,0.9858,0.9821
stack3_scene0015,foam_brick,gelatin_box,胖f-Sd,0.0177,0.9821,1,0.0142,0.0177,0.9858,0.9821
stack3_scene0015,foam_brick,gelatin_box,胖f-Se,0.0177,0.9821,1,0.0142,0.0177,0.9858,0.9821
stack3_scene0016,tomato_soup_can,tuna_fish_can,瘦c-S,0.0332,0.9785,1,0.0015,0.0332,0.9785,0.9963
stack3_scene0016,tomato_soup_can,tuna_fish_can,瘦c-Sd,0.0281,0.9817,1,0.0030,0.0281,0.9817,0.9926
stack3_scene0016,tomato_soup_can,tuna_fish_can,瘦c-Se,0.0281,0.9817,1,0.0030,0.0281,0.9817,0.9926
stack3_scene0016,tomato_soup_can,tuna_fish_can,瘦f-S,0.2819,0.6730,1,0.2819,0.0051,0.9958,0.6730
stack3_scene0016,tomato_soup_can,tuna_fish_can,瘦f-Sd,0.2819,0.6719,1,0.2819,0.0077,0.9938,0.6719
stack3_scene0016,tomato_soup_can,tuna_fish_can,瘦f-Se,0.2819,0.6719,1,0.2819,0.0077,0.9938,0.6719
stack3_scene0016,tomato_soup_can,tuna_fish_can,胖c-S,0.0450,0.9718,1,0.0044,0.0450,0.9718,0.9896
stack3_scene0016,tomato_soup_can,tuna_fish_can,胖c-Sd,0.0425,0.9734,1,0.0029,0.0425,0.9734,0.9930
stack3_scene0016,tomato_soup_can,tuna_fish_can,胖c-Se,0.0425,0.9734,1,0.0029,0.0425,0.9734,0.9930
stack3_scene0016,tomato_soup_can,tuna_fish_can,胖f-S,0.2935,0.6610,1,0.2935,0.0150,0.9876,0.6610
stack3_scene0016,tomato_soup_can,tuna_fish_can,胖f-Sd,0.2935,0.6610,1,0.2935,0.0150,0.9876,0.6610
stack3_scene0016,tomato_soup_can,tuna_fish_can,胖f-Se,0.2935,0.6610,1,0.2935,0.0150,0.9876,0.6610
stack3_scene0017,tomato_soup_can,master_chef_can,瘦c-S,0.0116,0.9769,1,0.0116,0.0086,0.9769,0.9943
stack3_scene0017,tomato_soup_can,master_chef_can,瘦c-Sd,0.0102,0.9736,1,0.0102,0.0099,0.9736,0.9943
stack3_scene0017,tomato_soup_can,master_chef_can,瘦c-Se,0.0102,0.9736,1,0.0102,0.0099,0.9736,0.9943
stack3_scene0017,tomato_soup_can,master_chef_can,瘦f-S,0.0247,0.9914,1,0.0247,0.0019,0.9955,0.9914
stack3_scene0017,tomato_soup_can,master_chef_can,瘦f-Sd,0.0204,0.9913,1,0.0204,0.0019,0.9955,0.9913
stack3_scene0017,tomato_soup_can,master_chef_can,瘦f-Se,0.0204,0.9913,1,0.0204,0.0019,0.9955,0.9913
stack3_scene0017,tomato_soup_can,master_chef_can,胖c-S,0.0157,0.9602,1,0.0140,0.0157,0.9602,0.9923
stack3_scene0017,tomato_soup_can,master_chef_can,胖c-Sd,0.0140,0.9691,1,0.0140,0.0121,0.9691,0.9922
stack3_scene0017,tomato_soup_can,master_chef_can,胖c-Se,0.0140,0.9691,1,0.0140,0.0121,0.9691,0.9922
stack3_scene0017,tomato_soup_can,master_chef_can,胖f-S,0.0281,0.9879,1,0.0281,0.0042,0.9900,0.9879
stack3_scene0017,tomato_soup_can,master_chef_can,胖f-Sd,0.0281,0.9879,1,0.0281,0.0042,0.9900,0.9879
stack3_scene0017,tomato_soup_can,master_chef_can,胖f-Se,0.0281,0.9879,1,0.0281,0.0042,0.9900,0.9879
stack3_scene0019,foam_brick,wood_block,瘦c-S,0.0251,0.8855,1,0.0022,0.0251,0.8855,0.9910
stack3_scene0019,foam_brick,wood_block,瘦c-Sd,0.0139,0.9701,1,0.0065,0.0139,0.9701,0.9900
stack3_scene0019,foam_brick,wood_block,瘦c-Se,0.0139,0.9701,1,0.0065,0.0139,0.9701,0.9900
stack3_scene0019,foam_brick,wood_block,瘦f-S,0.0129,0.9813,1,0.0129,0.0028,0.9813,0.9867
stack3_scene0019,foam_brick,wood_block,瘦f-Sd,0.0129,0.9813,1,0.0129,0.0023,0.9813,0.9866
stack3_scene0019,foam_brick,wood_block,瘦f-Se,0.0129,0.9813,1,0.0129,0.0023,0.9813,0.9866
stack3_scene0019,foam_brick,wood_block,胖c-S,0.0083,0.9748,1,0.0083,0.0056,0.9748,0.9791
stack3_scene0019,foam_brick,wood_block,胖c-Sd,0.0083,0.9790,1,0.0083,0.0047,0.9821,0.9790
stack3_scene0019,foam_brick,wood_block,胖c-Se,0.0083,0.9790,1,0.0083,0.0047,0.9821,0.9790
stack3_scene0019,foam_brick,wood_block,胖f-S,0.0186,0.9618,1,0.0186,0.0079,0.9618,0.9695
stack3_scene0019,foam_brick,wood_block,胖f-Sd,0.0124,0.9625,1,0.0124,0.0079,0.9625,0.9707
stack3_scene0019,foam_brick,wood_block,胖f-Se,0.0124,0.9625,1,0.0124,0.0079,0.9625,0.9707
stack4_scene0002,tomato_soup_can,tuna_fish_can,瘦c-S,0.0472,0.9567,1,0.0048,0.0472,0.9567,0.9847
stack4_scene0002,tomato_soup_can,tuna_fish_can,瘦c-Sd,0.0333,0.9646,1,0.0048,0.0333,0.9646,0.9884
stack4_scene0002,tomato_soup_can,tuna_fish_can,瘦c-Se,0.0333,0.9646,1,0.0048,0.0333,0.9646,0.9884
stack4_scene0002,tomato_soup_can,tuna_fish_can,瘦f-S,0.2800,0.6520,1,0.2800,0.0083,0.9890,0.6520
stack4_scene0002,tomato_soup_can,tuna_fish_can,瘦f-Sd,0.2800,0.6508,1,0.2800,0.0083,0.9912,0.6508
stack4_scene0002,tomato_soup_can,tuna_fish_can,瘦f-Se,0.2800,0.6508,1,0.2800,0.0083,0.9912,0.6508
stack4_scene0002,tomato_soup_can,tuna_fish_can,胖c-S,0.0413,0.9604,1,0.0015,0.0413,0.9604,0.9888
stack4_scene0002,tomato_soup_can,tuna_fish_can,胖c-Sd,0.0284,0.9681,1,0.0015,0.0284,0.9681,0.9886
stack4_scene0002,tomato_soup_can,tuna_fish_can,胖c-Se,0.0284,0.9681,1,0.0015,0.0284,0.9681,0.9886
stack4_scene0002,tomato_soup_can,tuna_fish_can,胖f-S,0.3103,0.6351,1,0.3103,0.0078,0.9868,0.6351
stack4_scene0002,tomato_soup_can,tuna_fish_can,胖f-Sd,0.3103,0.6319,1,0.3103,0.0078,0.9934,0.6319
stack4_scene0002,tomato_soup_can,tuna_fish_can,胖f-Se,0.3103,0.6319,1,0.3103,0.0078,0.9934,0.6319
stack4_scene0003,master_chef_can,pudding_box,瘦c-S,0.0274,0.9885,1,0.0021,0.0274,0.9885,0.9918
stack4_scene0003,master_chef_can,pudding_box,瘦c-Sd,0.0219,0.9907,1,0.0014,0.0219,0.9907,0.9943
stack4_scene0003,master_chef_can,pudding_box,瘦c-Se,0.0219,0.9907,1,0.0014,0.0219,0.9907,0.9943
stack4_scene0003,master_chef_can,pudding_box,瘦f-S,0.0750,0.9710,1,0.0104,0.0750,0.9720,0.9710
stack4_scene0003,master_chef_can,pudding_box,瘦f-Sd,0.0969,0.9640,1,0.0091,0.0969,0.9640,0.9741
stack4_scene0003,master_chef_can,pudding_box,瘦f-Se,0.0969,0.9640,1,0.0091,0.0969,0.9640,0.9741
stack4_scene0003,master_chef_can,pudding_box,胖c-S,0.0379,0.9837,1,0.0041,0.0379,0.9837,0.9841
stack4_scene0003,master_chef_can,pudding_box,胖c-Sd,0.0155,0.9837,1,0.0041,0.0155,0.9933,0.9837
stack4_scene0003,master_chef_can,pudding_box,胖c-Se,0.0155,0.9837,1,0.0041,0.0155,0.9933,0.9837
stack4_scene0003,master_chef_can,pudding_box,胖f-S,0.1394,0.9469,1,0.0103,0.1394,0.9469,0.9707
stack4_scene0003,master_chef_can,pudding_box,胖f-Sd,0.1394,0.9469,1,0.0103,0.1394,0.9469,0.9707
stack4_scene0003,master_chef_can,pudding_box,胖f-Se,0.1394,0.9469,1,0.0103,0.1394,0.9469,0.9707
stack4_scene0006,tomato_soup_can,gelatin_box,瘦c-S,0.7707,0.6413,0,0.0000,0.7707,0.6413,0.6413
stack4_scene0006,tomato_soup_can,gelatin_box,瘦c-Sd,0.2686,0.8315,1,0.0042,0.2686,0.8315,0.9862
stack4_scene0006,tomato_soup_can,gelatin_box,瘦c-Se,0.2686,0.8313,1,0.0042,0.2686,0.8313,0.9862
stack4_scene0006,tomato_soup_can,gelatin_box,瘦f-S,0.0706,0.8963,1,0.0706,0.0218,0.9853,0.8963
stack4_scene0006,tomato_soup_can,gelatin_box,瘦f-Sd,0.0720,0.8921,1,0.0720,0.0197,0.9866,0.8921
stack4_scene0006,tomato_soup_can,gelatin_box,瘦f-Se,0.0720,0.8921,1,0.0720,0.0197,0.9866,0.8921
stack4_scene0006,tomato_soup_can,gelatin_box,胖c-S,0.0460,0.9643,1,0.0163,0.0460,0.9643,0.9880
stack4_scene0006,tomato_soup_can,gelatin_box,胖c-Sd,0.0420,0.9670,1,0.0136,0.0420,0.9670,0.9670
stack4_scene0006,tomato_soup_can,gelatin_box,胖c-Se,0.0420,0.9670,1,0.0136,0.0420,0.9670,0.9670
stack4_scene0006,tomato_soup_can,gelatin_box,胖f-S,0.0773,0.8916,1,0.0773,0.0360,0.9741,0.8916
stack4_scene0006,tomato_soup_can,gelatin_box,胖f-Sd,0.0773,0.8889,1,0.0773,0.0380,0.9727,0.8889
stack4_scene0006,tomato_soup_can,gelatin_box,胖f-Se,0.0773,0.8889,1,0.0773,0.0380,0.9727,0.8889
stack4_scene0007,sugar_box,sponge,瘦c-S,0.6441,0.7734,0,0.0000,0.6441,0.7734,0.7734
stack4_scene0007,sugar_box,sponge,瘦c-Sd,0.5746,0.7872,0,0.0000,0.5746,0.7872,0.7872
stack4_scene0007,sugar_box,sponge,瘦c-Se,0.5746,0.7872,0,0.0000,0.5746,0.7872,0.7872
stack4_scene0007,sugar_box,sponge,瘦f-S,0.9940,0.7228,0,0.0000,0.9940,0.7228,0.7228
stack4_scene0007,sugar_box,sponge,瘦f-Sd,0.9225,0.7373,0,0.0000,0.9225,0.7373,0.7373
stack4_scene0007,sugar_box,sponge,瘦f-Se,0.9205,0.7377,0,0.0000,0.9205,0.7377,0.7377
stack4_scene0007,sugar_box,sponge,胖c-S,0.6386,0.7778,0,0.0000,0.6386,0.7778,0.7778
stack4_scene0007,sugar_box,sponge,胖c-Sd,0.5698,0.7936,0,0.0000,0.5698,0.7936,0.7936
stack4_scene0007,sugar_box,sponge,胖c-Se,0.5698,0.7936,0,0.0000,0.5698,0.7936,0.7936
stack4_scene0007,sugar_box,sponge,胖f-S,0.9943,0.7186,0,0.0000,0.9943,0.7186,0.7186
stack4_scene0007,sugar_box,sponge,胖f-Sd,0.8260,0.7537,0,0.0097,0.8260,0.7537,0.7537
stack4_scene0007,sugar_box,sponge,胖f-Se,0.8260,0.7537,0,0.0097,0.8260,0.7537,0.7537
stack4_scene0009,master_chef_can,pudding_box,瘦c-S,0.0488,0.9698,1,0.0080,0.0488,0.9784,0.9698
stack4_scene0009,master_chef_can,pudding_box,瘦c-Sd,0.0268,0.9710,1,0.0073,0.0268,0.9887,0.9710
stack4_scene0009,master_chef_can,pudding_box,瘦c-Se,0.0252,0.9710,1,0.0073,0.0252,0.9894,0.9710
stack4_scene0009,master_chef_can,pudding_box,瘦f-S,0.1591,0.9380,1,0.0172,0.1591,0.9380,0.9532
stack4_scene0009,master_chef_can,pudding_box,瘦f-Sd,0.1528,0.9402,1,0.0166,0.1528,0.9402,0.9549
stack4_scene0009,master_chef_can,pudding_box,瘦f-Se,0.1528,0.9402,1,0.0166,0.1528,0.9402,0.9549
stack4_scene0009,master_chef_can,pudding_box,胖c-S,0.2440,0.8977,1,0.0026,0.2440,0.8977,0.9860
stack4_scene0009,master_chef_can,pudding_box,胖c-Sd,0.2154,0.9089,1,0.0026,0.2154,0.9089,0.9859
stack4_scene0009,master_chef_can,pudding_box,胖c-Se,0.2154,0.9089,1,0.0026,0.2154,0.9089,0.9859
stack4_scene0009,master_chef_can,pudding_box,胖f-S,0.1536,0.9416,1,0.0192,0.1536,0.9416,0.9538
stack4_scene0009,master_chef_can,pudding_box,胖f-Sd,0.1506,0.9427,1,0.0192,0.1506,0.9427,0.9538
stack4_scene0009,master_chef_can,pudding_box,胖f-Se,0.1506,0.9427,1,0.0192,0.1506,0.9427,0.9538
stack4_scene0010,tuna_fish_can,master_chef_can,瘦c-S,0.9628,0.7326,0,0.9628,0.0000,0.7326,0.7326
stack4_scene0010,tuna_fish_can,master_chef_can,瘦c-Sd,0.9628,0.7317,0,0.9628,0.0000,0.7317,0.7317
stack4_scene0010,tuna_fish_can,master_chef_can,瘦c-Se,0.9628,0.7317,0,0.9628,0.0000,0.7317,0.7317
stack4_scene0010,tuna_fish_can,master_chef_can,瘦f-S,0.9977,0.7624,0,0.9977,0.0000,0.7624,0.7624
stack4_scene0010,tuna_fish_can,master_chef_can,瘦f-Sd,0.9977,0.7618,0,0.9977,0.0000,0.7618,0.7618
stack4_scene0010,tuna_fish_can,master_chef_can,瘦f-Se,0.9977,0.7618,0,0.9977,0.0000,0.7618,0.7618
stack4_scene0010,tuna_fish_can,master_chef_can,胖c-S,0.9794,0.7328,0,0.9794,0.0000,0.7328,0.7328
stack4_scene0010,tuna_fish_can,master_chef_can,胖c-Sd,0.9794,0.7320,0,0.9794,0.0000,0.7320,0.7320
stack4_scene0010,tuna_fish_can,master_chef_can,胖c-Se,0.9794,0.7320,0,0.9794,0.0000,0.7320,0.7320
stack4_scene0010,tuna_fish_can,master_chef_can,胖f-S,1.0000,0.7619,0,1.0000,0.0000,0.7619,0.7619
stack4_scene0010,tuna_fish_can,master_chef_can,胖f-Sd,1.0000,0.7627,0,1.0000,0.0000,0.7627,0.7627
stack4_scene0010,tuna_fish_can,master_chef_can,胖f-Se,1.0000,0.7627,0,1.0000,0.0000,0.7627,0.7627
stack4_scene0011,tomato_soup_can,master_chef_can,瘦c-S,0.0209,0.9882,1,0.0209,0.0037,0.9911,0.9882
stack4_scene0011,tomato_soup_can,master_chef_can,瘦c-Sd,0.0209,0.9881,1,0.0209,0.0015,0.9964,0.9881
stack4_scene0011,tomato_soup_can,master_chef_can,瘦c-Se,0.0209,0.9881,1,0.0209,0.0015,0.9964,0.9881
stack4_scene0011,tomato_soup_can,master_chef_can,瘦f-S,0.3178,0.8732,1,0.3178,0.0007,0.9977,0.8732
stack4_scene0011,tomato_soup_can,master_chef_can,瘦f-Sd,0.3018,0.8789,1,0.3018,0.0000,1.0000,0.8789
stack4_scene0011,tomato_soup_can,master_chef_can,瘦f-Se,0.3018,0.8789,1,0.3018,0.0000,1.0000,0.8789
stack4_scene0011,tomato_soup_can,master_chef_can,胖c-S,0.0205,0.9796,1,0.0205,0.0087,0.9796,0.9888
stack4_scene0011,tomato_soup_can,master_chef_can,胖c-Sd,0.0221,0.9796,1,0.0221,0.0087,0.9796,0.9879
stack4_scene0011,tomato_soup_can,master_chef_can,胖c-Se,0.0221,0.9796,1,0.0221,0.0087,0.9796,0.9879
stack4_scene0011,tomato_soup_can,master_chef_can,胖f-S,0.3949,0.8460,1,0.3949,0.0029,0.9897,0.8460
stack4_scene0011,tomato_soup_can,master_chef_can,胖f-Sd,0.3949,0.8459,1,0.3949,0.0036,0.9871,0.8459
stack4_scene0011,tomato_soup_can,master_chef_can,胖f-Se,0.3949,0.8459,1,0.3949,0.0036,0.9871,0.8459
stack4_scene0012,tomato_soup_can,gelatin_box,瘦c-S,0.0462,0.9672,1,0.0044,0.0462,0.9672,0.9906
stack4_scene0012,tomato_soup_can,gelatin_box,瘦c-Sd,0.0462,0.9668,1,0.0015,0.0462,0.9668,0.9968
stack4_scene0012,tomato_soup_can,gelatin_box,瘦c-Se,0.0462,0.9668,1,0.0015,0.0462,0.9668,0.9968
stack4_scene0012,tomato_soup_can,gelatin_box,瘦f-S,0.0320,0.9481,1,0.0320,0.0170,0.9852,0.9481
stack4_scene0012,tomato_soup_can,gelatin_box,瘦f-Sd,0.0277,0.9545,1,0.0277,0.0170,0.9852,0.9545
stack4_scene0012,tomato_soup_can,gelatin_box,瘦f-Se,0.0277,0.9544,1,0.0277,0.0170,0.9852,0.9544
stack4_scene0012,tomato_soup_can,gelatin_box,胖c-S,0.0612,0.9524,1,0.0060,0.0612,0.9524,0.9886
stack4_scene0012,tomato_soup_can,gelatin_box,胖c-Sd,0.0590,0.9531,1,0.0090,0.0590,0.9531,0.9825
stack4_scene0012,tomato_soup_can,gelatin_box,胖c-Se,0.0590,0.9531,1,0.0090,0.0590,0.9531,0.9825
stack4_scene0012,tomato_soup_can,gelatin_box,胖f-S,0.9819,0.6043,0,0.0000,0.9819,0.6043,0.6043
stack4_scene0012,tomato_soup_can,gelatin_box,胖f-Sd,0.9660,0.6082,0,0.0000,0.9660,0.6082,0.6082
stack4_scene0012,tomato_soup_can,gelatin_box,胖f-Se,0.9637,0.6087,0,0.0000,0.9637,0.6087,0.6087
stack4_scene0014,sugar_box,sponge,瘦c-S,0.7458,0.6675,1,0.0125,0.7458,0.9947,0.6675
stack4_scene0014,sugar_box,sponge,瘦c-Sd,0.7316,0.6696,1,0.0092,0.7316,0.9947,0.6696
stack4_scene0014,sugar_box,sponge,瘦c-Se,0.7316,0.6696,1,0.0092,0.7316,0.9947,0.6696
stack4_scene0014,sugar_box,sponge,瘦f-S,0.2552,0.5329,1,0.2552,0.0424,0.9955,0.5329
stack4_scene0014,sugar_box,sponge,瘦f-Sd,0.2544,0.5323,1,0.2544,0.0367,0.9955,0.5323
stack4_scene0014,sugar_box,sponge,瘦f-Se,0.2544,0.5323,1,0.2544,0.0367,0.9955,0.5323
stack4_scene0014,sugar_box,sponge,胖c-S,0.7043,0.6111,1,0.0196,0.7043,0.9956,0.6111
stack4_scene0014,sugar_box,sponge,胖c-Sd,0.6566,0.8089,0,0.0065,0.6566,0.8089,0.8089
stack4_scene0014,sugar_box,sponge,胖c-Se,0.6566,0.8086,0,0.0065,0.6566,0.8086,0.8086
stack4_scene0014,sugar_box,sponge,胖f-S,0.9774,0.5989,1,0.0376,0.9774,0.9919,0.5989
stack4_scene0014,sugar_box,sponge,胖f-Sd,0.9774,0.5966,1,0.0376,0.9774,0.9935,0.5966
stack4_scene0014,sugar_box,sponge,胖f-Se,0.9774,0.5966,1,0.0376,0.9774,0.9935,0.5966
stack4_scene0017,foam_brick,master_chef_can,瘦c-S,0.0334,0.8947,1,0.0141,0.0334,0.8947,0.9947
stack4_scene0017,foam_brick,master_chef_can,瘦c-Sd,0.0418,0.8718,1,0.0141,0.0418,0.8718,0.9945
stack4_scene0017,foam_brick,master_chef_can,瘦c-Se,0.0418,0.8718,1,0.0141,0.0418,0.8718,0.9945
stack4_scene0017,foam_brick,master_chef_can,瘦f-S,0.0329,0.9903,1,0.0329,0.0014,0.9952,0.9903
stack4_scene0017,foam_brick,master_chef_can,瘦f-Sd,0.0329,0.9903,1,0.0329,0.0014,0.9952,0.9903
stack4_scene0017,foam_brick,master_chef_can,瘦f-Se,0.0329,0.9903,1,0.0329,0.0014,0.9952,0.9903
stack4_scene0017,foam_brick,master_chef_can,胖c-S,0.0315,0.8919,1,0.0091,0.0315,0.8919,0.9966
stack4_scene0017,foam_brick,master_chef_can,胖c-Sd,0.0436,0.8597,1,0.0091,0.0436,0.8597,0.9966
stack4_scene0017,foam_brick,master_chef_can,胖c-Se,0.0436,0.8597,1,0.0091,0.0436,0.8597,0.9966
stack4_scene0017,foam_brick,master_chef_can,胖f-S,0.0204,0.9908,1,0.0204,0.0007,0.9908,0.9926
stack4_scene0017,foam_brick,master_chef_can,胖f-Sd,0.0181,0.9886,1,0.0181,0.0007,0.9886,0.9939
stack4_scene0017,foam_brick,master_chef_can,胖f-Se,0.0181,0.9886,1,0.0181,0.0007,0.9886,0.9939
stack4_scene0018,tomato_soup_can,tuna_fish_can,瘦c-S,0.0355,0.9528,1,0.0015,0.0355,0.9528,0.9961
stack4_scene0018,tomato_soup_can,tuna_fish_can,瘦c-Sd,0.0296,0.9603,1,0.0015,0.0296,0.9603,0.9961
stack4_scene0018,tomato_soup_can,tuna_fish_can,瘦c-Se,0.0296,0.9603,1,0.0015,0.0296,0.9603,0.9961
stack4_scene0018,tomato_soup_can,tuna_fish_can,瘦f-S,0.0207,0.9529,1,0.0077,0.0207,0.9529,0.9619
stack4_scene0018,tomato_soup_can,tuna_fish_can,瘦f-Sd,0.0178,0.9458,1,0.0077,0.0178,0.9458,0.9819
stack4_scene0018,tomato_soup_can,tuna_fish_can,瘦f-Se,0.0178,0.9458,1,0.0077,0.0178,0.9458,0.9819
stack4_scene0018,tomato_soup_can,tuna_fish_can,胖c-S,0.0486,0.9330,1,0.0015,0.0486,0.9330,0.9963
stack4_scene0018,tomato_soup_can,tuna_fish_can,胖c-Sd,0.0459,0.9457,1,0.0015,0.0459,0.9457,0.9963
stack4_scene0018,tomato_soup_can,tuna_fish_can,胖c-Se,0.0459,0.9457,1,0.0015,0.0459,0.9457,0.9963
stack4_scene0018,tomato_soup_can,tuna_fish_can,胖f-S,0.0486,0.9236,1,0.0046,0.0486,0.9236,0.9530
stack4_scene0018,tomato_soup_can,tuna_fish_can,胖f-Sd,0.0459,0.9095,1,0.0046,0.0459,0.9095,0.9884
stack4_scene0018,tomato_soup_can,tuna_fish_can,胖f-Se,0.0459,0.9095,1,0.0046,0.0459,0.9095,0.9884
stack5_scene0005,tuna_fish_can,pudding_box,瘦c-S,0.2274,0.8264,1,0.2274,0.0016,0.9971,0.8264
stack5_scene0005,tuna_fish_can,pudding_box,瘦c-Sd,0.2611,0.8044,1,0.2611,0.0016,0.9969,0.8044
stack5_scene0005,tuna_fish_can,pudding_box,瘦c-Se,0.2611,0.8044,1,0.2611,0.0016,0.9969,0.8044
stack5_scene0005,tuna_fish_can,pudding_box,瘦f-S,0.2821,0.8239,1,0.2821,0.0000,1.0000,0.8239
stack5_scene0005,tuna_fish_can,pudding_box,瘦f-Sd,0.3074,0.8106,1,0.3074,0.0000,1.0000,0.8106
stack5_scene0005,tuna_fish_can,pudding_box,瘦f-Se,0.3074,0.8106,1,0.3074,0.0000,1.0000,0.8106
stack5_scene0005,tuna_fish_can,pudding_box,胖c-S,0.2409,0.8261,1,0.2409,0.0000,1.0000,0.8261
stack5_scene0005,tuna_fish_can,pudding_box,胖c-Sd,0.2581,0.8137,1,0.2581,0.0015,0.9970,0.8137
stack5_scene0005,tuna_fish_can,pudding_box,胖c-Se,0.2581,0.8137,1,0.2581,0.0015,0.9970,0.8137
stack5_scene0005,tuna_fish_can,pudding_box,胖f-S,0.2645,0.8415,1,0.2645,0.0000,1.0000,0.8415
stack5_scene0005,tuna_fish_can,pudding_box,胖f-Sd,0.2839,0.8318,1,0.2839,0.0000,1.0000,0.8318
stack5_scene0005,tuna_fish_can,pudding_box,胖f-Se,0.2839,0.8318,1,0.2839,0.0000,1.0000,0.8318
stack5_scene0008,tomato_soup_can,tuna_fish_can,瘦c-S,0.0553,0.9340,1,0.0015,0.0553,0.9340,0.9930
stack5_scene0008,tomato_soup_can,tuna_fish_can,瘦c-Sd,0.0327,0.9575,1,0.0015,0.0327,0.9575,0.9965
stack5_scene0008,tomato_soup_can,tuna_fish_can,瘦c-Se,0.0327,0.9575,1,0.0015,0.0327,0.9575,0.9965
stack5_scene0008,tomato_soup_can,tuna_fish_can,瘦f-S,0.0553,0.9354,1,0.0091,0.0553,0.9354,0.9816
stack5_scene0008,tomato_soup_can,tuna_fish_can,瘦f-Sd,0.0553,0.9421,1,0.0076,0.0553,0.9421,0.9866
stack5_scene0008,tomato_soup_can,tuna_fish_can,瘦f-Se,0.0553,0.9421,1,0.0076,0.0553,0.9421,0.9865
stack5_scene0008,tomato_soup_can,tuna_fish_can,胖c-S,0.0639,0.9154,1,0.0030,0.0639,0.9154,0.9841
stack5_scene0008,tomato_soup_can,tuna_fish_can,胖c-Sd,0.0502,0.9209,1,0.0030,0.0502,0.9209,0.9935
stack5_scene0008,tomato_soup_can,tuna_fish_can,胖c-Se,0.0502,0.9209,1,0.0030,0.0502,0.9209,0.9935
stack5_scene0008,tomato_soup_can,tuna_fish_can,胖f-S,0.0548,0.9377,1,0.0137,0.0548,0.9377,0.9431
stack5_scene0008,tomato_soup_can,tuna_fish_can,胖f-Sd,0.0753,0.9153,1,0.0122,0.0753,0.9153,0.9771
stack5_scene0008,tomato_soup_can,tuna_fish_can,胖f-Se,0.0753,0.9153,1,0.0122,0.0753,0.9153,0.9771
stack5_scene0011,foam_brick,sponge,瘦c-S,0.0753,0.9468,1,0.0041,0.0753,0.9468,0.9917
stack5_scene0011,foam_brick,sponge,瘦c-Sd,0.0633,0.9548,1,0.0062,0.0633,0.9548,0.9877
stack5_scene0011,foam_brick,sponge,瘦c-Se,0.0633,0.9548,1,0.0062,0.0633,0.9548,0.9877
stack5_scene0011,foam_brick,sponge,瘦f-S,0.0271,0.9817,1,0.0062,0.0271,0.9817,0.9907
stack5_scene0011,foam_brick,sponge,瘦f-Sd,0.0271,0.9817,1,0.0062,0.0271,0.9817,0.9907
stack5_scene0011,foam_brick,sponge,瘦f-Se,0.0271,0.9817,1,0.0062,0.0271,0.9817,0.9907
stack5_scene0011,foam_brick,sponge,胖c-S,0.1158,0.9155,1,0.0098,0.1158,0.9155,0.9810
stack5_scene0011,foam_brick,sponge,胖c-Sd,0.1053,0.9226,1,0.0098,0.1053,0.9226,0.9808
stack5_scene0011,foam_brick,sponge,胖c-Se,0.1053,0.9226,1,0.0098,0.1053,0.9226,0.9808
stack5_scene0011,foam_brick,sponge,胖f-S,0.0658,0.9532,1,0.0039,0.0658,0.9532,0.9944
stack5_scene0011,foam_brick,sponge,胖f-Sd,0.0658,0.9532,1,0.0039,0.0658,0.9532,0.9944
stack5_scene0011,foam_brick,sponge,胖f-Se,0.0658,0.9532,1,0.0039,0.0658,0.9532,0.9944
stack5_scene0013,foam_brick,sponge,瘦c-S,0.0983,0.9224,1,0.0068,0.0983,0.9224,0.9862
stack5_scene0013,foam_brick,sponge,瘦c-Sd,0.0665,0.9456,1,0.0068,0.0665,0.9456,0.9858
stack5_scene0013,foam_brick,sponge,瘦c-Se,0.0665,0.9456,1,0.0068,0.0665,0.9456,0.9858
stack5_scene0013,foam_brick,sponge,瘦f-S,0.0173,0.9824,1,0.0137,0.0173,0.9863,0.9824
stack5_scene0013,foam_brick,sponge,瘦f-Sd,0.0173,0.9821,1,0.0137,0.0173,0.9863,0.9821
stack5_scene0013,foam_brick,sponge,瘦f-Se,0.0173,0.9821,1,0.0137,0.0173,0.9863,0.9821
stack5_scene0013,foam_brick,sponge,胖c-S,0.7278,0.6203,0,0.0000,0.7278,0.6203,0.6203
stack5_scene0013,foam_brick,sponge,胖c-Sd,0.7250,0.6195,0,0.0000,0.7250,0.6195,0.6195
stack5_scene0013,foam_brick,sponge,胖c-Se,0.7250,0.6195,0,0.0000,0.7250,0.6195,0.6195
stack5_scene0013,foam_brick,sponge,胖f-S,0.0222,0.9803,1,0.0132,0.0222,0.9803,0.9828
stack5_scene0013,foam_brick,sponge,胖f-Sd,0.0222,0.9802,1,0.0132,0.0222,0.9802,0.9828
stack5_scene0013,foam_brick,sponge,胖f-Se,0.0222,0.9802,1,0.0132,0.0222,0.9802,0.9828
stack5_scene0014,sugar_box,cracker_box,瘦c-S,0.0699,0.8965,1,0.0699,0.0214,0.8965,0.9780
stack5_scene0014,sugar_box,cracker_box,瘦c-Sd,0.0466,0.9449,1,0.0466,0.0109,0.9449,0.9857
stack5_scene0014,sugar_box,cracker_box,瘦c-Se,0.0466,0.9449,1,0.0466,0.0109,0.9449,0.9857
stack5_scene0014,sugar_box,cracker_box,瘦f-S,0.1528,0.9522,1,0.1528,0.0158,0.9522,0.9684
stack5_scene0014,sugar_box,cracker_box,瘦f-Sd,0.1438,0.9681,1,0.1438,0.0008,0.9968,0.9681
stack5_scene0014,sugar_box,cracker_box,瘦f-Se,0.1438,0.9681,1,0.1438,0.0008,0.9968,0.9681
stack5_scene0014,sugar_box,cracker_box,胖c-S,0.0588,0.8488,1,0.0588,0.0362,0.8488,0.9872
stack5_scene0014,sugar_box,cracker_box,胖c-Sd,0.0441,0.8676,1,0.0441,0.0350,0.8676,0.9917
stack5_scene0014,sugar_box,cracker_box,胖c-Se,0.0441,0.8676,1,0.0441,0.0350,0.8676,0.9917
stack5_scene0014,sugar_box,cracker_box,胖f-S,0.1217,0.9536,1,0.1217,0.0139,0.9536,0.9812
stack5_scene0014,sugar_box,cracker_box,胖f-Sd,0.1003,0.9584,1,0.1003,0.0107,0.9584,0.9854
stack5_scene0014,sugar_box,cracker_box,胖f-Se,0.1003,0.9584,1,0.1003,0.0107,0.9584,0.9854
stack5_scene0016,tomato_soup_can,wood_block,瘦c-S,0.0171,0.9909,1,0.0171,0.0023,0.9909,0.9950
stack5_scene0016,tomato_soup_can,wood_block,瘦c-Sd,0.0171,0.9944,1,0.0171,0.0009,0.9963,0.9944
stack5_scene0016,tomato_soup_can,wood_block,瘦c-Se,0.0171,0.9944,1,0.0171,0.0009,0.9963,0.9944
stack5_scene0016,tomato_soup_can,wood_block,瘦f-S,0.0310,0.9915,1,0.0310,0.0018,0.9936,0.9915
stack5_scene0016,tomato_soup_can,wood_block,瘦f-Sd,0.0295,0.9919,1,0.0295,0.0018,0.9936,0.9919
stack5_scene0016,tomato_soup_can,wood_block,瘦f-Se,0.0295,0.9919,1,0.0295,0.0014,0.9952,0.9919
stack5_scene0016,tomato_soup_can,wood_block,胖c-S,0.0217,0.9926,1,0.0217,0.0018,0.9926,0.9940
stack5_scene0016,tomato_soup_can,wood_block,胖c-Sd,0.0217,0.9940,1,0.0217,0.0009,0.9963,0.9940
stack5_scene0016,tomato_soup_can,wood_block,胖c-Se,0.0217,0.9940,1,0.0217,0.0009,0.9963,0.9940
stack5_scene0016,tomato_soup_can,wood_block,胖f-S,0.0284,0.9749,1,0.0284,0.0068,0.9749,0.9927
stack5_scene0016,tomato_soup_can,wood_block,胖f-Sd,0.0284,0.9798,1,0.0284,0.0055,0.9798,0.9927
stack5_scene0016,tomato_soup_can,wood_block,胖f-Se,0.0284,0.9798,1,0.0284,0.0055,0.9798,0.9927
stack5_scene0018,tomato_soup_can,gelatin_box,瘦c-S,0.0305,0.9797,1,0.0091,0.0305,0.9799,0.9797
stack5_scene0018,tomato_soup_can,gelatin_box,瘦c-Sd,0.0091,0.9769,1,0.0091,0.0076,0.9949,0.9769
stack5_scene0018,tomato_soup_can,gelatin_box,瘦c-Se,0.0091,0.9769,1,0.0091,0.0076,0.9949,0.9769
stack5_scene0018,tomato_soup_can,gelatin_box,瘦f-S,0.0356,0.9667,1,0.0212,0.0356,0.9787,0.9667
stack5_scene0018,tomato_soup_can,gelatin_box,瘦f-Sd,0.0382,0.9666,1,0.0212,0.0382,0.9772,0.9666
stack5_scene0018,tomato_soup_can,gelatin_box,瘦f-Se,0.0382,0.9666,1,0.0212,0.0382,0.9772,0.9666
stack5_scene0018,tomato_soup_can,gelatin_box,胖c-S,0.0316,0.9775,1,0.0061,0.0316,0.9775,0.9871
stack5_scene0018,tomato_soup_can,gelatin_box,胖c-Sd,0.0293,0.9791,1,0.0061,0.0293,0.9791,0.9872
stack5_scene0018,tomato_soup_can,gelatin_box,胖c-Se,0.0293,0.9791,1,0.0061,0.0293,0.9791,0.9872
stack5_scene0018,tomato_soup_can,gelatin_box,胖f-S,0.0519,0.9641,1,0.0138,0.0519,0.9641,0.9789
stack5_scene0018,tomato_soup_can,gelatin_box,胖f-Sd,0.0519,0.9641,1,0.0138,0.0519,0.9641,0.9787
stack5_scene0018,tomato_soup_can,gelatin_box,胖f-Se,0.0519,0.9641,1,0.0138,0.0519,0.9641,0.9787
stack5_scene0019,sugar_box,cracker_box,瘦c-S,0.3250,0.9495,0,0.3250,0.0011,0.9495,0.9495
stack5_scene0019,sugar_box,cracker_box,瘦c-Sd,0.2518,0.9634,1,0.2518,0.0000,1.0000,0.9634
stack5_scene0019,sugar_box,cracker_box,瘦c-Se,0.2107,0.9719,1,0.2107,0.0000,1.0000,0.9719
stack5_scene0019,sugar_box,cracker_box,瘦f-S,0.4839,0.9325,0,0.4839,0.0077,0.9325,0.9325
stack5_scene0019,sugar_box,cracker_box,瘦f-Sd,0.3536,0.9545,1,0.3536,0.0018,0.9896,0.9545
stack5_scene0019,sugar_box,cracker_box,瘦f-Se,0.2964,0.9650,1,0.2964,0.0018,0.9896,0.9650
stack5_scene0019,sugar_box,cracker_box,胖c-S,0.4050,0.9359,0,0.4050,0.0032,0.9359,0.9359
stack5_scene0019,sugar_box,cracker_box,胖c-Sd,0.3100,0.9551,1,0.3100,0.0014,0.9730,0.9551
stack5_scene0019,sugar_box,cracker_box,胖c-Se,0.2967,0.9551,1,0.2967,0.0014,0.9730,0.9551
stack5_scene0019,sugar_box,cracker_box,胖f-S,0.5183,0.9339,0,0.5183,0.0032,0.9339,0.9339
stack5_scene0019,sugar_box,cracker_box,胖f-Sd,0.5117,0.9334,0,0.5117,0.0004,0.9334,0.9334
stack5_scene0019,sugar_box,cracker_box,胖f-Se,0.5083,0.9334,0,0.5083,0.0004,0.9334,0.9334
stack5_scene0020,tuna_fish_can,pudding_box,瘦c-S,0.3480,0.6558,0,0.0023,0.3480,0.6558,0.6558
stack5_scene0020,tuna_fish_can,pudding_box,瘦c-Sd,0.3669,0.6426,0,0.0069,0.3669,0.6426,0.6426
stack5_scene0020,tuna_fish_can,pudding_box,瘦c-Se,0.3669,0.6426,0,0.0069,0.3669,0.6426,0.6426
stack5_scene0020,tuna_fish_can,pudding_box,瘦f-S,0.3055,0.6896,1,0.0092,0.3055,0.6896,0.9875
stack5_scene0020,tuna_fish_can,pudding_box,瘦f-Sd,0.3039,0.6897,1,0.0138,0.3039,0.6897,0.9814
stack5_scene0020,tuna_fish_can,pudding_box,瘦f-Se,0.3039,0.6897,1,0.0138,0.3039,0.6897,0.9814
stack5_scene0020,tuna_fish_can,pudding_box,胖c-S,0.3034,0.6731,1,0.0093,0.3034,0.6731,0.9820
stack5_scene0020,tuna_fish_can,pudding_box,胖c-Sd,0.3019,0.6747,1,0.0070,0.3019,0.6747,0.9860
stack5_scene0020,tuna_fish_can,pudding_box,胖c-Se,0.3019,0.6747,1,0.0070,0.3019,0.6747,0.9860
stack5_scene0020,tuna_fish_can,pudding_box,胖f-S,0.3154,0.6682,1,0.0116,0.3154,0.6682,0.9846
stack5_scene0020,tuna_fish_can,pudding_box,胖f-Sd,0.3154,0.6677,1,0.0140,0.3154,0.6677,0.9815
stack5_scene0020,tuna_fish_can,pudding_box,胖f-Se,0.3154,0.6677,1,0.0140,0.3154,0.6677,0.9815
