scene,mean_iou
n3_scene0001,0.8707
n3_scene0002,0.7833
n3_scene0003,0.7969
n3_scene0004,0.4203
n3_scene0005,0.8407
n3_scene0006,0.7911
n3_scene0007,0.8265
n3_scene0008,0.8694
n3_scene0009,0.4239
n3_scene0010,0.8804
n3_scene0011,0.4688
n3_scene0012,0.6434
n3_scene0013,0.6488
n3_scene0014,0.8589
n3_scene0015,0.8679
n3_scene0016,0.5364
n3_scene0017,0.3463
n3_scene0018,0.8813
n3_scene0019,0.5405
n3_scene0020,0.8642
n3_scene0021,0.8721
n3_scene0022,0.8461
n3_scene0023,0.4302
n3_scene0024,0.8582
n3_scene0025,0.8398
n3_scene0026,0.8571
n3_scene0027,0.8710
n3_scene0028,0.5373
n3_scene0029,0.5796
n3_scene0030,0.6470
n3_scene0031,0.5667
n3_scene0032,0.8262
n3_scene0033,0.8502
n3_scene0034,0.5653
n3_scene0035,0.6207
n3_scene0036,0.6355
n3_scene0037,0.7023
n3_scene0038,0.7907
n3_scene0039,0.8207
n3_scene0040,0.4218
n3_scene0041,0.5447
n3_scene0042,0.3721
n3_scene0043,0.8463
n3_scene0044,0.8086
n3_scene0045,0.8385
n3_scene0046,0.6653
n3_scene0047,0.4250
n3_scene0048,0.6415
n3_scene0049,0.2716
n3_scene0050,0.8135
n3_scene0051,0.6424
n3_scene0052,0.8593
n3_scene0053,0.8172
n3_scene0054,0.6627
n3_scene0055,0.6966
n3_scene0056,0.6403
n3_scene0057,0.8565
n3_scene0058,0.5000
n3_scene0059,0.4302
n3_scene0060,0.8596
n3_scene0061,0.6848
n4_scene0001,0.7828
n4_scene0002,0.7038
n4_scene0003,0.3284
n4_scene0004,0.8654
n4_scene0005,0.8618
n4_scene0006,0.6724
n4_scene0007,0.4631
n4_scene0008,0.8486
n4_scene0009,0.6944
n4_scene0010,0.6274
n4_scene0011,0.4695
n4_scene0012,0.4768
n4_scene0013,0.8197
n4_scene0014,0.8503
n4_scene0015,0.8449
n4_scene0016,0.5829
n4_scene0017,0.8432
n4_scene0018,0.8686
n4_scene0019,0.6940
n4_scene0020,0.7277
n4_scene0021,0.6322
n4_scene0022,0.7038
n4_scene0023,0.8763
n4_scene0024,0.4245
n4_scene0025,0.4170
n4_scene0026,0.8678
n4_scene0027,0.7986
n4_scene0028,0.7760
n4_scene0029,0.6699
n4_scene0030,0.4767
n4_scene0031,0.8184
n4_scene0032,0.8221
n4_scene0033,0.6123
n4_scene0034,0.8640
n4_scene0035,0.6906
n4_scene0036,0.6824
n4_scene0037,0.4532
n4_scene0038,0.8581
n4_scene0039,0.5711
n4_scene0040,0.5126
n4_scene0041,0.5009
n4_scene0042,0.8362
n4_scene0043,0.8779
n4_scene0044,0.6918
n4_scene0045,0.3851
n4_scene0046,0.8841
n4_scene0047,0.5178
n4_scene0048,0.7220
n4_scene0049,0.8187
n4_scene0050,0.8565
n4_scene0051,0.8754
n4_scene0052,0.4215
n4_scene0053,0.5830
n4_scene0054,0.8427
n4_scene0055,0.6433
n4_scene0056,0.5453
n4_scene0057,0.3911
n4_scene0058,0.8153
n4_scene0059,0.6876
n4_scene0060,0.8728
n4_scene0061,0.8240
n5_scene0001,0.5197
n5_scene0002,0.5881
n5_scene0003,0.8591
n5_scene0004,0.8586
n5_scene0005,0.8199
n5_scene0006,0.5452
n5_scene0007,0.7166
n5_scene0008,0.7494
n5_scene0009,0.6644
n5_scene0010,0.6094
n5_scene0011,0.5610
n5_scene0012,0.5710
n5_scene0013,0.4655
n5_scene0014,0.6138
n5_scene0015,0.8554
n5_scene0016,0.6566
n5_scene0017,0.5240
n5_scene0018,0.5658
n5_scene0019,0.8345
n5_scene0020,0.5255
n5_scene0021,0.6276
n5_scene0022,0.8479
n5_scene0023,0.8404
n5_scene0024,0.8184
n5_scene0025,0.8127
n5_scene0026,0.7313
n5_scene0027,0.5758
n5_scene0028,0.8755
n5_scene0029,0.8253
n5_scene0030,0.3419
n5_scene0031,0.8348
n5_scene0032,0.8623
n5_scene0033,0.7856
n5_scene0034,0.5024
n5_scene0035,0.5812
n5_scene0036,0.8112
n5_scene0037,0.5745
n5_scene0038,0.8628
n5_scene0039,0.6435
n5_scene0040,0.3227
n5_scene0041,0.7309
n5_scene0042,0.6815
n5_scene0043,0.8184
n5_scene0044,0.6072
n5_scene0045,0.5134
n5_scene0046,0.5494
n5_scene0047,0.6795
n5_scene0048,0.8434
n5_scene0049,0.8561
n5_scene0050,0.4219
n5_scene0051,0.7251
n5_scene0052,0.6836
n5_scene0053,0.8619
n5_scene0054,0.6693
n5_scene0055,0.8379
n5_scene0056,0.8026
n5_scene0057,0.8588
n5_scene0058,0.5719
n5_scene0059,0.8217
n5_scene0060,0.5866
n5_scene0061,0.5820
occ3_scene0001,0.6038
occ3_scene0002,0.8653
occ3_scene0003,0.8570
occ3_scene0004,0.8382
occ3_scene0005,0.8615
occ3_scene0006,0.8573
occ3_scene0007,0.8616
occ3_scene0008,0.5571
occ3_scene0009,0.5618
occ3_scene0010,0.5778
occ3_scene0011,0.8378
occ3_scene0012,0.8420
occ3_scene0013,0.8286
occ3_scene0014,0.6860
occ3_scene0015,0.4432
occ3_scene0016,0.2885
occ3_scene0017,0.5103
occ3_scene0018,0.8392
occ3_scene0019,0.8182
occ3_scene0020,0.6512
occ4_scene0001,0.4568
occ4_scene0002,0.8440
occ4_scene0003,0.5048
occ4_scene0004,0.6583
occ4_scene0005,0.8166
occ4_scene0006,0.7742
occ4_scene0007,0.8576
occ4_scene0008,0.8524
occ4_scene0009,0.7916
occ4_scene0010,0.6873
occ4_scene0011,0.6034
occ4_scene0012,0.8603
occ4_scene0013,0.4732
occ4_scene0014,0.5255
occ4_scene0015,0.8822
occ4_scene0016,0.8360
occ4_scene0017,0.6743
occ4_scene0018,0.6328
occ4_scene0019,0.5765
occ4_scene0020,0.8632
occ5_scene0001,0.5942
occ5_scene0002,0.8382
occ5_scene0003,0.8325
occ5_scene0004,0.2990
occ5_scene0005,0.6721
occ5_scene0006,0.7851
occ5_scene0007,0.7664
occ5_scene0008,0.5877
occ5_scene0009,0.8423
occ5_scene0010,0.6956
occ5_scene0011,0.7483
occ5_scene0012,0.5914
occ5_scene0013,0.8414
occ5_scene0014,0.5415
occ5_scene0015,0.6068
occ5_scene0016,0.5430
occ5_scene0017,0.7190
occ5_scene0018,0.5466
occ5_scene0019,0.4231
occ5_scene0020,0.5393
stack3_scene0001,0.5760
stack3_scene0002,0.7859
stack3_scene0003,0.8084
stack3_scene0004,0.5833
stack3_scene0005,0.7247
stack3_scene0006,0.6069
stack3_scene0007,0.5084
stack3_scene0008,0.3495
stack3_scene0009,0.5628
stack3_scene0010,0.5585
stack3_scene0011,0.7491
stack3_scene0012,0.8246
stack3_scene0013,0.7369
stack3_scene0014,0.7357
stack3_scene0015,0.7370
stack3_scene0016,0.6028
stack3_scene0017,0.7740
stack3_scene0018,0.4828
stack3_scene0019,0.6261
stack3_scene0020,0.8008
stack4_scene0001,0.6139
stack4_scene0002,0.5628
stack4_scene0003,0.7691
stack4_scene0004,0.4699
stack4_scene0005,0.5043
stack4_scene0006,0.5233
stack4_scene0007,0.7811
stack4_scene0008,0.6434
stack4_scene0009,0.5760
stack4_scene0010,0.3041
stack4_scene0011,0.7957
stack4_scene0012,0.6269
stack4_scene0013,0.5635
stack4_scene0014,0.4823
stack4_scene0015,0.5563
stack4_scene0016,0.6048
stack4_scene0017,0.6131
stack4_scene0018,0.5495
stack4_scene0019,0.7889
stack4_scene0020,0.8169
stack5_scene0001,0.5959
stack5_scene0002,0.6686
stack5_scene0003,0.4788
stack5_scene0004,0.6715
stack5_scene0005,0.6665
stack5_scene0006,0.5829
stack5_scene0007,0.7971
stack5_scene0008,0.6673
stack5_scene0009,0.3880
stack5_scene0010,0.5361
stack5_scene0011,0.7134
stack5_scene0012,0.6683
stack5_scene0013,0.6047
stack5_scene0014,0.7370
stack5_scene0015,0.5059
stack5_scene0016,0.6894
stack5_scene0017,0.6659
stack5_scene0018,0.7952
stack5_scene0019,0.5674
stack5_scene0020,0.6360
