scene,iou,prec,other,bg
n3_scene0001,0.8584,0.9127,0.0015,0.0857
n3_scene0002,0.6061,0.8712,0.0041,0.1247
n3_scene0003,0.7872,0.8317,0.0000,0.1683
n3_scene0004,0.4097,0.4594,0.0000,0.1304
n3_scene0005,0.8238,0.8785,0.0021,0.1194
n3_scene0006,0.8012,0.8789,0.0013,0.1199
n3_scene0007,0.8007,0.8690,0.0000,0.1310
n3_scene0008,0.8488,0.9118,0.0000,0.0881
n3_scene0009,0.5474,0.5917,0.0000,0.0940
n3_scene0010,0.8691,0.9198,0.0000,0.0802
n3_scene0011,0.8503,0.8980,0.0000,0.1020
n3_scene0012,0.8278,0.8716,0.0000,0.1284
n3_scene0013,0.8302,0.8701,0.0000,0.1299
n3_scene0014,0.8438,0.8851,0.0000,0.1149
n3_scene0015,0.8434,0.9010,0.0000,0.0990
n3_scene0016,0.6236,0.8777,0.0074,0.1149
n3_scene0017,0.4230,0.4571,0.0000,0.0861
n3_scene0018,0.8646,0.9208,0.0000,0.0792
n3_scene0019,0.5302,0.5744,0.0000,0.1360
n3_scene0020,0.8536,0.9076,0.0000,0.0924
n3_scene0021,0.8590,0.9055,0.0000,0.0945
n3_scene0022,0.8295,0.8962,0.0000,0.1038
n3_scene0023,0.3371,0.5346,0.0000,0.1343
n3_scene0024,0.8387,0.8899,0.0000,0.1101
n3_scene0025,0.8196,0.8720,0.0000,0.1280
n3_scene0026,0.8340,0.9083,0.0001,0.0916
n3_scene0027,0.8583,0.9023,0.0022,0.0955
n3_scene0028,0.8594,0.9243,0.0069,0.0688
n3_scene0029,0.5713,0.6024,0.0000,0.1103
n3_scene0030,0.8401,0.9067,0.0038,0.0895
n3_scene0031,0.7969,0.8470,0.0000,0.1530
n3_scene0032,0.8105,0.8800,0.0024,0.1177
n3_scene0033,0.8605,0.9094,0.0029,0.0876
n3_scene0034,0.4121,0.4561,0.0015,0.1340
n3_scene0035,0.7959,0.9037,0.0000,0.0963
n3_scene0036,0.7964,0.8426,0.0000,0.1574
n3_scene0037,0.8479,0.9187,0.0007,0.0806
n3_scene0038,0.7643,0.9055,0.0000,0.0945
n3_scene0039,0.8061,0.8525,0.0000,0.1475
n3_scene0040,0.4112,0.4564,0.0000,0.0855
n3_scene0041,0.8219,0.8622,0.0005,0.1373
n3_scene0042,0.4595,0.5540,0.0000,0.1613
n3_scene0043,0.8283,0.8888,0.0000,0.1112
n3_scene0044,0.7964,0.8850,0.0000,0.1150
n3_scene0045,0.8248,0.9001,0.0054,0.0945
n3_scene0046,0.8601,0.9191,0.0024,0.0785
n3_scene0047,0.5454,0.5983,0.0019,0.0803
n3_scene0048,0.8210,0.8681,0.0001,0.1318
n3_scene0049,0.2617,0.2903,0.0000,0.1699
n3_scene0050,0.7978,0.8431,0.0000,0.1569
n3_scene0051,0.8199,0.8813,0.0019,0.1169
n3_scene0052,0.8469,0.9015,0.0006,0.0979
n3_scene0053,0.8123,0.8835,0.0020,0.1145
n3_scene0054,0.8461,0.8995,0.0000,0.1005
n3_scene0055,0.8518,0.9106,0.0000,0.0894
n3_scene0056,0.8054,0.8490,0.0000,0.1510
n3_scene0057,0.8424,0.8907,0.0000,0.1093
n3_scene0058,0.5255,0.8749,0.0083,0.1168
n3_scene0059,0.3262,0.3666,0.0000,0.0863
n3_scene0060,0.8458,0.8986,0.0000,0.1014
n3_scene0061,0.8484,0.9061,0.0006,0.0933
n4_scene0001,0.8203,0.8878,0.0001,0.1121
n4_scene0002,0.8472,0.9028,0.0048,0.0924
n4_scene0003,0.2666,0.2977,0.0000,0.1540
n4_scene0004,0.8534,0.8999,0.0017,0.0984
n4_scene0005,0.8414,0.9023,0.0000,0.0977
n4_scene0006,0.7957,0.8425,0.0000,0.1575
n4_scene0007,0.8142,0.8718,0.0000,0.1282
n4_scene0008,0.8307,0.9047,0.0047,0.0906
n4_scene0009,0.8217,0.8887,0.0043,0.1071
n4_scene0010,0.4975,0.6982,0.0000,0.1331
n4_scene0011,0.8264,0.8830,0.0009,0.1162
n4_scene0012,0.4288,0.5484,0.0038,0.1390
n4_scene0013,0.8296,0.8940,0.0005,0.1055
n4_scene0014,0.8342,0.8888,0.0036,0.1076
n4_scene0015,0.8259,0.8815,0.0000,0.1185
n4_scene0016,0.8286,0.8694,0.0003,0.1303
n4_scene0017,0.8273,0.8856,0.0029,0.1116
n4_scene0018,0.8534,0.9080,0.0006,0.0914
n4_scene0019,0.8039,0.8827,0.0005,0.1169
n4_scene0020,0.8612,0.9195,0.0033,0.0771
n4_scene0021,0.6146,0.6721,0.0000,0.0904
n4_scene0022,0.8501,0.8977,0.0000,0.1023
n4_scene0023,0.8492,0.9157,0.0000,0.0843
n4_scene0024,0.4174,0.5933,0.0023,0.1307
n4_scene0025,0.5996,0.6788,0.0004,0.1159
n4_scene0026,0.8475,0.9034,0.0013,0.0953
n4_scene0027,0.8282,0.8979,0.0007,0.1015
n4_scene0028,0.7789,0.8666,0.0046,0.1288
n4_scene0029,0.6398,0.8614,0.0016,0.1370
n4_scene0030,0.4609,0.5195,0.0035,0.1148
n4_scene0031,0.7935,0.8597,0.0019,0.1384
n4_scene0032,0.8057,0.8592,0.0000,0.1408
n4_scene0033,0.6778,0.8973,0.0013,0.1014
n4_scene0034,0.8364,0.9168,0.0000,0.0832
n4_scene0035,0.6547,0.8568,0.0000,0.1432
n4_scene0036,0.6784,0.9097,0.0003,0.0900
n4_scene0037,0.7927,0.8641,0.0008,0.1350
n4_scene0038,0.8347,0.9069,0.0002,0.0929
n4_scene0039,0.6324,0.6783,0.0053,0.1003
n4_scene0040,0.5010,0.5392,0.0008,0.1008
n4_scene0041,0.4830,0.5441,0.0000,0.1325
n4_scene0042,0.8180,0.8809,0.0000,0.1191
n4_scene0043,0.8503,0.9118,0.0013,0.0869
n4_scene0044,0.6882,0.8715,0.0002,0.1283
n4_scene0045,0.5145,0.5693,0.0000,0.0991
n4_scene0046,0.8617,0.9300,0.0031,0.0669
n4_scene0047,0.5001,0.5441,0.0002,0.1337
n4_scene0048,0.8407,0.9030,0.0001,0.0969
n4_scene0049,0.8311,0.8944,0.0002,0.1054
n4_scene0050,0.8390,0.8873,0.0000,0.1127
n4_scene0051,0.6887,0.8875,0.0012,0.1112
n4_scene0052,0.4873,0.5319,0.0001,0.1174
n4_scene0053,0.8183,0.8841,0.0107,0.1052
n4_scene0054,0.6673,0.8514,0.0000,0.1486
n4_scene0055,0.6333,0.6650,0.0004,0.1220
n4_scene0056,0.6142,0.8708,0.0016,0.1275
n4_scene0057,0.5701,0.6152,0.0000,0.1433
n4_scene0058,0.8107,0.8835,0.0010,0.1154
n4_scene0059,0.8348,0.8993,0.0013,0.0994
n4_scene0060,0.8605,0.9113,0.0000,0.0887
n4_scene0061,0.8155,0.8928,0.0027,0.1045
n5_scene0001,0.6693,0.8707,0.0009,0.1284
n5_scene0002,0.8211,0.8951,0.0041,0.1003
n5_scene0003,0.8648,0.9353,0.0018,0.0629
n5_scene0004,0.8344,0.8963,0.0005,0.1031
n5_scene0005,0.6792,0.8982,0.0007,0.1011
n5_scene0006,0.5457,0.6026,0.0005,0.1048
n5_scene0007,0.8348,0.8772,0.0000,0.1228
n5_scene0008,0.7924,0.8677,0.0011,0.1312
n5_scene0009,0.6512,0.7007,0.0039,0.1299
n5_scene0010,0.8003,0.8531,0.0000,0.1469
n5_scene0011,0.6566,0.7144,0.0002,0.0921
n5_scene0012,0.5515,0.6042,0.0014,0.1228
n5_scene0013,0.4995,0.5809,0.0002,0.1219
n5_scene0014,0.6880,0.8928,0.0009,0.1063
n5_scene0015,0.8367,0.9025,0.0004,0.0971
n5_scene0016,0.7843,0.8620,0.0030,0.1350
n5_scene0017,0.5108,0.5514,0.0000,0.1790
n5_scene0018,0.6425,0.7123,0.0000,0.1172
n5_scene0019,0.8401,0.9001,0.0000,0.0999
n5_scene0020,0.5603,0.6512,0.0015,0.1394
n5_scene0021,0.8293,0.9064,0.0071,0.0865
n5_scene0022,0.8244,0.8934,0.0000,0.1066
n5_scene0023,0.8228,0.8783,0.0014,0.1203
n5_scene0024,0.8240,0.8877,0.0002,0.1121
n5_scene0025,0.7478,0.8832,0.0014,0.1154
n5_scene0026,0.7054,0.8959,0.0019,0.1022
n5_scene0027,0.6249,0.6903,0.0000,0.1006
n5_scene0028,0.8543,0.9183,0.0002,0.0814
n5_scene0029,0.8113,0.8738,0.0000,0.1262
n5_scene0030,0.4805,0.6266,0.0002,0.1313
n5_scene0031,0.8191,0.8790,0.0077,0.1133
n5_scene0032,0.8406,0.9021,0.0000,0.0979
n5_scene0033,0.8196,0.8863,0.0079,0.1058
n5_scene0034,0.4297,0.6289,0.0006,0.1121
n5_scene0035,0.6692,0.7144,0.0000,0.1115
n5_scene0036,0.7911,0.8574,0.0002,0.1424
n5_scene0037,0.6590,0.7013,0.0000,0.1404
n5_scene0038,0.8359,0.9060,0.0000,0.0940
n5_scene0039,0.8400,0.8933,0.0048,0.1019
n5_scene0040,0.3820,0.4089,0.0007,0.1431
n5_scene0041,0.8246,0.8866,0.0000,0.1134
n5_scene0042,0.6816,0.8814,0.0039,0.1148
n5_scene0043,0.8415,0.8957,0.0002,0.1040
n5_scene0044,0.8522,0.9039,0.0005,0.0956
n5_scene0045,0.5239,0.5791,0.0007,0.1088
n5_scene0046,0.6619,0.8635,0.0079,0.1286
n5_scene0047,0.8206,0.8808,0.0028,0.1164
n5_scene0048,0.8356,0.9065,0.0058,0.0877
n5_scene0049,0.8393,0.9148,0.0022,0.0831
n5_scene0050,0.4726,0.5075,0.0000,0.1104
n5_scene0051,0.7036,0.8972,0.0014,0.1014
n5_scene0052,0.7779,0.8608,0.0020,0.1371
n5_scene0053,0.8323,0.9115,0.0015,0.0870
n5_scene0054,0.6546,0.7305,0.0000,0.0824
n5_scene0055,0.8186,0.8747,0.0000,0.1253
n5_scene0056,0.7977,0.8755,0.0024,0.1221
n5_scene0057,0.8450,0.8995,0.0033,0.0972
n5_scene0058,0.6272,0.8242,0.0012,0.1746
n5_scene0059,0.8252,0.8925,0.0059,0.1016
n5_scene0060,0.5703,0.6182,0.0002,0.1129
n5_scene0061,0.5574,0.7384,0.0020,0.1194
occ3_scene0001,0.6063,0.8803,0.0211,0.0986
occ3_scene0002,0.8524,0.8936,0.0040,0.1024
occ3_scene0003,0.6324,0.8884,0.0059,0.1058
occ3_scene0004,0.6349,0.8944,0.0002,0.1054
occ3_scene0005,0.8503,0.9052,0.0047,0.0901
occ3_scene0006,0.8524,0.8950,0.0027,0.1023
occ3_scene0007,0.8476,0.8890,0.0074,0.1036
occ3_scene0008,0.7907,0.8314,0.0012,0.1669
occ3_scene0009,0.5608,0.6036,0.0029,0.1027
occ3_scene0010,0.4282,0.6591,0.0000,0.1311
occ3_scene0011,0.8200,0.8878,0.0226,0.0896
occ3_scene0012,0.8265,0.8770,0.0026,0.1204
occ3_scene0013,0.8373,0.8870,0.0035,0.1095
occ3_scene0014,0.6256,0.8943,0.0098,0.0959
occ3_scene0015,0.4557,0.5238,0.0016,0.1318
occ3_scene0016,0.5036,0.5688,0.0005,0.0946
occ3_scene0017,0.8135,0.8869,0.0016,0.1116
occ3_scene0018,0.8265,0.8634,0.0031,0.1335
occ3_scene0019,0.8269,0.8862,0.0015,0.1123
occ3_scene0020,0.8577,0.9152,0.0049,0.0798
occ4_scene0001,0.5566,0.6169,0.0104,0.1045
occ4_scene0002,0.6669,0.8746,0.0220,0.1035
occ4_scene0003,0.6506,0.8852,0.0060,0.1088
occ4_scene0004,0.6458,0.6813,0.0024,0.0993
occ4_scene0005,0.8097,0.8898,0.0109,0.0987
occ4_scene0006,0.7802,0.8644,0.0127,0.1229
occ4_scene0007,0.8450,0.8938,0.0028,0.1034
occ4_scene0008,0.8378,0.8819,0.0098,0.1083
occ4_scene0009,0.7933,0.8809,0.0126,0.1066
occ4_scene0010,0.6565,0.8727,0.0025,0.1248
occ4_scene0011,0.7642,0.8943,0.0125,0.0932
occ4_scene0012,0.8485,0.9011,0.0009,0.0980
occ4_scene0013,0.5329,0.5960,0.0080,0.1512
occ4_scene0014,0.5074,0.7053,0.0022,0.1201
occ4_scene0015,0.8655,0.9187,0.0098,0.0715
occ4_scene0016,0.8178,0.8654,0.0004,0.1341
occ4_scene0017,0.7929,0.8861,0.0191,0.0943
occ4_scene0018,0.6365,0.6741,0.0036,0.1112
occ4_scene0019,0.5727,0.6086,0.0018,0.1077
occ4_scene0020,0.8451,0.8884,0.0100,0.1015
occ5_scene0001,0.6548,0.8690,0.0069,0.1240
occ5_scene0002,0.8266,0.8945,0.0033,0.1022
occ5_scene0003,0.8366,0.8978,0.0078,0.0944
occ5_scene0004,0.4362,0.5572,0.0012,0.1901
occ5_scene0005,0.6546,0.8795,0.0087,0.1118
occ5_scene0006,0.7654,0.8696,0.0138,0.1166
occ5_scene0007,0.7775,0.8411,0.0117,0.1471
occ5_scene0008,0.6948,0.7640,0.0064,0.1536
occ5_scene0009,0.8263,0.8818,0.0191,0.0991
occ5_scene0010,0.6827,0.7214,0.0066,0.1141
occ5_scene0011,0.6379,0.8352,0.0246,0.1402
occ5_scene0012,0.6575,0.8756,0.0079,0.1165
occ5_scene0013,0.8357,0.9077,0.0085,0.0838
occ5_scene0014,0.5295,0.5798,0.0096,0.1112
occ5_scene0015,0.6782,0.8811,0.0055,0.1133
occ5_scene0016,0.5374,0.5721,0.0052,0.1239
occ5_scene0017,0.8328,0.8732,0.0036,0.1232
occ5_scene0018,0.4755,0.6811,0.0031,0.1515
occ5_scene0019,0.4192,0.4752,0.0068,0.1516
occ5_scene0020,0.5346,0.5828,0.0032,0.1118
stack3_scene0001,0.8112,0.8452,0.0000,0.0840
stack3_scene0002,0.8008,0.8500,0.0021,0.0852
stack3_scene0003,0.8040,0.8401,0.0011,0.0975
stack3_scene0004,0.8112,0.8569,0.0000,0.0891
stack3_scene0005,0.7061,0.7499,0.1455,0.1046
stack3_scene0006,0.5123,0.8353,0.0751,0.0896
stack3_scene0007,0.5278,0.6315,0.0013,0.1237
stack3_scene0008,0.3660,0.4221,0.0000,0.1031
stack3_scene0009,0.8000,0.8404,0.0000,0.0983
stack3_scene0010,0.5585,0.6296,0.0043,0.1128
stack3_scene0011,0.7248,0.7782,0.1130,0.1087
stack3_scene0012,0.8103,0.8524,0.0000,0.0828
stack3_scene0013,0.6900,0.7223,0.1619,0.1158
stack3_scene0014,0.6199,0.6682,0.2100,0.1219
stack3_scene0015,0.6786,0.7165,0.1445,0.1389
stack3_scene0016,0.7673,0.8121,0.1131,0.0749
stack3_scene0017,0.6587,0.7139,0.1966,0.0895
stack3_scene0018,0.5851,0.6501,0.0000,0.0990
stack3_scene0019,0.7880,0.8735,0.0362,0.0903
stack3_scene0020,0.7919,0.8312,0.0027,0.0864
stack4_scene0001,0.8294,0.8880,0.0007,0.0897
stack4_scene0002,0.4790,0.5051,0.0745,0.1777
stack4_scene0003,0.7987,0.8413,0.0427,0.1160
stack4_scene0004,0.4126,0.5829,0.0080,0.0846
stack4_scene0005,0.7757,0.8102,0.0000,0.1431
stack4_scene0006,0.5860,0.6537,0.0233,0.0832
stack4_scene0007,0.7665,0.8721,0.0230,0.1049
stack4_scene0008,0.6317,0.7080,0.0041,0.1013
stack4_scene0009,0.5785,0.8439,0.0330,0.1231
stack4_scene0010,0.2991,0.3206,0.0837,0.1105
stack4_scene0011,0.7176,0.7633,0.1300,0.1067
stack4_scene0012,0.7429,0.7914,0.0858,0.1228
stack4_scene0013,0.6020,0.6787,0.0012,0.1247
stack4_scene0014,0.6994,0.7824,0.0639,0.1538
stack4_scene0015,0.4929,0.5238,0.0005,0.1130
stack4_scene0016,0.8302,0.8626,0.0011,0.0995
stack4_scene0017,0.7559,0.8559,0.0393,0.1048
stack4_scene0018,0.8047,0.8510,0.0778,0.0713
stack4_scene0019,0.7928,0.8563,0.0000,0.1226
stack4_scene0020,0.8070,0.8609,0.0028,0.0946
stack5_scene0001,0.6378,0.7265,0.0034,0.1191
stack5_scene0002,0.6458,0.8695,0.0007,0.1143
stack5_scene0003,0.4752,0.4969,0.0000,0.1149
stack5_scene0004,0.8173,0.8681,0.0008,0.1054
stack5_scene0005,0.7619,0.8096,0.0964,0.0940
stack5_scene0006,0.8187,0.8731,0.0016,0.0987
stack5_scene0007,0.8044,0.8625,0.0017,0.0982
stack5_scene0008,0.7813,0.8377,0.0566,0.1057
stack5_scene0009,0.3891,0.4232,0.0009,0.1317
stack5_scene0010,0.3788,0.5579,0.0000,0.1508
stack5_scene0011,0.7610,0.8169,0.0712,0.1119
stack5_scene0012,0.8011,0.8499,0.0000,0.1130
stack5_scene0013,0.5654,0.6054,0.0769,0.0832
stack5_scene0014,0.7353,0.7914,0.0986,0.1099
stack5_scene0015,0.4732,0.7661,0.0014,0.0899
stack5_scene0016,0.8033,0.8784,0.0113,0.1104
stack5_scene0017,0.6649,0.7619,0.0049,0.0941
stack5_scene0018,0.7778,0.8168,0.0651,0.1180
stack5_scene0019,0.5661,0.8033,0.0637,0.1330
stack5_scene0020,0.7536,0.8119,0.0961,0.0920
