scene,i,j,class,plane_med,plane_min,kink_deg,zov,conn,objA,objB
n3_scene0001,2,3,並排有縫,104.0,97.8,0.0,1.0,0,cups,gelatin_box
n3_scene0002,1,2,並排有縫,123.8,66.0,0.0,1.0,0,racquetball,cracker_box
n3_scene0002,2,9,並排有縫,183.7,183.7,0.0,1.0,0,cracker_box,mustard_bottle
n3_scene0002,3,9,並排有縫,183.7,183.7,0.0,0.7,0,cracker_box,mustard_bottle
n3_scene0002,4,8,同物過切,1.0,0.7,0.0,0.68,0,cracker_box,cracker_box
n3_scene0002,7,8,同物過切,9.4,9.4,0.1,0.96,1,cracker_box,cracker_box
n3_scene0002,1,3,並排有縫,123.8,66.0,0.0,0.0,0,racquetball,cracker_box
n3_scene0002,4,7,同物過切,1.4,1.4,0.1,0.64,0,cracker_box,cracker_box
n3_scene0004,4,5,同物過切,1.9,0.2,0.1,0.8,1,rubiks_cube,rubiks_cube
n3_scene0005,1,3,並排有縫,83.3,74.0,0.0,1.0,0,foam_brick,plum
n3_scene0006,1,2,同物過切,81.7,9.1,0.2,0.4,1,wood_block,wood_block
n3_scene0006,1,5,同物過切,1.0,0.5,0.2,1.0,1,wood_block,wood_block
n3_scene0006,1,4,並排有縫,255.8,255.8,0.1,1.0,0,wood_block,phillips_screwdriver
n3_scene0006,2,3,並排有縫,214.9,188.7,0.1,0.0,0,wood_block,cups
n3_scene0006,4,5,並排有縫,231.0,231.0,0.1,1.0,0,phillips_screwdriver,wood_block
n3_scene0006,2,5,同物過切,56.0,19.7,0.1,0.4,1,wood_block,wood_block
n3_scene0006,1,3,並排有縫,49.3,49.3,0.8,1.0,0,wood_block,cups
n3_scene0006,3,5,並排有縫,235.4,235.4,0.0,1.0,0,cups,wood_block
n3_scene0010,2,3,同物過切,5.8,5.8,0.0,1.0,1,master_chef_can,master_chef_can
n3_scene0011,3,4,同物過切,0.8,0.8,0.0,1.0,0,power_drill,power_drill
n3_scene0011,2,7,同物過切,37.0,37.0,0.0,1.0,1,power_drill,power_drill
n3_scene0011,1,8,同物過切,2.6,0.6,0.0,0.67,1,knife,knife
n3_scene0011,9,11,同物過切,9.4,1.3,0.1,0.13,1,sugar_box,sugar_box
n3_scene0011,4,7,同物過切,22.2,7.5,0.0,1.0,1,power_drill,power_drill
n3_scene0012,1,2,同物過切,12.8,6.8,0.1,1.0,1,scissors,scissors
n3_scene0013,4,5,同物過切,11.8,9.6,0.0,0.4,1,tuna_fish_can,tuna_fish_can
n3_scene0015,3,7,同物過切,7.2,4.0,0.1,0.2,1,potted_meat_can,potted_meat_can
n3_scene0015,1,8,同物過切,12.8,12.8,0.1,1.0,1,cups,cups
n3_scene0015,6,9,同物過切,17.3,15.7,0.0,1.0,1,orange,orange
n3_scene0016,1,2,同物過切,15.5,8.8,0.0,1.0,1,mug,mug
n3_scene0016,5,6,並排有縫,299.9,299.9,0.0,0.0,0,bleach_cleanser,pear
n3_scene0016,3,6,並排有縫,218.4,134.8,0.2,1.0,0,bleach_cleanser,pear
n3_scene0016,1,3,並排有縫,151.2,151.2,0.0,1.0,0,mug,bleach_cleanser
n3_scene0016,3,5,同物過切,17.7,4.2,0.0,0.44,1,bleach_cleanser,bleach_cleanser
n3_scene0023,5,6,同物過切,9.9,9.9,0.0,1.0,1,mustard_bottle,mustard_bottle
n3_scene0024,3,4,同物過切,5.4,5.4,0.0,1.0,1,tennis_ball,tennis_ball
n3_scene0027,1,3,並排有縫,128.7,128.7,0.1,1.0,0,pudding_box,cups
n3_scene0028,3,4,並排有縫,123.8,116.5,0.1,1.0,0,master_chef_can,cracker_box
n3_scene0028,4,9,同物過切,0.9,0.9,0.1,0.96,1,cracker_box,cracker_box
n3_scene0028,3,7,並排有縫,95.2,94.0,0.1,0.83,0,master_chef_can,cracker_box
n3_scene0028,5,13,並排有縫,184.1,184.1,0.1,1.0,0,cracker_box,bleach_cleanser
n3_scene0028,8,12,並排有縫,172.5,172.5,0.0,1.0,0,bleach_cleanser,master_chef_can
n3_scene0028,2,5,並排有縫,155.8,133.2,0.0,0.57,0,bleach_cleanser,cracker_box
n3_scene0028,1,3,同物過切,10.0,7.8,0.1,0.17,1,master_chef_can,master_chef_can
n3_scene0028,2,11,同物過切,15.6,15.6,0.2,0.0,0,bleach_cleanser,bleach_cleanser
n3_scene0028,2,8,同物過切,21.1,2.2,0.0,0.43,1,bleach_cleanser,bleach_cleanser
n3_scene0028,4,8,並排有縫,119.4,112.8,0.0,1.0,0,cracker_box,bleach_cleanser
n3_scene0028,8,11,同物過切,10.7,10.7,0.1,1.0,1,bleach_cleanser,bleach_cleanser
n3_scene0028,1,5,並排有縫,33.5,33.5,0.0,1.0,0,master_chef_can,cracker_box
n3_scene0028,2,10,同物過切,10.0,0.3,0.0,0.25,1,bleach_cleanser,bleach_cleanser
n3_scene0028,1,8,並排有縫,154.1,146.0,0.0,0.96,0,master_chef_can,bleach_cleanser
n3_scene0028,3,5,並排有縫,121.3,108.6,0.1,1.0,0,master_chef_can,cracker_box
n3_scene0028,3,8,並排有縫,136.0,127.3,0.1,1.0,0,master_chef_can,bleach_cleanser
n3_scene0028,5,11,並排有縫,177.8,177.8,0.1,1.0,0,cracker_box,bleach_cleanser
n3_scene0028,5,8,並排有縫,145.2,113.3,0.0,1.0,0,cracker_box,bleach_cleanser
n3_scene0029,1,2,同物過切,1.2,1.2,0.1,1.0,1,rubiks_cube,rubiks_cube
n3_scene0030,3,8,並排有縫,84.5,84.5,0.1,0.11,0,apple,cups
n3_scene0030,1,4,同物過切,5.9,5.9,0.0,1.0,1,power_drill,power_drill
n3_scene0030,6,7,並排有縫,67.8,64.5,0.0,1.0,0,cups,apple
n3_scene0030,7,8,並排有縫,68.9,68.9,0.0,0.67,0,apple,cups
n3_scene0031,1,3,同物過切,2.8,0.7,0.0,0.67,1,knife,knife
n3_scene0032,2,4,同物過切,8.1,8.1,0.1,0.25,1,tomato_soup_can,tomato_soup_can
n3_scene0032,3,4,並排有縫,140.6,140.6,0.0,1.0,0,adjustable_wrench,tomato_soup_can
n3_scene0032,1,5,並排有縫,96.0,96.0,0.1,1.0,0,tomato_soup_can,bowl
n3_scene0032,2,3,並排有縫,136.0,115.2,0.0,0.0,0,tomato_soup_can,adjustable_wrench
n3_scene0033,2,4,同物過切,6.6,5.7,0.1,0.71,1,wood_block,wood_block
n3_scene0033,1,2,同物過切,4.7,4.0,0.1,0.57,1,wood_block,wood_block
n3_scene0033,1,4,同物過切,3.4,3.3,0.1,1.0,1,wood_block,wood_block
n3_scene0033,2,5,並排有縫,61.2,61.2,0.5,0.0,0,wood_block,foam_brick
n3_scene0033,3,5,並排有縫,153.4,149.3,0.0,1.0,0,lemon,foam_brick
n3_scene0034,12,13,同物過切,45.7,45.7,0.1,1.0,0,pitcher_base,pitcher_base
n3_scene0034,12,15,同物過切,38.7,0.3,0.1,1.0,1,pitcher_base,pitcher_base
n3_scene0034,11,13,並排有縫,187.3,187.3,0.0,0.0,0,cups,pitcher_base
n3_scene0034,11,12,並排有縫,179.6,179.6,0.0,1.0,0,cups,pitcher_base
n3_scene0034,11,15,並排有縫,181.0,181.0,0.0,0.0,0,cups,pitcher_base
n3_scene0034,13,15,同物過切,29.1,29.1,0.1,1.0,1,pitcher_base,pitcher_base
n3_scene0036,1,2,同物過切,1.2,0.7,0.0,1.0,0,fork,fork
n3_scene0036,3,5,同物過切,1.4,1.4,0.0,1.0,1,large_clamp,large_clamp
n3_scene0037,2,4,並排有縫,264.5,264.5,0.1,0.0,0,sugar_box,nine_hole_peg_test
n3_scene0037,3,8,並排有縫,241.4,241.4,0.0,1.0,0,sugar_box,nine_hole_peg_test
n3_scene0037,3,4,並排有縫,264.7,264.7,0.1,1.0,0,sugar_box,nine_hole_peg_test
n3_scene0037,2,3,同物過切,21.1,9.5,0.0,0.07,1,sugar_box,sugar_box
n3_scene0037,5,6,同物過切,2.8,2.8,0.1,0.2,1,potted_meat_can,potted_meat_can
n3_scene0037,4,8,同物過切,7.3,3.5,0.1,1.0,1,nine_hole_peg_test,nine_hole_peg_test
n3_scene0037,6,10,同物過切,4.3,3.2,0.1,0.2,1,potted_meat_can,potted_meat_can
n3_scene0037,1,3,同物過切,7.2,5.6,0.0,0.85,1,sugar_box,sugar_box
n3_scene0037,2,8,並排有縫,243.1,243.1,0.0,0.0,0,sugar_box,nine_hole_peg_test
n3_scene0039,2,3,同物過切,10.8,6.8,0.0,1.0,1,tuna_fish_can,tuna_fish_can
n3_scene0040,1,3,同物過切,7.1,3.1,0.0,1.0,1,orange,orange
n3_scene0040,7,8,同物過切,16.0,2.1,0.2,0.71,1,mug,mug
n3_scene0041,1,2,同物過切,6.2,5.9,0.1,1.0,1,cups,cups
n3_scene0041,3,7,同物過切,8.4,8.4,0.1,0.5,1,cups,cups
n3_scene0041,4,6,同物過切,12.3,10.8,0.1,1.0,1,scissors,scissors
n3_scene0041,1,4,並排有縫,168.2,168.2,0.0,0.0,0,cups,scissors
n3_scene0041,5,6,同物過切,11.0,8.7,0.0,1.0,0,scissors,scissors
n3_scene0044,3,4,同物過切,35.0,0.6,0.1,0.5,1,wood_block,wood_block
n3_scene0045,2,3,並排有縫,98.8,95.3,0.0,1.0,0,cups,mustard_bottle
n3_scene0045,2,4,並排有縫,112.3,97.5,0.1,0.0,0,cups,mustard_bottle
n3_scene0046,3,4,並排有縫,131.7,131.7,0.0,0.0,0,baseball,cracker_box
n3_scene0046,6,7,同物過切,9.2,9.2,0.1,1.0,1,cracker_box,cracker_box
n3_scene0046,3,5,並排有縫,131.7,131.7,0.0,1.0,0,baseball,cracker_box
n3_scene0047,1,3,同物過切,23.1,23.1,0.1,1.0,1,cups,cups
n3_scene0047,1,2,並排有縫,37.7,37.7,0.1,1.0,0,cups,cups
n3_scene0048,1,2,同物過切,10.2,6.1,0.0,1.0,1,scissors,scissors
n3_scene0048,4,6,並排有縫,223.1,223.1,0.0,0.0,0,cups,orange
n3_scene0048,4,5,並排有縫,223.1,223.1,0.0,0.6,0,cups,orange
n3_scene0051,2,4,並排有縫,154.4,149.4,0.0,1.0,0,mug,rubiks_cube
n3_scene0051,1,3,同物過切,3.0,0.4,0.0,0.67,1,knife,knife
n3_scene0052,5,6,同物過切,9.0,5.9,0.1,0.2,1,potted_meat_can,potted_meat_can
n3_scene0053,2,4,並排有縫,122.1,112.7,0.0,0.0,0,master_chef_can,gelatin_box
n3_scene0053,1,2,同物過切,14.9,4.8,0.1,0.0,1,master_chef_can,master_chef_can
n3_scene0053,2,7,並排有縫,137.2,136.2,0.1,0.0,0,master_chef_can,nine_hole_peg_test
n3_scene0053,1,5,並排有縫,157.8,157.5,0.1,1.0,0,master_chef_can,nine_hole_peg_test
n3_scene0053,1,4,並排有縫,126.0,119.5,0.0,1.0,0,master_chef_can,gelatin_box
n3_scene0053,5,7,同物過切,8.8,2.0,0.1,1.0,1,nine_hole_peg_test,nine_hole_peg_test
n3_scene0053,6,7,並排有縫,138.8,138.8,0.0,0.0,0,master_chef_can,nine_hole_peg_test
n3_scene0053,1,7,並排有縫,142.7,142.7,0.0,1.0,0,master_chef_can,nine_hole_peg_test
n3_scene0053,2,5,並排有縫,114.0,113.1,0.0,0.0,0,master_chef_can,nine_hole_peg_test
n3_scene0053,3,5,並排有縫,135.9,135.9,0.0,0.31,0,master_chef_can,nine_hole_peg_test
n3_scene0054,1,6,同物過切,106.6,106.6,0.2,1.0,1,power_drill,power_drill
n3_scene0054,2,5,同物過切,6.2,6.2,0.0,1.0,1,apple,apple
n3_scene0055,4,5,同物過切,2.8,2.8,0.0,0.43,1,tomato_soup_can,tomato_soup_can
n3_scene0056,2,3,同物過切,1.4,0.1,0.0,1.0,1,fork,fork
n3_scene0058,2,4,同物過切,43.1,43.1,0.0,0.88,1,pitcher_base,pitcher_base
n3_scene0058,3,4,並排有縫,221.6,221.6,0.0,1.0,0,bleach_cleanser,pitcher_base
n3_scene0058,2,7,並排有縫,224.7,224.7,0.0,0.92,0,pitcher_base,bleach_cleanser
n3_scene0058,1,5,同物過切,18.2,18.2,0.0,0.0,0,bleach_cleanser,bleach_cleanser
n3_scene0058,3,7,同物過切,26.8,26.8,0.2,0.67,1,bleach_cleanser,bleach_cleanser
n3_scene0058,2,3,並排有縫,220.1,220.1,0.0,0.88,0,pitcher_base,bleach_cleanser
n3_scene0058,4,8,並排有縫,221.4,1.0,0.3,1.0,0,pitcher_base,cups
n3_scene0058,4,7,並排有縫,198.9,171.9,0.0,0.67,0,pitcher_base,bleach_cleanser
n3_scene0059,1,2,同物過切,1.1,0.6,0.0,0.08,1,sugar_box,sugar_box
n3_scene0059,3,4,同物過切,3.1,3.1,0.0,0.15,1,sugar_box,sugar_box
n3_scene0059,1,4,同物過切,26.9,26.9,0.0,0.0,0,sugar_box,sugar_box
n3_scene0059,2,5,同物過切,16.9,16.9,0.0,0.0,0,sugar_box,sugar_box
n3_scene0059,1,3,同物過切,0.5,0.5,0.0,0.38,0,sugar_box,sugar_box
n3_scene0060,3,4,同物過切,13.4,12.6,0.0,0.33,1,tuna_fish_can,tuna_fish_can
n3_scene0061,2,3,並排有縫,151.8,142.9,0.0,1.0,0,bowl,lemon
n3_scene0061,1,2,並排有縫,110.7,110.7,0.0,1.0,0,cups,bowl
n4_scene0001,1,2,並排有縫,82.8,82.8,0.0,1.0,0,cups,large_marker
n4_scene0001,5,8,並排有縫,242.6,242.6,0.0,0.0,0,cracker_box,orange
n4_scene0001,3,7,同物過切,8.0,8.0,0.1,0.88,1,cracker_box,cracker_box
n4_scene0001,6,8,並排有縫,242.6,242.6,0.0,1.0,0,cracker_box,orange
n4_scene0001,7,8,並排有縫,243.3,243.3,0.0,0.8,0,cracker_box,orange
n4_scene0002,2,7,並排有縫,186.6,176.9,0.0,1.0,0,cups,nine_hole_peg_test
n4_scene0002,5,7,同物過切,12.9,10.1,0.1,1.0,1,nine_hole_peg_test,nine_hole_peg_test
n4_scene0002,5,6,並排有縫,121.3,86.3,0.1,1.0,0,nine_hole_peg_test,master_chef_can
n4_scene0002,3,6,同物過切,12.5,8.3,0.1,0.5,1,master_chef_can,master_chef_can
n4_scene0002,2,5,並排有縫,171.2,171.2,0.0,1.0,0,cups,nine_hole_peg_test
n4_scene0003,1,4,同物過切,2.2,1.8,0.0,1.0,1,phillips_screwdriver,phillips_screwdriver
n4_scene0004,1,6,同物過切,14.4,11.3,0.0,0.92,1,apple,apple
n4_scene0004,1,3,並排有縫,62.2,61.6,0.0,1.0,0,apple,tomato_soup_can
n4_scene0004,3,5,並排有縫,241.1,241.1,0.1,1.0,0,tomato_soup_can,large_clamp
n4_scene0006,4,5,同物過切,1.9,1.5,0.0,1.0,0,fork,fork
n4_scene0007,1,2,同物過切,16.9,16.9,0.1,0.8,1,cups,cups
n4_scene0007,4,9,同物過切,2.3,0.9,0.0,0.67,1,knife,knife
n4_scene0007,6,8,同物過切,23.7,23.7,0.1,1.0,1,power_drill,power_drill
n4_scene0007,8,10,同物過切,112.5,96.8,0.0,1.0,1,power_drill,power_drill
n4_scene0007,3,10,同物過切,137.3,137.3,0.0,1.0,0,power_drill,power_drill
n4_scene0007,5,7,同物過切,13.8,13.8,0.0,1.0,1,extra_large_clamp,extra_large_clamp
n4_scene0007,6,10,同物過切,1.7,0.6,0.0,1.0,0,power_drill,power_drill
n4_scene0008,3,8,並排有縫,119.8,109.9,0.1,1.0,0,cups,tuna_fish_can
n4_scene0008,3,7,並排有縫,139.3,139.3,0.0,1.0,0,cups,potted_meat_can
n4_scene0008,6,8,同物過切,5.3,5.3,0.1,0.67,1,tuna_fish_can,tuna_fish_can
n4_scene0008,5,7,同物過切,6.2,3.7,0.1,0.0,1,potted_meat_can,potted_meat_can
n4_scene0008,3,6,並排有縫,110.4,106.9,0.0,1.0,0,cups,tuna_fish_can
n4_scene0008,1,3,同物過切,21.2,21.2,0.1,1.0,1,cups,cups
n4_scene0009,2,7,並排有縫,160.0,160.0,0.0,1.0,0,mug,mini_soccer_ball
n4_scene0009,1,5,並排有縫,140.1,140.1,0.1,1.0,0,cups,mug
n4_scene0009,1,4,同物過切,4.7,0.6,0.1,0.57,1,cups,cups
n4_scene0009,2,6,並排有縫,152.0,152.0,0.0,1.0,0,mug,mini_soccer_ball
n4_scene0009,2,5,同物過切,1.6,0.5,0.0,0.14,1,mug,mug
n4_scene0011,1,2,同物過切,6.0,5.2,0.0,1.0,1,scissors,scissors
n4_scene0011,5,7,並排有縫,177.1,145.6,0.1,1.0,0,bleach_cleanser,bowl
n4_scene0011,4,5,同物過切,0.5,0.5,0.1,0.91,1,bleach_cleanser,bleach_cleanser
n4_scene0011,4,8,同物過切,7.3,0.8,0.0,0.25,1,bleach_cleanser,bleach_cleanser
n4_scene0011,1,10,同物過切,4.7,0.8,0.0,1.0,1,scissors,scissors
n4_scene0011,7,8,並排有縫,233.2,233.2,0.1,0.0,0,bowl,bleach_cleanser
n4_scene0011,3,5,並排有縫,157.3,157.3,0.0,1.0,0,cups,bleach_cleanser
n4_scene0012,1,5,同物過切,1.5,1.5,0.0,1.0,1,pitcher_base,pitcher_base
n4_scene0012,3,10,同物過切,3.1,3.1,0.1,1.0,1,rubiks_cube,rubiks_cube
n4_scene0012,1,4,同物過切,1.5,1.5,0.0,1.0,1,pitcher_base,pitcher_base
n4_scene0012,1,6,同物過切,17.3,0.6,0.0,1.0,0,pitcher_base,pitcher_base
n4_scene0012,1,3,並排有縫,88.5,88.5,1.4,1.0,0,pitcher_base,rubiks_cube
n4_scene0013,3,4,同物過切,18.1,7.2,0.1,0.07,1,sugar_box,sugar_box
n4_scene0013,2,7,同物過切,10.8,2.6,0.1,0.4,1,wood_block,wood_block
n4_scene0013,3,7,並排有縫,271.1,271.1,0.0,1.0,0,sugar_box,wood_block
n4_scene0013,1,4,並排有縫,276.6,272.4,0.0,1.0,0,wood_block,sugar_box
n4_scene0013,7,9,並排有縫,275.0,275.0,0.0,1.0,0,wood_block,sugar_box
n4_scene0013,4,5,同物過切,10.2,10.2,0.1,0.07,1,sugar_box,sugar_box
n4_scene0013,7,8,並排有縫,143.9,143.9,0.0,1.0,0,wood_block,baseball
n4_scene0013,1,3,並排有縫,281.5,281.5,0.0,1.0,0,wood_block,sugar_box
n4_scene0013,1,9,並排有縫,288.0,288.0,0.1,1.0,0,wood_block,sugar_box
n4_scene0014,2,4,同物過切,0.6,0.6,0.1,0.83,1,cups,cups
n4_scene0014,5,7,並排有縫,55.3,55.3,0.0,1.0,0,cups,padlock
n4_scene0014,4,5,同物過切,15.9,15.9,0.1,0.17,0,cups,cups
n4_scene0014,3,6,並排有縫,121.2,121.0,0.1,0.67,0,cups,tennis_ball
n4_scene0014,1,3,同物過切,5.3,4.3,0.1,0.89,1,cups,cups
n4_scene0016,2,3,同物過切,9.1,5.0,0.0,1.0,1,scissors,scissors
n4_scene0017,2,3,並排有縫,91.9,91.9,0.0,1.0,0,cups,cups
n4_scene0017,3,6,同物過切,1.4,0.6,0.1,0.67,1,cups,cups
n4_scene0017,2,5,同物過切,3.7,0.3,0.1,0.43,1,cups,cups
n4_scene0017,4,7,同物過切,8.2,7.7,0.1,1.0,1,potted_meat_can,potted_meat_can
n4_scene0017,3,5,並排有縫,77.4,69.1,0.1,0.86,0,cups,cups
n4_scene0018,1,3,並排有縫,142.6,140.8,0.1,1.0,0,softball,sponge
n4_scene0019,2,3,並排有縫,113.5,34.0,0.2,1.0,0,pitcher_base,lemon
n4_scene0019,2,5,同物過切,15.7,8.7,0.1,1.0,1,pitcher_base,pitcher_base
n4_scene0019,3,5,並排有縫,157.8,157.8,0.0,0.0,0,lemon,pitcher_base
n4_scene0020,3,8,並排有縫,65.5,65.5,0.0,1.0,0,apple,tuna_fish_can
n4_scene0020,3,4,並排有縫,66.7,58.9,0.0,1.0,0,apple,tuna_fish_can
n4_scene0020,4,8,同物過切,8.9,8.9,0.0,0.6,1,tuna_fish_can,tuna_fish_can
n4_scene0021,2,7,同物過切,20.7,4.5,0.1,0.89,1,bowl,bowl
n4_scene0022,4,6,同物過切,72.6,72.6,0.1,1.0,1,power_drill,power_drill
n4_scene0022,1,4,同物過切,5.1,4.7,0.0,1.0,1,power_drill,power_drill
n4_scene0024,5,6,並排有縫,154.4,146.3,0.0,1.0,0,mustard_bottle,cups
n4_scene0024,3,6,並排有縫,165.2,165.2,0.0,0.0,0,mustard_bottle,cups
n4_scene0024,2,5,同物過切,34.2,34.2,0.1,1.0,1,mustard_bottle,mustard_bottle
n4_scene0024,3,5,同物過切,31.3,31.3,0.0,0.29,1,mustard_bottle,mustard_bottle
n4_scene0025,6,12,並排有縫,94.2,94.2,0.7,0.0,0,cracker_box,spoon
n4_scene0025,5,10,同物過切,1.4,1.4,0.1,0.79,1,cracker_box,cracker_box
n4_scene0025,5,16,同物過切,2.2,2.1,0.0,0.77,0,cracker_box,cracker_box
n4_scene0025,1,6,並排有縫,264.5,264.5,0.0,1.0,0,sugar_box,cracker_box
n4_scene0025,2,17,同物過切,25.0,25.0,0.0,0.0,0,sugar_box,sugar_box
n4_scene0025,7,13,並排有縫,305.0,305.0,0.1,1.0,0,cracker_box,spoon
n4_scene0025,3,9,同物過切,1.5,1.4,0.0,0.0,1,cracker_box,cracker_box
n4_scene0025,1,2,同物過切,1.9,0.8,0.0,0.0,0,sugar_box,sugar_box
n4_scene0025,10,11,同物過切,17.0,17.0,0.0,0.0,0,cracker_box,cracker_box
n4_scene0025,1,5,並排有縫,283.7,283.7,0.1,0.67,0,sugar_box,cracker_box
n4_scene0025,15,16,同物過切,0.4,0.1,0.0,0.4,0,cracker_box,cracker_box
n4_scene0025,1,17,同物過切,3.8,3.8,0.1,0.8,1,sugar_box,sugar_box
n4_scene0025,6,13,並排有縫,305.0,305.0,0.1,0.0,0,cracker_box,spoon
n4_scene0025,7,12,並排有縫,94.2,94.2,0.7,1.0,0,cracker_box,spoon
n4_scene0025,5,11,同物過切,2.2,2.2,0.1,1.0,0,cracker_box,cracker_box
n4_scene0025,1,4,同物過切,17.3,8.4,0.0,0.13,1,sugar_box,sugar_box
n4_scene0025,1,7,並排有縫,264.5,264.5,0.0,0.27,0,sugar_box,cracker_box
n4_scene0027,1,4,並排有縫,307.3,307.3,0.0,1.0,0,wood_block,tennis_ball
n4_scene0027,2,3,並排有縫,245.0,245.0,0.0,0.0,0,wood_block,pear
n4_scene0027,4,5,並排有縫,290.3,290.3,0.0,1.0,0,tennis_ball,wood_block
n4_scene0027,2,5,同物過切,11.8,11.6,0.1,0.67,1,wood_block,wood_block
n4_scene0027,1,3,並排有縫,222.4,222.4,0.0,1.0,0,wood_block,pear
n4_scene0028,1,2,並排有縫,86.0,86.0,0.0,1.0,0,cups,master_chef_can
n4_scene0028,1,5,並排有縫,58.5,49.0,0.0,0.0,0,cups,master_chef_can
n4_scene0028,1,8,並排有縫,90.5,90.5,0.0,0.79,0,cups,master_chef_can
n4_scene0028,2,3,並排有縫,92.5,92.5,0.0,1.0,0,master_chef_can,cups
n4_scene0028,7,9,同物過切,3.1,0.0,0.0,1.0,1,knife,knife
n4_scene0028,2,5,同物過切,22.3,10.9,0.1,0.29,1,master_chef_can,master_chef_can
n4_scene0028,1,3,同物過切,16.4,16.4,0.0,1.0,1,cups,cups
n4_scene0028,3,5,並排有縫,119.5,119.5,0.0,0.0,0,cups,master_chef_can
n4_scene0029,5,8,同物過切,6.4,1.2,0.0,0.0,1,bleach_cleanser,bleach_cleanser
n4_scene0029,6,9,並排有縫,256.0,242.2,0.0,1.0,0,bleach_cleanser,fork
n4_scene0029,1,4,並排有縫,99.2,99.2,0.0,1.0,0,nine_hole_peg_test,bleach_cleanser
n4_scene0029,4,5,同物過切,45.4,45.4,0.1,0.0,0,bleach_cleanser,bleach_cleanser
n4_scene0029,2,6,並排有縫,123.3,123.3,0.0,1.0,0,baseball,bleach_cleanser
n4_scene0029,1,6,並排有縫,99.3,95.0,0.0,1.0,0,nine_hole_peg_test,bleach_cleanser
n4_scene0029,1,3,同物過切,19.3,18.2,0.1,1.0,1,nine_hole_peg_test,nine_hole_peg_test
n4_scene0029,4,7,同物過切,14.3,13.0,0.1,0.0,1,bleach_cleanser,bleach_cleanser
n4_scene0030,2,4,同物過切,9.0,9.0,0.1,1.0,1,mini_soccer_ball,mini_soccer_ball
n4_scene0030,3,4,並排有縫,71.0,48.9,0.0,0.94,0,cups,mini_soccer_ball
n4_scene0030,1,4,同物過切,9.5,9.0,0.0,1.0,1,mini_soccer_ball,mini_soccer_ball
n4_scene0030,2,3,並排有縫,53.9,53.8,0.1,0.09,0,mini_soccer_ball,cups
n4_scene0030,1,3,並排有縫,53.9,53.8,0.1,0.75,0,mini_soccer_ball,cups
n4_scene0031,3,4,並排有縫,84.2,83.7,0.1,1.0,0,phillips_screwdriver,cups
n4_scene0033,3,8,並排有縫,196.3,173.7,0.0,1.0,0,softball,bleach_cleanser
n4_scene0033,1,2,同物過切,10.1,8.9,0.1,1.0,1,tuna_fish_can,tuna_fish_can
n4_scene0033,3,7,並排有縫,205.2,205.2,0.0,0.0,0,softball,bleach_cleanser
n4_scene0033,5,7,同物過切,15.4,5.0,0.0,0.2,1,bleach_cleanser,bleach_cleanser
n4_scene0033,7,9,同物過切,4.8,4.5,0.1,0.0,0,bleach_cleanser,bleach_cleanser
n4_scene0033,6,9,同物過切,8.9,8.3,0.1,0.2,1,bleach_cleanser,bleach_cleanser
n4_scene0033,3,5,並排有縫,224.2,224.2,0.0,0.0,0,softball,bleach_cleanser
n4_scene0034,4,6,同物過切,0.6,0.6,0.0,0.88,1,cups,cups
n4_scene0035,3,10,同物過切,14.2,2.6,0.1,0.57,1,master_chef_can,master_chef_can
n4_scene0035,1,4,同物過切,0.1,0.1,0.0,0.56,1,cups,cups
n4_scene0035,3,6,同物過切,4.1,4.1,0.0,1.0,1,master_chef_can,master_chef_can
n4_scene0035,2,5,同物過切,5.4,5.4,0.1,1.0,1,cups,cups
n4_scene0035,7,8,同物過切,1.7,0.3,0.0,0.67,1,knife,knife
n4_scene0036,3,4,並排有縫,234.6,216.0,0.0,1.0,0,pitcher_base,spoon
n4_scene0037,1,8,同物過切,3.9,2.1,0.0,1.0,1,scissors,scissors
n4_scene0037,2,8,同物過切,10.1,4.6,0.0,1.0,1,scissors,scissors
n4_scene0039,3,4,並排有縫,78.9,56.6,0.0,1.0,0,cups,wood_block
n4_scene0040,4,6,同物過切,5.8,5.8,0.0,1.0,0,power_drill,power_drill
n4_scene0040,6,11,同物過切,7.4,7.4,0.0,1.0,1,power_drill,power_drill
n4_scene0040,2,4,同物過切,59.4,59.4,0.0,1.0,0,power_drill,power_drill
n4_scene0040,1,11,並排有縫,124.0,120.5,0.1,1.0,0,cups,power_drill
n4_scene0040,6,10,同物過切,32.3,32.3,0.0,1.0,1,power_drill,power_drill
n4_scene0040,4,10,同物過切,39.6,39.6,0.0,1.0,1,power_drill,power_drill
n4_scene0040,2,6,同物過切,5.8,5.8,0.0,1.0,0,power_drill,power_drill
n4_scene0040,1,10,並排有縫,131.1,127.2,0.0,1.0,0,cups,power_drill
n4_scene0041,4,8,同物過切,11.4,11.4,0.1,0.2,1,tomato_soup_can,tomato_soup_can
n4_scene0043,5,8,同物過切,5.7,5.7,0.1,0.33,1,potted_meat_can,potted_meat_can
n4_scene0043,2,3,同物過切,9.7,9.0,0.0,1.0,1,orange,orange
n4_scene0043,6,7,同物過切,10.9,3.1,0.0,0.29,1,sugar_box,sugar_box
n4_scene0043,4,8,同物過切,6.0,4.9,0.1,0.33,1,potted_meat_can,potted_meat_can
n4_scene0043,3,5,並排有縫,158.2,158.2,0.0,0.93,0,orange,potted_meat_can
n4_scene0044,2,3,並排有縫,170.8,170.8,0.0,0.57,0,mug,padlock
n4_scene0046,6,12,並排有縫,70.9,70.9,0.1,0.0,0,cups,cracker_box
n4_scene0046,4,6,並排有縫,90.1,90.1,0.0,0.2,0,cracker_box,cups
n4_scene0046,1,3,同物過切,5.2,5.2,0.1,1.0,0,nine_hole_peg_test,nine_hole_peg_test
n4_scene0046,6,11,並排有縫,106.6,106.6,0.0,0.85,0,cups,cracker_box
n4_scene0046,5,6,並排有縫,90.1,90.1,0.0,1.0,0,cracker_box,cups
n4_scene0046,4,8,同物過切,2.3,2.3,0.0,0.82,1,cracker_box,cracker_box
n4_scene0046,8,11,同物過切,7.7,7.7,0.1,0.96,0,cracker_box,cracker_box
n4_scene0046,1,2,同物過切,5.2,5.2,0.1,0.14,1,nine_hole_peg_test,nine_hole_peg_test
n4_scene0046,7,9,同物過切,52.3,52.3,0.3,1.0,1,mustard_bottle,mustard_bottle
n4_scene0046,7,12,並排有縫,161.3,161.3,0.0,0.0,0,mustard_bottle,cracker_box
n4_scene0046,1,13,同物過切,32.5,32.5,0.1,1.0,0,nine_hole_peg_test,nine_hole_peg_test
n4_scene0046,7,8,並排有縫,197.6,197.6,0.1,0.97,0,mustard_bottle,cracker_box
n4_scene0047,1,2,並排有縫,32.3,32.3,0.0,1.0,0,cups,cups
n4_scene0048,2,4,同物過切,6.1,5.7,0.1,0.62,1,cups,cups
n4_scene0049,2,4,並排有縫,218.0,218.0,0.0,0.0,0,cups,cracker_box
n4_scene0049,5,8,並排有縫,159.3,159.3,0.0,1.0,0,cracker_box,tuna_fish_can
n4_scene0049,4,9,並排有縫,173.2,173.2,0.0,0.0,0,cracker_box,tuna_fish_can
n4_scene0049,8,9,同物過切,6.2,4.6,0.0,0.33,1,tuna_fish_can,tuna_fish_can
n4_scene0049,4,8,並排有縫,159.3,159.3,0.0,0.0,0,cracker_box,tuna_fish_can
n4_scene0049,3,6,同物過切,9.0,7.3,0.1,0.92,1,cracker_box,cracker_box
n4_scene0049,5,9,並排有縫,173.2,173.2,0.0,1.0,0,cracker_box,tuna_fish_can
n4_scene0049,2,8,並排有縫,100.2,100.2,0.0,1.0,0,cups,tuna_fish_can
n4_scene0051,1,7,同物過切,2.7,1.3,0.0,0.86,1,racquetball,racquetball
n4_scene0051,3,5,並排有縫,125.2,125.2,0.0,1.0,0,cups,bowl
n4_scene0052,1,7,同物過切,1.6,0.3,0.0,0.5,1,knife,knife
n4_scene0052,6,9,同物過切,23.0,6.8,0.1,1.0,1,pitcher_base,pitcher_base
n4_scene0053,4,9,並排有縫,82.4,82.4,0.1,1.0,0,power_drill,sugar_box
n4_scene0053,4,6,並排有縫,76.2,76.2,0.1,1.0,0,power_drill,sugar_box
n4_scene0053,5,7,同物過切,7.9,7.9,0.1,0.36,1,sugar_box,sugar_box
n4_scene0053,5,10,並排有縫,237.2,237.2,0.0,0.0,0,sugar_box,apple
n4_scene0053,2,5,並排有縫,116.3,116.3,0.1,0.0,0,power_drill,sugar_box
n4_scene0053,2,8,並排有縫,104.3,91.6,0.1,0.0,0,power_drill,sugar_box
n4_scene0053,4,5,並排有縫,158.4,130.4,0.0,0.0,0,power_drill,sugar_box
n4_scene0053,5,6,同物過切,16.2,14.8,0.1,0.0,1,sugar_box,sugar_box
n4_scene0053,4,8,並排有縫,82.4,82.4,0.1,0.22,0,power_drill,sugar_box
n4_scene0053,4,14,並排有縫,177.9,177.9,0.0,0.0,0,power_drill,sugar_box
n4_scene0053,5,9,同物過切,4.5,1.8,0.0,0.0,0,sugar_box,sugar_box
n4_scene0053,5,15,並排有縫,270.5,270.5,0.1,0.0,0,sugar_box,potted_meat_can
n4_scene0053,2,4,同物過切,36.6,17.2,0.1,1.0,1,power_drill,power_drill
n4_scene0053,8,14,同物過切,12.0,12.0,0.0,0.0,0,sugar_box,sugar_box
n4_scene0053,7,9,同物過切,11.9,11.9,0.1,0.57,1,sugar_box,sugar_box
n4_scene0053,5,11,並排有縫,277.1,277.1,0.1,0.0,0,sugar_box,potted_meat_can
n4_scene0053,5,8,同物過切,14.2,1.8,0.0,0.0,1,sugar_box,sugar_box
n4_scene0053,1,4,同物過切,22.4,22.4,0.1,1.0,1,power_drill,power_drill
n4_scene0053,2,9,並排有縫,91.6,91.6,0.1,1.0,0,power_drill,sugar_box
n4_scene0053,11,15,同物過切,5.0,1.2,0.1,0.4,1,potted_meat_can,potted_meat_can
n4_scene0053,2,6,並排有縫,86.2,84.0,0.1,1.0,0,power_drill,sugar_box
n4_scene0053,7,8,同物過切,11.9,11.9,0.1,1.0,0,sugar_box,sugar_box
n4_scene0054,3,4,同物過切,12.8,2.8,0.1,0.67,1,master_chef_can,master_chef_can
n4_scene0055,3,4,並排有縫,88.1,88.1,0.0,0.89,0,golf_ball,peach
n4_scene0056,3,4,並排有縫,193.4,193.4,0.1,1.0,0,mustard_bottle,scissors
n4_scene0056,4,5,同物過切,6.3,5.3,0.0,1.0,1,scissors,scissors
n4_scene0056,5,6,同物過切,4.7,4.6,0.0,1.0,1,scissors,scissors
n4_scene0056,3,5,並排有縫,175.1,97.2,0.1,1.0,0,mustard_bottle,scissors
n4_scene0058,1,6,並排有縫,142.9,138.1,0.1,1.0,0,tomato_soup_can,sponge
n4_scene0058,1,2,同物過切,8.4,7.6,0.0,0.33,1,tomato_soup_can,tomato_soup_can
n4_scene0058,3,4,同物過切,1.8,0.4,0.0,1.0,1,phillips_screwdriver,phillips_screwdriver
n4_scene0059,5,13,同物過切,5.6,1.7,0.0,0.0,0,bleach_cleanser,bleach_cleanser
n4_scene0059,1,2,並排有縫,281.7,281.7,0.0,1.0,0,wood_block,nine_hole_peg_test
n4_scene0059,9,13,並排有縫,217.4,217.4,0.0,0.0,0,wood_block,bleach_cleanser
n4_scene0059,2,7,並排有縫,277.9,277.9,0.1,1.0,0,nine_hole_peg_test,wood_block
n4_scene0059,1,8,並排有縫,189.6,189.6,0.0,1.0,0,wood_block,bleach_cleanser
n4_scene0059,7,9,同物過切,1.0,1.0,0.1,0.4,1,wood_block,wood_block
n4_scene0059,7,12,並排有縫,280.9,280.9,0.1,1.0,0,wood_block,nine_hole_peg_test
n4_scene0059,9,12,並排有縫,286.5,286.5,0.1,0.0,0,wood_block,nine_hole_peg_test
n4_scene0059,2,9,並排有縫,258.4,258.4,0.0,0.0,0,nine_hole_peg_test,wood_block
n4_scene0059,2,12,同物過切,10.0,3.2,0.1,1.0,1,nine_hole_peg_test,nine_hole_peg_test
n4_scene0060,1,6,同物過切,11.6,7.9,0.0,1.0,1,foam_brick,foam_brick
n4_scene0061,1,2,同物過切,6.4,6.4,0.1,1.0,1,rubiks_cube,rubiks_cube
n4_scene0061,3,4,並排有縫,156.9,133.4,0.0,1.0,0,mini_soccer_ball,cups
n5_scene0001,1,2,同物過切,11.5,7.9,0.1,0.29,1,master_chef_can,master_chef_can
n5_scene0001,10,11,同物過切,4.4,1.7,0.0,1.0,1,scissors,scissors
n5_scene0001,1,5,並排有縫,181.7,177.2,0.0,1.0,0,master_chef_can,bleach_cleanser
n5_scene0001,4,6,同物過切,5.4,0.3,0.0,0.2,1,bleach_cleanser,bleach_cleanser
n5_scene0001,4,5,同物過切,13.6,13.6,0.0,0.0,0,bleach_cleanser,bleach_cleanser
n5_scene0001,5,6,同物過切,21.3,1.8,0.1,0.57,1,bleach_cleanser,bleach_cleanser
n5_scene0001,2,5,並排有縫,146.8,146.8,0.1,1.0,0,master_chef_can,bleach_cleanser
n5_scene0001,1,3,同物過切,1.0,1.0,0.0,1.0,1,master_chef_can,master_chef_can
n5_scene0002,5,8,並排有縫,151.1,151.1,0.1,1.0,0,cups,power_drill
n5_scene0002,3,7,並排有縫,144.7,144.7,0.1,0.33,0,power_drill,cups
n5_scene0002,5,7,同物過切,8.0,8.0,0.1,1.0,1,cups,cups
n5_scene0002,3,5,並排有縫,147.6,147.6,0.0,1.0,0,power_drill,cups
n5_scene0002,5,6,並排有縫,83.4,83.4,0.0,1.0,0,cups,mug
n5_scene0002,1,9,同物過切,2.2,0.0,0.0,1.0,1,rubiks_cube,rubiks_cube
n5_scene0002,7,8,並排有縫,137.1,137.1,0.0,0.67,0,cups,power_drill
n5_scene0003,2,7,同物過切,8.8,4.4,0.1,0.5,1,cups,cups
n5_scene0003,6,9,同物過切,4.7,3.8,0.1,0.89,1,cracker_box,cracker_box
n5_scene0003,1,3,並排有縫,79.5,79.5,0.0,1.0,0,cups,plate
n5_scene0003,7,8,並排有縫,183.4,183.4,0.1,0.17,0,cups,foam_brick
n5_scene0004,1,2,同物過切,27.9,27.9,0.1,0.29,1,nine_hole_peg_test,nine_hole_peg_test
n5_scene0004,1,8,同物過切,24.2,24.2,0.1,1.0,0,nine_hole_peg_test,nine_hole_peg_test
n5_scene0004,6,7,並排有縫,143.4,143.4,0.0,1.0,0,softball,large_clamp
n5_scene0004,1,3,同物過切,27.9,27.9,0.1,1.0,0,nine_hole_peg_test,nine_hole_peg_test
n5_scene0005,3,4,並排有縫,197.0,197.0,0.0,1.0,0,cups,mustard_bottle
n5_scene0005,4,6,並排有縫,187.1,187.1,0.0,1.0,0,mustard_bottle,cups
n5_scene0005,3,6,同物過切,6.3,6.1,0.1,0.67,1,cups,cups
n5_scene0005,2,5,並排有縫,99.8,99.8,0.0,1.0,0,cups,lemon
n5_scene0006,9,14,並排有縫,223.0,223.0,0.1,1.0,0,extra_large_clamp,sugar_box
n5_scene0006,10,12,同物過切,19.7,12.9,0.1,0.31,1,sugar_box,sugar_box
n5_scene0006,10,15,同物過切,10.6,10.6,0.0,0.0,1,sugar_box,sugar_box
n5_scene0006,12,15,同物過切,26.2,26.2,0.1,0.69,0,sugar_box,sugar_box
n5_scene0006,10,11,同物過切,10.2,10.2,0.1,0.07,0,sugar_box,sugar_box
n5_scene0006,9,15,並排有縫,223.0,223.0,0.1,1.0,0,extra_large_clamp,sugar_box
n5_scene0006,6,9,並排有縫,256.3,256.3,0.0,0.8,0,mini_soccer_ball,extra_large_clamp
n5_scene0007,5,7,同物過切,8.5,0.3,0.1,0.2,1,cups,cups
n5_scene0008,2,3,並排有縫,414.9,414.9,0.1,1.0,0,tuna_fish_can,pitcher_base
n5_scene0008,3,5,並排有縫,122.5,35.8,0.1,1.0,0,pitcher_base,medium_clamp
n5_scene0008,2,7,同物過切,11.3,9.3,0.0,0.67,1,tuna_fish_can,tuna_fish_can
n5_scene0009,5,6,並排有縫,54.4,49.4,0.0,1.0,0,peach,strawberry
n5_scene0010,3,8,同物過切,14.1,2.8,0.0,1.0,1,orange,orange
n5_scene0010,2,7,同物過切,0.8,0.1,0.0,1.0,1,fork,fork
n5_scene0010,1,6,同物過切,1.6,0.5,0.0,0.67,1,knife,knife
n5_scene0010,2,8,並排有縫,79.4,79.4,0.0,1.0,0,fork,orange
n5_scene0011,1,10,並排有縫,82.1,82.1,0.1,1.0,0,phillips_screwdriver,wood_block
n5_scene0011,2,11,同物過切,22.9,8.3,0.2,1.0,1,wood_block,wood_block
n5_scene0011,3,11,同物過切,22.9,8.3,0.2,0.0,0,wood_block,wood_block
n5_scene0012,1,2,同物過切,3.1,3.1,0.0,0.8,1,tomato_soup_can,tomato_soup_can
n5_scene0012,3,4,並排有縫,103.6,103.6,0.0,1.0,0,cups,apple
n5_scene0012,5,7,同物過切,14.0,10.6,0.1,0.2,1,potted_meat_can,potted_meat_can
n5_scene0012,5,9,同物過切,4.1,4.1,0.1,0.2,1,potted_meat_can,potted_meat_can
n5_scene0014,5,13,同物過切,4.2,3.9,0.1,1.0,1,cups,cups
n5_scene0014,7,10,同物過切,8.6,8.6,0.0,0.0,0,bleach_cleanser,bleach_cleanser
n5_scene0014,7,13,並排有縫,44.5,44.5,1.1,1.0,0,bleach_cleanser,cups
n5_scene0014,4,8,同物過切,18.6,3.2,0.0,0.0,0,bleach_cleanser,bleach_cleanser
n5_scene0014,6,10,並排有縫,2.0,2.0,0.0,0.0,0,cups,bleach_cleanser
n5_scene0014,4,10,同物過切,6.3,1.9,0.0,0.4,1,bleach_cleanser,bleach_cleanser
n5_scene0014,3,8,同物過切,14.7,14.0,0.1,0.0,1,bleach_cleanser,bleach_cleanser
n5_scene0014,1,7,並排有縫,152.3,152.3,0.0,1.0,0,cups,bleach_cleanser
n5_scene0014,2,6,並排有縫,204.7,204.7,0.0,1.0,0,master_chef_can,cups
n5_scene0015,2,4,同物過切,3.2,0.2,0.1,1.0,1,cups,cups
n5_scene0015,4,6,同物過切,12.5,12.5,0.1,0.71,1,cups,cups
n5_scene0015,2,6,同物過切,8.1,8.1,0.0,1.0,1,cups,cups
n5_scene0015,4,8,並排有縫,105.3,105.3,0.0,1.0,0,cups,padlock
n5_scene0015,2,8,並排有縫,81.0,72.8,0.0,1.0,0,cups,padlock
n5_scene0016,1,8,並排有縫,158.6,147.7,0.0,0.25,0,mini_soccer_ball,cracker_box
n5_scene0016,4,7,同物過切,7.8,3.2,0.1,0.96,1,cracker_box,cracker_box
n5_scene0016,1,7,並排有縫,145.9,139.4,0.0,0.85,0,mini_soccer_ball,cracker_box
n5_scene0016,1,10,並排有縫,158.6,147.7,0.0,1.0,0,mini_soccer_ball,cracker_box
n5_scene0016,1,6,並排有縫,115.9,112.2,0.0,1.0,0,mini_soccer_ball,racquetball
n5_scene0016,1,3,並排有縫,110.1,110.1,0.7,1.0,0,mini_soccer_ball,golf_ball
n5_scene0016,1,9,並排有縫,169.4,169.4,0.0,1.0,0,mini_soccer_ball,cracker_box
n5_scene0017,2,6,同物過切,7.8,5.3,0.0,1.0,1,adjustable_wrench,adjustable_wrench
n5_scene0019,8,10,同物過切,1.8,1.0,0.1,0.4,1,wood_block,wood_block
n5_scene0019,5,10,同物過切,4.5,4.5,0.1,0.4,1,wood_block,wood_block
n5_scene0019,2,5,並排有縫,123.9,123.9,0.0,1.0,0,pudding_box,wood_block
n5_scene0020,7,8,並排有縫,251.6,251.6,0.1,0.83,0,pitcher_base,sponge
n5_scene0021,8,9,並排有縫,138.6,133.3,0.0,1.0,0,tomato_soup_can,softball
n5_scene0021,8,12,並排有縫,61.9,60.8,0.0,1.0,0,tomato_soup_can,power_drill
n5_scene0021,4,5,並排有縫,44.1,44.1,0.0,1.0,0,power_drill,nine_hole_peg_test
n5_scene0021,5,6,並排有縫,13.5,13.5,0.2,1.0,0,nine_hole_peg_test,power_drill
n5_scene0021,4,8,並排有縫,77.7,77.7,0.1,1.0,0,power_drill,tomato_soup_can
n5_scene0021,5,12,並排有縫,29.8,29.8,0.0,1.0,0,nine_hole_peg_test,power_drill
n5_scene0021,8,11,並排有縫,117.8,117.8,0.0,1.0,0,tomato_soup_can,nine_hole_peg_test
n5_scene0021,7,9,並排有縫,116.1,115.8,0.1,0.5,0,tomato_soup_can,softball
n5_scene0021,3,5,並排有縫,41.3,41.3,0.0,1.0,0,power_drill,nine_hole_peg_test
n5_scene0021,3,8,並排有縫,73.0,53.0,0.1,1.0,0,power_drill,tomato_soup_can
n5_scene0021,5,11,同物過切,13.5,12.5,0.1,1.0,1,nine_hole_peg_test,nine_hole_peg_test
n5_scene0021,5,8,並排有縫,116.1,106.1,0.1,1.0,0,nine_hole_peg_test,tomato_soup_can
n5_scene0021,2,3,同物過切,42.9,42.9,0.0,0.92,0,power_drill,power_drill
n5_scene0021,11,12,並排有縫,25.2,25.2,0.0,0.71,0,nine_hole_peg_test,power_drill
n5_scene0021,2,12,同物過切,15.4,13.4,0.0,0.83,1,power_drill,power_drill
n5_scene0022,3,5,同物過切,14.8,14.3,0.1,1.0,1,apple,apple
n5_scene0023,3,6,同物過切,6.4,5.7,0.1,1.0,1,cups,cups
n5_scene0023,4,7,並排有縫,149.0,149.0,0.0,0.5,0,mug,plate
n5_scene0024,9,10,同物過切,18.3,15.0,0.1,0.57,1,tuna_fish_can,tuna_fish_can
n5_scene0024,2,4,同物過切,13.3,13.3,0.1,0.0,0,sugar_box,sugar_box
n5_scene0024,2,10,並排有縫,359.9,359.9,0.1,0.0,0,sugar_box,tuna_fish_can
n5_scene0024,2,3,同物過切,13.3,1.8,0.1,0.0,0,sugar_box,sugar_box
n5_scene0024,2,6,同物過切,11.0,11.0,0.0,0.0,1,sugar_box,sugar_box
n5_scene0024,2,5,同物過切,11.0,11.0,0.0,0.0,1,sugar_box,sugar_box
n5_scene0025,1,5,同物過切,11.5,5.2,0.1,0.44,1,master_chef_can,master_chef_can
n5_scene0025,5,8,並排有縫,159.4,144.7,0.0,0.0,0,master_chef_can,potted_meat_can
n5_scene0025,2,9,同物過切,27.1,8.5,0.1,0.91,1,pitcher_base,pitcher_base
n5_scene0025,4,8,同物過切,6.9,0.7,0.1,0.29,0,potted_meat_can,potted_meat_can
n5_scene0026,6,8,同物過切,29.8,29.8,0.2,1.0,1,wood_block,wood_block
n5_scene0026,5,6,並排有縫,169.5,169.5,0.0,1.0,0,peach,wood_block
n5_scene0026,1,3,並排有縫,96.2,95.8,0.0,1.0,0,cups,bleach_cleanser
n5_scene0027,1,3,同物過切,3.1,2.5,0.1,0.86,1,cups,cups
n5_scene0028,2,4,並排有縫,64.6,64.6,0.0,0.0,0,nine_hole_peg_test,bowl
n5_scene0028,5,11,同物過切,3.5,2.6,0.1,0.7,1,cups,cups
n5_scene0028,3,4,並排有縫,79.9,79.9,0.1,0.57,0,nine_hole_peg_test,bowl
n5_scene0028,2,7,並排有縫,80.4,80.4,0.0,0.0,0,nine_hole_peg_test,bowl
n5_scene0028,6,9,同物過切,0.7,0.0,0.1,0.67,1,cups,cups
n5_scene0028,2,10,同物過切,4.0,0.0,0.0,1.0,0,nine_hole_peg_test,nine_hole_peg_test
n5_scene0028,1,4,並排有縫,64.6,64.6,0.0,0.92,0,nine_hole_peg_test,bowl
n5_scene0028,2,3,同物過切,18.2,16.4,0.1,1.0,1,nine_hole_peg_test,nine_hole_peg_test
n5_scene0028,1,7,並排有縫,80.4,80.4,0.0,0.92,0,nine_hole_peg_test,bowl
n5_scene0028,1,10,同物過切,4.0,0.0,0.0,0.71,1,nine_hole_peg_test,nine_hole_peg_test
n5_scene0028,1,3,同物過切,18.2,16.4,0.1,0.71,1,nine_hole_peg_test,nine_hole_peg_test
n5_scene0030,1,2,同物過切,8.8,6.3,0.0,1.0,1,scissors,scissors
n5_scene0030,10,11,同物過切,10.5,1.7,0.0,0.13,1,sugar_box,sugar_box
n5_scene0030,4,7,同物過切,77.4,77.4,0.1,1.0,1,plate,plate
n5_scene0031,2,3,並排有縫,47.6,43.2,0.0,1.0,0,orange,foam_brick
n5_scene0032,1,2,同物過切,25.9,23.5,0.1,1.0,1,cups,cups
n5_scene0033,3,8,並排有縫,179.2,170.6,0.1,0.0,0,cracker_box,extra_large_clamp
n5_scene0033,1,2,並排有縫,150.9,82.1,0.0,1.0,0,baseball,cracker_box
n5_scene0033,2,4,同物過切,2.2,2.2,0.1,1.0,1,cracker_box,cracker_box
n5_scene0033,3,4,同物過切,2.2,2.2,0.1,0.42,1,cracker_box,cracker_box
n5_scene0033,5,8,並排有縫,161.0,160.7,0.1,0.5,0,cracker_box,extra_large_clamp
n5_scene0033,2,9,並排有縫,174.6,164.7,0.0,1.0,0,cracker_box,mini_soccer_ball
n5_scene0033,4,5,同物過切,2.3,1.5,0.1,0.89,1,cracker_box,cracker_box
n5_scene0033,3,9,並排有縫,174.6,164.7,0.0,0.33,0,cracker_box,mini_soccer_ball
n5_scene0033,1,3,並排有縫,151.6,82.1,0.0,0.0,0,baseball,cracker_box
n5_scene0033,2,8,並排有縫,179.2,170.6,0.1,1.0,0,cracker_box,extra_large_clamp
n5_scene0034,9,11,同物過切,25.7,9.2,0.1,0.62,1,tuna_fish_can,tuna_fish_can
n5_scene0034,3,9,並排有縫,60.7,60.7,0.6,1.0,0,mustard_bottle,tuna_fish_can
n5_scene0034,4,14,同物過切,12.9,12.9,0.1,0.83,1,rubiks_cube,rubiks_cube
n5_scene0034,3,6,同物過切,5.1,5.1,0.0,1.0,1,mustard_bottle,mustard_bottle
n5_scene0034,1,2,同物過切,1.2,1.2,0.0,0.9,1,cups,cups
n5_scene0034,3,11,並排有縫,51.4,51.4,0.5,1.0,0,mustard_bottle,tuna_fish_can
n5_scene0035,1,7,同物過切,9.9,2.4,0.0,1.0,1,apple,apple
n5_scene0036,6,8,並排有縫,212.3,212.3,0.1,0.0,0,potted_meat_can,golf_ball
n5_scene0036,2,6,同物過切,3.7,3.6,0.1,0.2,1,potted_meat_can,potted_meat_can
n5_scene0036,5,6,同物過切,7.7,7.7,0.1,0.2,1,potted_meat_can,potted_meat_can
n5_scene0036,2,8,並排有縫,239.0,239.0,0.0,1.0,0,potted_meat_can,golf_ball
n5_scene0037,2,4,同物過切,12.4,12.4,0.0,1.0,1,power_drill,power_drill
n5_scene0037,1,5,同物過切,86.1,86.1,0.0,1.0,1,power_drill,power_drill
n5_scene0037,1,4,同物過切,16.6,16.6,0.0,1.0,1,power_drill,power_drill
n5_scene0037,2,5,同物過切,67.0,67.0,0.0,1.0,0,power_drill,power_drill
n5_scene0038,2,5,同物過切,12.2,12.2,0.0,1.0,1,apple,apple
n5_scene0038,3,6,同物過切,11.6,8.7,0.0,0.89,1,orange,orange
n5_scene0039,7,10,並排有縫,114.1,114.1,0.0,1.0,0,cups,foam_brick
n5_scene0039,5,7,同物過切,7.2,3.0,0.1,0.78,1,cups,cups
n5_scene0039,8,9,同物過切,12.7,12.7,0.1,0.4,1,potted_meat_can,potted_meat_can
n5_scene0039,5,6,並排有縫,43.1,43.1,0.0,0.78,0,cups,cups
n5_scene0039,3,6,並排有縫,65.3,65.3,0.0,1.0,0,foam_brick,cups
n5_scene0039,9,11,同物過切,11.8,8.9,0.1,0.4,1,potted_meat_can,potted_meat_can
n5_scene0040,6,10,並排有縫,110.0,110.0,0.2,0.86,0,tennis_ball,medium_clamp
n5_scene0042,4,6,並排有縫,204.3,204.3,0.0,0.0,0,bleach_cleanser,cups
n5_scene0042,5,7,並排有縫,245.0,245.0,0.1,0.0,0,bleach_cleanser,large_clamp
n5_scene0042,1,6,並排有縫,102.5,74.5,0.1,1.0,0,bleach_cleanser,cups
n5_scene0042,6,8,並排有縫,135.4,94.7,0.1,1.0,0,cups,extra_large_clamp
n5_scene0042,4,5,同物過切,7.7,3.4,0.0,0.25,1,bleach_cleanser,bleach_cleanser
n5_scene0042,1,8,並排有縫,377.0,377.0,0.1,1.0,0,bleach_cleanser,extra_large_clamp
n5_scene0042,6,7,並排有縫,157.6,157.6,0.0,1.0,0,cups,large_clamp
n5_scene0042,4,7,並排有縫,245.3,245.3,0.1,0.0,0,bleach_cleanser,large_clamp
n5_scene0042,1,4,同物過切,11.3,7.9,0.0,0.0,1,bleach_cleanser,bleach_cleanser
n5_scene0042,1,7,並排有縫,194.6,192.5,0.1,1.0,0,bleach_cleanser,large_clamp
n5_scene0042,2,6,並排有縫,100.3,76.7,0.1,0.83,0,bleach_cleanser,cups
n5_scene0043,2,7,同物過切,1.9,0.8,0.1,0.93,0,cracker_box,cracker_box
n5_scene0043,1,5,並排有縫,190.0,190.0,0.0,1.0,0,softball,cracker_box
n5_scene0043,4,9,並排有縫,317.0,317.0,0.0,0.05,0,cracker_box,cups
n5_scene0043,5,8,並排有縫,194.3,194.3,0.0,1.0,0,cracker_box,strawberry
n5_scene0043,1,4,並排有縫,190.0,190.0,0.0,0.1,0,softball,cracker_box
n5_scene0043,4,8,並排有縫,194.3,194.3,0.0,0.0,0,cracker_box,strawberry
n5_scene0043,5,9,並排有縫,317.0,317.0,0.0,1.0,0,cracker_box,cups
n5_scene0044,1,2,同物過切,13.8,10.0,0.1,0.07,1,sugar_box,sugar_box
n5_scene0044,1,8,同物過切,15.2,15.2,0.1,0.0,0,sugar_box,sugar_box
n5_scene0044,6,7,並排有縫,277.6,277.6,0.0,0.3,0,banana,sugar_box
n5_scene0044,1,7,同物過切,6.1,2.1,0.0,0.07,1,sugar_box,sugar_box
n5_scene0044,2,6,並排有縫,269.6,269.6,0.0,1.0,0,sugar_box,banana
n5_scene0044,1,6,並排有縫,264.5,264.1,0.0,0.0,0,sugar_box,banana
n5_scene0044,4,7,並排有縫,164.9,164.9,0.1,0.46,0,peach,sugar_box
n5_scene0045,8,10,同物過切,1.6,1.6,0.1,1.0,1,mug,mug
n5_scene0046,1,11,同物過切,1.5,0.4,0.0,1.0,0,fork,fork
n5_scene0046,4,6,並排有縫,326.8,326.8,0.0,1.0,0,mustard_bottle,master_chef_can
n5_scene0046,2,13,同物過切,3.0,3.0,0.1,1.0,1,mustard_bottle,mustard_bottle
n5_scene0046,5,13,並排有縫,121.5,86.1,0.0,1.0,0,cups,mustard_bottle
n5_scene0046,10,13,並排有縫,117.3,102.5,0.1,1.0,0,cups,mustard_bottle
n5_scene0046,3,13,並排有縫,128.2,95.5,0.1,1.0,0,knife,mustard_bottle
n5_scene0046,5,10,同物過切,11.0,0.3,0.1,1.0,1,cups,cups
n5_scene0046,3,12,同物過切,1.9,0.3,0.0,0.5,1,knife,knife
n5_scene0046,6,9,同物過切,16.8,10.3,0.1,0.29,1,master_chef_can,master_chef_can
n5_scene0047,1,2,同物過切,10.6,8.4,0.1,1.0,1,scissors,scissors
n5_scene0047,4,6,並排有縫,162.4,162.4,0.0,0.0,0,tomato_soup_can,nine_hole_peg_test
n5_scene0047,5,6,並排有縫,174.0,174.0,0.0,1.0,0,tomato_soup_can,nine_hole_peg_test
n5_scene0047,3,6,同物過切,6.4,1.4,0.1,1.0,1,nine_hole_peg_test,nine_hole_peg_test
n5_scene0048,3,8,並排有縫,151.2,136.4,0.1,1.0,0,cups,wood_block
n5_scene0048,5,8,並排有縫,153.4,153.4,0.1,1.0,0,cups,wood_block
n5_scene0048,3,7,並排有縫,155.6,155.6,0.0,0.0,0,cups,wood_block
n5_scene0048,6,8,同物過切,0.7,0.7,0.1,1.0,1,wood_block,wood_block
n5_scene0048,5,7,並排有縫,127.2,127.2,0.0,0.0,0,cups,wood_block
n5_scene0048,7,9,並排有縫,252.7,252.7,0.0,0.0,0,wood_block,plate
n5_scene0048,6,7,同物過切,4.2,3.1,0.1,0.5,1,wood_block,wood_block
n5_scene0048,7,8,同物過切,6.2,0.3,0.1,0.5,1,wood_block,wood_block
n5_scene0048,3,6,並排有縫,54.6,54.5,0.0,1.0,0,cups,wood_block
n5_scene0048,6,9,並排有縫,220.1,220.1,0.1,1.0,0,wood_block,plate
n5_scene0049,1,5,並排有縫,52.1,29.4,0.0,1.0,0,cups,power_drill
n5_scene0049,8,9,並排有縫,182.1,164.7,0.0,1.0,0,racquetball,pitcher_base
n5_scene0049,5,6,並排有縫,43.8,43.8,0.0,1.0,0,power_drill,cups
n5_scene0049,1,6,同物過切,2.9,2.9,0.1,1.0,1,cups,cups
n5_scene0049,1,9,並排有縫,139.9,139.9,0.0,1.0,0,cups,pitcher_base
n5_scene0050,3,8,同物過切,9.1,7.0,0.0,1.0,1,power_drill,power_drill
n5_scene0050,1,2,同物過切,18.6,18.6,0.1,0.29,1,nine_hole_peg_test,nine_hole_peg_test
n5_scene0050,2,7,同物過切,17.5,17.5,0.2,0.17,1,nine_hole_peg_test,nine_hole_peg_test
n5_scene0050,8,10,同物過切,114.7,114.7,0.0,1.0,1,power_drill,power_drill
n5_scene0050,1,7,同物過切,27.0,27.0,0.2,1.0,0,nine_hole_peg_test,nine_hole_peg_test
n5_scene0050,12,14,同物過切,12.4,10.0,0.0,1.0,1,scissors,scissors
n5_scene0051,1,4,同物過切,39.9,21.1,0.0,1.0,1,mug,mug
n5_scene0051,5,7,並排有縫,248.8,248.8,0.0,1.0,0,softball,cups
n5_scene0051,2,5,並排有縫,89.2,89.2,0.0,1.0,0,cups,softball
n5_scene0051,1,3,同物過切,9.6,8.7,0.1,1.0,1,mug,mug
n5_scene0052,6,8,同物過切,1.8,1.8,0.1,0.0,1,potted_meat_can,potted_meat_can
n5_scene0052,2,6,並排有縫,83.7,69.6,0.1,0.0,0,lemon,potted_meat_can
n5_scene0052,5,6,同物過切,6.5,5.5,0.1,0.2,1,potted_meat_can,potted_meat_can
n5_scene0052,2,5,並排有縫,84.8,84.8,0.1,1.0,0,lemon,potted_meat_can
n5_scene0053,1,5,並排有縫,136.4,106.0,0.1,1.0,0,plate,orange
n5_scene0053,6,8,同物過切,12.3,12.3,0.1,0.67,1,wood_block,wood_block
n5_scene0053,6,7,同物過切,8.1,8.1,0.1,1.0,1,wood_block,wood_block
n5_scene0053,7,8,同物過切,1.7,0.1,0.1,0.5,1,wood_block,wood_block
n5_scene0054,4,15,同物過切,25.4,25.3,0.0,0.43,1,bleach_cleanser,bleach_cleanser
n5_scene0054,8,10,同物過切,26.9,2.1,0.4,0.07,1,sugar_box,sugar_box
n5_scene0056,2,5,並排有縫,70.1,67.1,0.0,1.0,0,cups,extra_large_clamp
n5_scene0056,2,6,同物過切,4.5,0.3,0.1,0.89,1,cups,cups
n5_scene0056,5,6,並排有縫,129.2,83.4,0.0,0.0,0,extra_large_clamp,cups
n5_scene0056,1,4,並排有縫,107.4,101.6,0.0,1.0,0,cups,medium_clamp
n5_scene0057,1,2,同物過切,11.1,11.1,0.0,1.0,1,tuna_fish_can,tuna_fish_can
n5_scene0057,6,8,同物過切,0.6,0.6,0.1,0.8,1,rubiks_cube,rubiks_cube
n5_scene0057,4,5,並排有縫,110.1,110.1,0.0,0.89,0,banana,tennis_ball
n5_scene0057,1,7,同物過切,15.0,15.0,0.0,1.0,1,tuna_fish_can,tuna_fish_can
n5_scene0057,5,6,並排有縫,202.9,202.9,0.0,0.92,0,tennis_ball,rubiks_cube
n5_scene0058,2,7,並排有縫,201.9,25.2,0.0,1.0,0,pitcher_base,baseball
n5_scene0058,4,6,同物過切,2.5,0.5,0.0,1.0,1,fork,fork
n5_scene0058,2,6,並排有縫,48.7,32.0,1.2,1.0,0,pitcher_base,fork
n5_scene0058,2,5,並排有縫,128.9,128.9,2.1,1.0,0,pitcher_base,adjustable_wrench
n5_scene0058,1,3,同物過切,4.1,1.0,0.0,1.0,1,padlock,padlock
n5_scene0059,1,4,並排有縫,134.6,134.6,0.0,1.0,0,cups,foam_brick
n5_scene0059,6,7,同物過切,3.5,1.4,0.1,0.96,0,cracker_box,cracker_box
n5_scene0059,2,9,並排有縫,87.4,87.4,0.0,1.0,0,cups,racquetball
n5_scene0059,8,9,並排有縫,296.6,296.6,0.1,1.0,0,cracker_box,racquetball
n5_scene0059,2,8,並排有縫,219.8,211.8,0.0,1.0,0,cups,cracker_box
n5_scene0060,1,5,並排有縫,175.4,172.1,0.0,1.0,0,mini_soccer_ball,master_chef_can
n5_scene0060,1,4,同物過切,17.3,17.3,0.0,1.0,1,mini_soccer_ball,mini_soccer_ball
n5_scene0060,2,5,並排有縫,175.4,172.1,0.0,1.0,0,mini_soccer_ball,master_chef_can
n5_scene0060,3,5,同物過切,14.8,2.9,0.1,0.38,1,master_chef_can,master_chef_can
n5_scene0061,1,3,同物過切,3.5,3.5,0.1,1.0,1,mustard_bottle,mustard_bottle
occ3_scene0001,4,9,同物過切,0.2,0.1,0.1,1.0,1,wood_block,wood_block
occ3_scene0001,8,9,並排有縫,91.3,85.1,0.0,0.0,0,bleach_cleanser,wood_block
occ3_scene0001,1,6,並排有縫,90.0,90.0,0.0,1.0,0,bleach_cleanser,peach
occ3_scene0001,2,5,同物過切,38.3,38.3,0.0,0.0,0,bleach_cleanser,bleach_cleanser
occ3_scene0001,1,9,並排有縫,114.2,114.2,0.0,1.0,0,bleach_cleanser,wood_block
occ3_scene0001,2,8,同物過切,24.0,6.9,0.0,0.5,1,bleach_cleanser,bleach_cleanser
occ3_scene0001,3,9,並排有縫,60.4,13.1,0.1,1.0,0,bleach_cleanser,wood_block
occ3_scene0001,4,8,並排有縫,9.0,9.0,0.0,0.0,0,wood_block,bleach_cleanser
occ3_scene0001,3,6,並排有縫,126.8,74.8,0.0,1.0,0,bleach_cleanser,peach
occ3_scene0001,2,4,並排有縫,44.6,44.6,0.0,0.2,0,bleach_cleanser,wood_block
occ3_scene0001,1,5,同物過切,16.8,14.3,0.1,0.0,1,bleach_cleanser,bleach_cleanser
occ3_scene0001,3,8,同物過切,10.0,9.0,0.1,0.0,0,bleach_cleanser,bleach_cleanser
occ3_scene0001,2,9,並排有縫,71.2,50.8,0.0,0.5,0,bleach_cleanser,wood_block
occ3_scene0001,6,9,並排有縫,75.7,70.9,0.0,1.0,0,peach,wood_block
occ3_scene0002,2,3,並排有縫,142.1,142.1,0.0,1.0,0,apple,cups
occ3_scene0002,1,2,並排有縫,43.9,29.0,0.0,0.91,0,plum,apple
occ3_scene0002,1,4,並排有縫,51.1,51.1,0.1,0.9,0,plum,apple
occ3_scene0003,2,3,並排有縫,39.9,33.9,0.0,1.0,0,plum,mustard_bottle
occ3_scene0003,1,2,並排有縫,119.3,119.3,0.0,1.0,0,baseball,plum
occ3_scene0003,1,3,並排有縫,158.4,158.4,0.0,1.0,0,baseball,mustard_bottle
occ3_scene0004,2,3,並排有縫,150.0,148.9,0.1,1.0,0,pitcher_base,foam_brick
occ3_scene0005,2,4,同物過切,2.8,0.8,0.1,0.62,1,cups,cups
occ3_scene0005,1,5,並排有縫,56.0,46.4,0.0,1.0,0,tennis_ball,mug
occ3_scene0005,2,5,並排有縫,85.9,70.8,0.0,0.75,0,cups,mug
occ3_scene0005,1,3,並排有縫,55.0,55.0,0.0,0.33,0,tennis_ball,mug
occ3_scene0005,3,5,同物過切,0.3,0.3,0.1,0.67,1,mug,mug
occ3_scene0006,2,3,並排有縫,102.9,98.4,0.0,1.0,0,cups,baseball
occ3_scene0006,1,2,並排有縫,121.5,109.4,0.1,1.0,0,large_clamp,cups
occ3_scene0006,1,3,並排有縫,70.5,59.7,0.1,0.91,0,large_clamp,baseball
occ3_scene0007,2,3,並排有縫,125.3,122.2,0.0,1.0,0,foam_brick,padlock
occ3_scene0007,1,2,並排有縫,41.8,27.2,0.1,1.0,0,sponge,foam_brick
occ3_scene0008,1,2,並排有縫,73.0,70.1,0.1,1.0,0,scissors,cups
occ3_scene0008,1,3,同物過切,5.7,3.4,0.0,1.0,1,scissors,scissors
occ3_scene0008,1,4,同物過切,11.2,3.0,0.1,1.0,1,scissors,scissors
occ3_scene0009,2,3,並排有縫,132.9,132.9,0.0,1.0,0,softball,gelatin_box
occ3_scene0009,2,4,並排有縫,132.5,132.5,0.0,1.0,0,softball,gelatin_box
occ3_scene0011,2,4,並排有縫,81.9,54.7,0.0,1.0,0,cups,pudding_box
occ3_scene0011,1,2,並排有縫,36.7,28.6,0.0,1.0,0,cups,cups
occ3_scene0011,1,4,並排有縫,103.6,93.5,0.0,1.0,0,cups,pudding_box
occ3_scene0011,2,3,並排有縫,80.9,60.4,0.0,1.0,0,cups,pudding_box
occ3_scene0012,1,2,同物過切,3.8,0.9,0.1,1.0,1,padlock,padlock
occ3_scene0012,3,4,並排有縫,75.2,75.2,0.0,1.0,0,strawberry,cups
occ3_scene0013,2,4,並排有縫,82.0,73.9,0.0,0.0,0,tomato_soup_can,golf_ball
occ3_scene0013,1,2,同物過切,60.6,7.7,0.1,0.5,1,tomato_soup_can,tomato_soup_can
occ3_scene0013,1,4,並排有縫,80.2,69.2,0.0,1.0,0,tomato_soup_can,golf_ball
occ3_scene0013,2,5,並排有縫,117.8,117.8,0.0,0.12,0,tomato_soup_can,cups
occ3_scene0013,1,3,並排有縫,135.3,135.3,0.1,1.0,0,tomato_soup_can,cups
occ3_scene0013,3,5,同物過切,5.7,5.4,0.1,0.88,1,cups,cups
occ3_scene0014,3,4,同物過切,10.8,10.0,0.0,1.0,1,mustard_bottle,mustard_bottle
occ3_scene0014,4,6,並排有縫,66.8,66.8,0.1,1.0,0,mustard_bottle,sugar_box
occ3_scene0014,4,5,並排有縫,52.0,22.6,0.1,1.0,0,mustard_bottle,sugar_box
occ3_scene0014,5,6,同物過切,10.7,10.7,0.1,0.07,0,sugar_box,sugar_box
occ3_scene0015,5,7,並排有縫,60.6,60.6,0.0,0.88,0,padlock,apple
occ3_scene0015,6,7,同物過切,89.7,89.7,0.0,1.0,1,apple,apple
occ3_scene0015,5,6,並排有縫,84.0,67.5,0.0,0.88,0,padlock,apple
occ3_scene0016,3,10,同物過切,5.3,0.0,0.0,0.0,1,bleach_cleanser,bleach_cleanser
occ3_scene0016,8,9,同物過切,2.1,2.1,0.1,1.0,0,bleach_cleanser,bleach_cleanser
occ3_scene0016,9,10,同物過切,14.2,13.8,0.0,0.68,1,bleach_cleanser,bleach_cleanser
occ3_scene0016,8,10,同物過切,9.4,7.9,0.1,0.42,1,bleach_cleanser,bleach_cleanser
occ3_scene0017,1,5,並排有縫,122.9,122.9,0.0,1.0,0,cracker_box,softball
occ3_scene0017,1,7,同物過切,7.7,5.5,0.1,0.93,1,cracker_box,cracker_box
occ3_scene0017,2,5,並排有縫,136.4,123.1,0.0,1.0,0,cracker_box,softball
occ3_scene0017,3,5,並排有縫,136.4,123.1,0.0,0.3,0,cracker_box,softball
occ3_scene0018,2,3,並排有縫,79.2,79.2,0.0,1.0,0,plum,flat_screwdriver
occ3_scene0019,2,4,並排有縫,127.8,118.9,0.0,1.0,0,padlock,softball
occ3_scene0019,1,3,同物過切,10.6,7.4,0.1,1.0,1,tuna_fish_can,tuna_fish_can
occ3_scene0019,1,4,並排有縫,127.2,127.2,0.0,1.0,0,tuna_fish_can,softball
occ3_scene0020,2,7,同物過切,6.4,6.4,0.1,0.4,1,wood_block,wood_block
occ3_scene0020,1,5,並排有縫,136.7,136.7,0.0,1.0,0,mini_soccer_ball,orange
occ3_scene0020,4,6,同物過切,4.7,4.7,0.2,1.0,1,wood_block,wood_block
occ3_scene0020,1,4,並排有縫,158.5,133.9,0.0,1.0,0,mini_soccer_ball,wood_block
occ3_scene0020,5,7,並排有縫,174.5,174.5,0.0,0.0,0,orange,wood_block
occ3_scene0020,6,7,同物過切,8.6,8.0,0.2,0.6,1,wood_block,wood_block
occ3_scene0020,4,5,並排有縫,127.8,107.6,0.0,1.0,0,wood_block,orange
occ3_scene0020,1,6,並排有縫,158.0,149.8,0.1,0.92,0,mini_soccer_ball,wood_block
occ3_scene0020,4,7,同物過切,5.3,5.3,0.1,1.0,1,wood_block,wood_block
occ4_scene0001,1,3,同物過切,10.5,6.0,0.1,0.4,1,master_chef_can,master_chef_can
occ4_scene0001,1,2,並排有縫,61.8,51.0,0.1,1.0,0,master_chef_can,cups
occ4_scene0001,2,10,並排有縫,63.7,53.6,0.0,1.0,0,cups,strawberry
occ4_scene0001,2,13,同物過切,80.6,80.6,0.0,1.0,1,cups,cups
occ4_scene0001,2,3,並排有縫,71.0,27.5,0.0,0.0,0,cups,master_chef_can
occ4_scene0001,1,13,並排有縫,80.6,80.6,0.0,1.0,0,master_chef_can,cups
occ4_scene0002,2,4,並排有縫,70.4,53.2,0.0,1.0,0,mustard_bottle,master_chef_can
occ4_scene0002,3,4,同物過切,12.7,9.5,0.1,0.33,1,master_chef_can,master_chef_can
occ4_scene0002,2,3,並排有縫,63.2,56.7,0.1,1.0,0,mustard_bottle,master_chef_can
occ4_scene0002,3,5,並排有縫,66.5,35.5,0.0,0.0,0,master_chef_can,cups
occ4_scene0003,3,7,並排有縫,134.7,119.9,0.0,1.0,0,bleach_cleanser,pudding_box
occ4_scene0003,5,7,並排有縫,260.2,260.2,0.0,0.0,0,bleach_cleanser,pudding_box
occ4_scene0003,8,9,並排有縫,98.7,86.6,0.0,1.0,0,pudding_box,cups
occ4_scene0003,2,5,同物過切,10.8,3.2,0.0,1.0,1,bleach_cleanser,bleach_cleanser
occ4_scene0003,2,8,並排有縫,229.5,229.5,0.0,0.0,0,bleach_cleanser,pudding_box
occ4_scene0003,8,11,並排有縫,100.8,100.8,0.0,0.86,0,pudding_box,bleach_cleanser
occ4_scene0003,2,7,並排有縫,229.5,229.5,0.0,0.0,0,bleach_cleanser,pudding_box
occ4_scene0003,7,9,並排有縫,98.7,86.6,0.0,1.0,0,pudding_box,cups
occ4_scene0003,3,8,並排有縫,134.7,119.9,0.0,1.0,0,bleach_cleanser,pudding_box
occ4_scene0003,5,8,並排有縫,260.2,260.2,0.0,0.0,0,bleach_cleanser,pudding_box
occ4_scene0003,9,12,並排有縫,60.3,60.3,0.0,1.0,0,cups,strawberry
occ4_scene0003,2,6,並排有縫,234.5,234.5,0.0,0.0,0,bleach_cleanser,pudding_box
occ4_scene0003,7,11,並排有縫,100.8,100.8,0.0,0.29,0,pudding_box,bleach_cleanser
occ4_scene0003,6,9,並排有縫,57.9,57.9,0.0,1.0,0,pudding_box,cups
occ4_scene0004,3,4,並排有縫,79.7,76.8,0.0,1.0,0,pear,mug
occ4_scene0004,1,3,並排有縫,67.1,67.1,0.0,0.9,0,gelatin_box,pear
occ4_scene0005,2,4,並排有縫,92.5,92.5,0.0,1.0,0,cups,cups
occ4_scene0005,1,2,並排有縫,92.7,92.7,0.1,0.62,0,cups,cups
occ4_scene0005,3,4,並排有縫,88.2,88.2,0.0,1.0,0,cups,cups
occ4_scene0005,1,4,同物過切,51.4,10.8,0.0,0.88,1,cups,cups
occ4_scene0005,2,3,並排有縫,43.7,34.1,0.0,1.0,0,cups,cups
occ4_scene0005,2,5,同物過切,23.8,2.2,0.1,1.0,1,cups,cups
occ4_scene0005,1,3,並排有縫,86.9,86.9,0.1,0.5,0,cups,cups
occ4_scene0005,3,5,並排有縫,37.1,24.2,0.0,0.83,0,cups,cups
occ4_scene0006,2,4,同物過切,10.0,10.0,0.1,1.0,1,cups,cups
occ4_scene0006,1,2,並排有縫,80.9,68.7,0.0,1.0,0,softball,cups
occ4_scene0006,1,4,並排有縫,77.9,77.1,0.0,0.95,0,softball,cups
occ4_scene0006,1,3,並排有縫,46.0,19.0,0.1,1.0,0,softball,cups
occ4_scene0006,3,5,同物過切,5.0,4.7,0.1,1.0,1,cups,cups
occ4_scene0007,2,3,同物過切,10.5,10.5,0.1,1.0,1,rubiks_cube,rubiks_cube
occ4_scene0007,3,4,並排有縫,75.8,75.8,0.0,1.0,0,rubiks_cube,lemon
occ4_scene0008,3,4,並排有縫,76.7,53.4,0.0,1.0,0,wood_block,golf_ball
occ4_scene0008,3,7,同物過切,6.5,6.5,0.1,1.0,1,wood_block,wood_block
occ4_scene0008,4,5,並排有縫,53.5,41.0,0.0,1.0,0,golf_ball,cups
occ4_scene0008,3,6,並排有縫,166.3,166.3,0.0,1.0,0,wood_block,cups
occ4_scene0008,3,5,並排有縫,143.9,138.1,0.0,1.0,0,wood_block,cups
occ4_scene0009,1,2,並排有縫,118.2,100.0,0.1,1.0,0,tomato_soup_can,bowl
occ4_scene0009,1,5,並排有縫,71.9,63.8,0.0,1.0,0,tomato_soup_can,racquetball
occ4_scene0009,2,3,並排有縫,101.1,78.3,0.0,0.5,0,bowl,tomato_soup_can
occ4_scene0009,5,6,並排有縫,57.3,57.3,0.0,0.92,0,racquetball,tennis_ball
occ4_scene0009,3,6,並排有縫,55.6,48.9,0.0,0.0,0,tomato_soup_can,tennis_ball
occ4_scene0009,1,6,並排有縫,63.8,46.0,0.0,1.0,0,tomato_soup_can,tennis_ball
occ4_scene0009,2,5,並排有縫,33.2,33.2,0.1,1.0,0,bowl,racquetball
occ4_scene0009,3,5,並排有縫,66.0,65.3,0.0,0.0,0,tomato_soup_can,racquetball
occ4_scene0010,2,4,並排有縫,70.9,52.5,0.0,1.0,0,peach,bleach_cleanser
occ4_scene0010,1,2,並排有縫,48.7,37.1,0.0,1.0,0,cups,peach
occ4_scene0010,2,3,並排有縫,63.6,63.6,0.0,1.0,0,peach,bleach_cleanser
occ4_scene0010,4,8,並排有縫,155.3,133.9,0.0,1.0,0,bleach_cleanser,flat_screwdriver
occ4_scene0010,4,7,同物過切,19.4,3.8,0.0,0.46,1,bleach_cleanser,bleach_cleanser
occ4_scene0010,3,5,同物過切,10.0,10.0,0.1,0.0,1,bleach_cleanser,bleach_cleanser
occ4_scene0011,1,2,並排有縫,88.2,70.6,0.1,1.0,0,pitcher_base,cups
occ4_scene0011,1,5,並排有縫,86.9,17.1,0.2,1.0,0,pitcher_base,cups
occ4_scene0011,1,4,並排有縫,40.4,14.1,0.1,1.0,0,pitcher_base,cups
occ4_scene0011,2,3,並排有縫,36.1,34.3,0.0,1.0,0,cups,mug
occ4_scene0011,1,7,並排有縫,28.6,5.1,0.2,1.0,0,pitcher_base,cups
occ4_scene0011,2,6,並排有縫,7.2,7.2,0.0,0.57,0,cups,mug
occ4_scene0011,3,6,同物過切,1.2,1.2,0.0,0.86,1,mug,mug
occ4_scene0011,2,5,同物過切,37.9,36.8,0.1,0.89,1,cups,cups
occ4_scene0011,1,3,並排有縫,187.9,187.9,0.0,1.0,0,pitcher_base,mug
occ4_scene0011,4,7,同物過切,9.9,4.1,0.1,0.5,1,cups,cups
occ4_scene0011,3,5,並排有縫,64.8,62.6,0.1,1.0,0,mug,cups
occ4_scene0012,2,3,並排有縫,188.2,177.0,0.1,1.0,0,cups,wood_block
occ4_scene0012,5,6,同物過切,5.8,3.3,0.1,0.33,1,wood_block,wood_block
occ4_scene0012,3,5,同物過切,1.3,1.3,0.1,1.0,1,wood_block,wood_block
occ4_scene0012,3,6,同物過切,3.6,3.1,0.1,0.67,1,wood_block,wood_block
occ4_scene0013,2,5,並排有縫,59.7,59.7,0.0,0.62,0,peach,cups
occ4_scene0013,9,10,並排有縫,123.4,123.4,0.0,1.0,0,cups,banana
occ4_scene0013,2,9,並排有縫,54.7,49.3,0.0,1.0,0,peach,cups
occ4_scene0014,4,5,並排有縫,98.5,58.9,0.0,1.0,0,mustard_bottle,racquetball
occ4_scene0014,1,3,同物過切,17.4,17.4,0.0,1.0,1,spatula,spatula
occ4_scene0015,6,12,同物過切,42.9,42.9,0.1,0.0,0,sugar_box,sugar_box
occ4_scene0015,3,4,並排有縫,77.4,73.0,0.0,1.0,0,wood_block,sugar_box
occ4_scene0015,3,7,並排有縫,74.6,68.6,0.0,1.0,0,wood_block,sugar_box
occ4_scene0015,4,6,同物過切,15.9,13.7,0.1,0.31,1,sugar_box,sugar_box
occ4_scene0015,3,10,同物過切,18.8,18.8,0.0,1.0,1,wood_block,wood_block
occ4_scene0015,5,10,並排有縫,76.6,76.6,0.1,1.0,0,sugar_box,wood_block
occ4_scene0015,8,12,同物過切,8.0,8.0,0.2,0.0,0,sugar_box,sugar_box
occ4_scene0015,10,12,並排有縫,111.1,100.6,0.1,1.0,0,wood_block,sugar_box
occ4_scene0015,7,10,並排有縫,86.7,86.7,0.1,1.0,0,sugar_box,wood_block
occ4_scene0015,4,8,同物過切,6.4,6.4,0.0,0.15,1,sugar_box,sugar_box
occ4_scene0015,3,12,並排有縫,67.0,67.0,0.0,1.0,0,wood_block,sugar_box
occ4_scene0015,1,2,並排有縫,29.8,22.5,0.0,1.0,0,banana,foam_brick
occ4_scene0015,10,11,同物過切,5.2,0.4,0.1,0.5,1,wood_block,wood_block
occ4_scene0015,7,12,同物過切,33.5,33.5,0.1,0.0,0,sugar_box,sugar_box
occ4_scene0015,3,5,並排有縫,55.6,50.8,0.1,1.0,0,wood_block,sugar_box
occ4_scene0015,4,10,並排有縫,87.9,87.9,0.1,1.0,0,sugar_box,wood_block
occ4_scene0015,3,8,並排有縫,72.3,68.6,0.0,1.0,0,wood_block,sugar_box
occ4_scene0015,9,12,同物過切,28.8,28.8,0.1,0.0,0,sugar_box,sugar_box
occ4_scene0015,8,10,並排有縫,86.7,86.7,0.1,1.0,0,sugar_box,wood_block
occ4_scene0015,2,3,並排有縫,114.7,114.7,0.0,1.0,0,foam_brick,wood_block
occ4_scene0016,2,3,並排有縫,74.4,74.4,0.0,1.0,0,strawberry,gelatin_box
occ4_scene0017,2,4,並排有縫,57.1,45.6,0.1,1.0,0,cups,cups
occ4_scene0017,3,4,並排有縫,70.7,70.7,0.0,1.0,0,mug,cups
occ4_scene0017,1,5,並排有縫,70.8,70.8,0.0,0.15,0,cups,cups
occ4_scene0017,3,7,同物過切,0.5,0.5,0.1,0.78,1,mug,mug
occ4_scene0017,1,4,同物過切,47.1,16.3,0.1,0.6,1,cups,cups
occ4_scene0017,2,5,同物過切,8.0,8.0,0.1,0.85,1,cups,cups
occ4_scene0017,1,3,並排有縫,62.7,62.7,0.0,0.47,0,cups,mug
occ4_scene0018,2,4,並排有縫,133.1,112.8,0.1,1.0,0,cups,sponge
occ4_scene0018,3,4,並排有縫,95.4,95.4,0.1,1.0,0,cups,sponge
occ4_scene0018,4,6,並排有縫,111.2,111.2,0.0,0.0,0,sponge,cups
occ4_scene0018,2,3,並排有縫,106.3,104.1,0.0,1.0,0,cups,cups
occ4_scene0018,2,6,並排有縫,97.1,97.1,0.0,1.0,0,cups,cups
occ4_scene0018,3,6,同物過切,3.1,3.1,0.1,0.6,1,cups,cups
occ4_scene0019,2,3,並排有縫,62.4,62.4,0.0,1.0,0,apple,tomato_soup_can
occ4_scene0019,2,5,並排有縫,67.1,58.5,0.0,1.0,0,apple,tomato_soup_can
occ4_scene0020,2,3,並排有縫,62.9,54.3,0.1,1.0,0,tennis_ball,apple
occ4_scene0020,1,3,並排有縫,91.9,90.1,0.0,0.91,0,gelatin_box,apple
occ5_scene0001,4,9,並排有縫,222.4,222.4,0.1,0.0,0,pudding_box,bleach_cleanser
occ5_scene0001,9,11,同物過切,19.3,4.4,0.0,0.25,1,bleach_cleanser,bleach_cleanser
occ5_scene0001,2,8,並排有縫,13.7,12.1,0.1,1.0,0,sponge,bleach_cleanser
occ5_scene0001,7,13,並排有縫,237.3,237.3,0.1,1.0,0,bleach_cleanser,pudding_box
occ5_scene0001,3,12,並排有縫,66.8,60.6,0.0,0.5,0,bleach_cleanser,medium_clamp
occ5_scene0001,1,2,並排有縫,57.0,24.1,0.1,1.0,0,pear,sponge
occ5_scene0001,9,13,並排有縫,233.8,233.8,0.1,0.0,0,bleach_cleanser,pudding_box
occ5_scene0001,2,7,並排有縫,39.5,39.3,0.1,1.0,0,sponge,bleach_cleanser
occ5_scene0001,7,9,同物過切,1.0,1.0,0.1,0.43,1,bleach_cleanser,bleach_cleanser
occ5_scene0001,7,12,並排有縫,80.3,56.9,0.1,1.0,0,bleach_cleanser,medium_clamp
occ5_scene0001,4,7,並排有縫,190.2,156.6,0.0,1.0,0,pudding_box,bleach_cleanser
occ5_scene0001,3,8,同物過切,11.9,10.8,0.1,0.0,1,bleach_cleanser,bleach_cleanser
occ5_scene0001,1,4,並排有縫,107.6,81.9,0.0,1.0,0,pear,pudding_box
occ5_scene0001,7,11,同物過切,10.0,10.0,0.0,0.0,0,bleach_cleanser,bleach_cleanser
occ5_scene0002,3,8,並排有縫,113.8,92.2,0.0,1.0,0,cups,potted_meat_can
occ5_scene0002,3,7,並排有縫,82.3,68.0,0.1,1.0,0,cups,potted_meat_can
occ5_scene0002,1,8,並排有縫,91.4,86.0,0.0,1.0,0,cups,potted_meat_can
occ5_scene0002,1,4,並排有縫,143.7,143.7,0.0,1.0,0,cups,phillips_screwdriver
occ5_scene0002,6,7,同物過切,1.5,1.5,0.1,0.33,1,potted_meat_can,potted_meat_can
occ5_scene0002,3,5,同物過切,25.9,25.9,0.0,1.0,1,cups,cups
occ5_scene0002,7,8,同物過切,7.2,3.6,0.1,0.33,1,potted_meat_can,potted_meat_can
occ5_scene0003,3,8,同物過切,6.6,6.6,0.1,1.0,1,potted_meat_can,potted_meat_can
occ5_scene0003,2,7,並排有縫,70.8,70.8,0.0,0.0,0,potted_meat_can,gelatin_box
occ5_scene0003,5,8,並排有縫,51.3,18.7,0.1,1.0,0,cups,potted_meat_can
occ5_scene0003,1,5,並排有縫,106.4,106.4,0.0,1.0,0,pear,cups
occ5_scene0003,5,7,並排有縫,60.2,55.9,0.0,1.0,0,cups,gelatin_box
occ5_scene0003,6,7,並排有縫,78.0,78.0,0.1,1.0,0,potted_meat_can,gelatin_box
occ5_scene0003,5,6,並排有縫,59.5,52.2,0.0,1.0,0,cups,potted_meat_can
occ5_scene0003,2,5,並排有縫,4.4,4.4,0.0,1.0,0,potted_meat_can,cups
occ5_scene0003,4,7,並排有縫,102.0,102.0,0.0,1.0,0,foam_brick,gelatin_box
occ5_scene0003,2,8,同物過切,7.6,2.3,0.1,0.2,1,potted_meat_can,potted_meat_can
occ5_scene0004,9,10,並排有縫,101.3,99.3,0.0,1.0,0,mug,cups
occ5_scene0005,1,3,同物過切,19.7,18.6,0.1,0.0,1,bleach_cleanser,bleach_cleanser
occ5_scene0005,6,8,並排有縫,7.6,7.6,0.1,1.0,0,peach,cups
occ5_scene0005,3,6,並排有縫,26.4,23.6,0.0,0.77,0,bleach_cleanser,peach
occ5_scene0005,5,9,並排有縫,209.7,207.7,0.1,0.0,0,bleach_cleanser,cups
occ5_scene0005,8,11,同物過切,23.2,23.2,0.1,1.0,1,cups,cups
occ5_scene0005,2,7,並排有縫,221.5,221.5,0.0,1.0,0,bleach_cleanser,orange
occ5_scene0005,7,9,並排有縫,41.9,33.3,0.0,1.0,0,orange,cups
occ5_scene0005,6,10,並排有縫,50.1,50.1,0.0,0.69,0,peach,bleach_cleanser
occ5_scene0005,3,5,同物過切,50.2,50.2,0.1,0.0,0,bleach_cleanser,bleach_cleanser
occ5_scene0005,2,9,並排有縫,211.4,211.4,0.0,1.0,0,bleach_cleanser,cups
occ5_scene0005,2,6,並排有縫,60.1,36.6,0.1,1.0,0,bleach_cleanser,peach
occ5_scene0005,6,9,並排有縫,71.1,70.1,0.0,1.0,0,peach,cups
occ5_scene0005,7,8,並排有縫,129.4,112.2,0.1,1.0,0,orange,cups
occ5_scene0006,1,2,並排有縫,54.5,54.5,0.0,0.95,0,bowl,tomato_soup_can
occ5_scene0006,2,7,並排有縫,82.4,82.4,0.0,1.0,0,tomato_soup_can,foam_brick
occ5_scene0006,1,5,並排有縫,78.2,25.1,0.1,0.9,0,bowl,racquetball
occ5_scene0006,3,7,並排有縫,87.4,87.4,0.0,0.0,0,tomato_soup_can,foam_brick
occ5_scene0006,5,7,並排有縫,46.6,46.6,0.0,1.0,0,racquetball,foam_brick
occ5_scene0006,2,3,同物過切,78.9,78.9,0.0,0.5,1,tomato_soup_can,tomato_soup_can
occ5_scene0006,1,7,並排有縫,142.6,36.5,0.1,0.85,0,bowl,foam_brick
occ5_scene0006,2,6,並排有縫,50.5,18.3,0.0,1.0,0,tomato_soup_can,baseball
occ5_scene0006,3,6,並排有縫,43.0,40.5,0.0,0.0,0,tomato_soup_can,baseball
occ5_scene0006,2,5,並排有縫,180.5,180.5,0.0,1.0,0,tomato_soup_can,racquetball
occ5_scene0006,3,5,並排有縫,173.1,173.1,0.1,0.0,0,tomato_soup_can,racquetball
occ5_scene0007,2,4,並排有縫,79.2,75.8,0.0,1.0,0,orange,tomato_soup_can
occ5_scene0007,3,4,並排有縫,57.6,48.8,0.0,1.0,0,peach,tomato_soup_can
occ5_scene0007,4,6,並排有縫,130.5,123.7,0.0,1.0,0,tomato_soup_can,tennis_ball
occ5_scene0007,4,5,同物過切,4.3,4.3,0.1,0.33,1,tomato_soup_can,tomato_soup_can
occ5_scene0007,2,6,並排有縫,158.2,158.2,0.0,1.0,0,orange,tennis_ball
occ5_scene0007,5,6,並排有縫,116.4,116.4,0.1,0.0,0,tomato_soup_can,tennis_ball
occ5_scene0007,3,6,並排有縫,46.9,46.9,0.0,0.92,0,peach,tennis_ball
occ5_scene0007,3,5,並排有縫,53.5,46.3,0.0,0.0,0,peach,tomato_soup_can
occ5_scene0008,3,8,並排有縫,146.8,125.8,0.0,0.0,0,cracker_box,foam_brick
occ5_scene0008,4,9,並排有縫,158.8,22.9,0.1,1.0,0,cracker_box,tennis_ball
occ5_scene0008,2,3,同物過切,4.3,4.3,0.0,0.75,1,cracker_box,cracker_box
occ5_scene0008,8,9,並排有縫,49.2,45.8,0.0,0.86,0,foam_brick,tennis_ball
occ5_scene0008,3,9,並排有縫,158.8,22.9,0.1,0.0,0,cracker_box,tennis_ball
occ5_scene0008,4,8,並排有縫,146.8,125.8,0.0,1.0,0,cracker_box,foam_brick
occ5_scene0008,2,5,同物過切,7.5,7.5,0.1,0.92,1,cracker_box,cracker_box
occ5_scene0009,3,4,同物過切,2.0,1.7,0.1,0.88,1,cups,cups
occ5_scene0009,3,7,並排有縫,71.7,66.3,0.0,0.88,0,cups,softball
occ5_scene0009,5,7,並排有縫,101.8,98.3,0.0,0.88,0,peach,softball
occ5_scene0009,6,7,並排有縫,80.5,58.5,0.0,1.0,0,wood_block,softball
occ5_scene0009,2,6,同物過切,18.4,18.4,0.2,1.0,1,wood_block,wood_block
occ5_scene0009,5,6,並排有縫,142.3,142.3,0.0,1.0,0,peach,wood_block
occ5_scene0009,1,6,並排有縫,74.9,73.9,0.1,1.0,0,phillips_screwdriver,wood_block
occ5_scene0009,4,7,並排有縫,86.2,86.2,0.1,1.0,0,cups,softball
occ5_scene0009,3,5,並排有縫,46.1,37.3,0.0,1.0,0,cups,peach
occ5_scene0010,1,5,並排有縫,55.5,40.0,0.1,1.0,0,pear,cups
occ5_scene0010,3,7,同物過切,6.2,6.2,0.1,1.0,1,wood_block,wood_block
occ5_scene0010,5,7,並排有縫,78.8,78.4,0.0,1.0,0,cups,wood_block
occ5_scene0010,2,3,並排有縫,84.6,83.3,0.0,1.0,0,lemon,wood_block
occ5_scene0010,6,7,同物過切,6.1,4.1,0.1,0.25,1,wood_block,wood_block
occ5_scene0010,3,6,同物過切,4.7,4.7,0.1,0.25,1,wood_block,wood_block
occ5_scene0010,3,5,並排有縫,68.9,60.6,0.0,1.0,0,wood_block,cups
occ5_scene0011,5,7,同物過切,12.5,0.8,0.1,0.17,1,master_chef_can,master_chef_can
occ5_scene0011,1,6,並排有縫,113.6,113.6,0.0,1.0,0,nine_hole_peg_test,potted_meat_can
occ5_scene0011,9,11,並排有縫,68.0,68.0,0.0,0.86,0,softball,potted_meat_can
occ5_scene0011,2,5,並排有縫,105.0,105.0,0.1,1.0,0,nine_hole_peg_test,master_chef_can
occ5_scene0011,1,12,同物過切,32.9,32.9,0.1,1.0,0,nine_hole_peg_test,nine_hole_peg_test
occ5_scene0011,6,11,同物過切,2.9,2.9,0.1,0.14,1,potted_meat_can,potted_meat_can
occ5_scene0011,6,8,並排有縫,32.6,32.6,0.1,1.0,0,potted_meat_can,strawberry
occ5_scene0011,4,11,同物過切,18.9,18.9,0.1,0.0,0,potted_meat_can,potted_meat_can
occ5_scene0011,8,11,並排有縫,65.8,65.8,0.1,0.0,0,strawberry,potted_meat_can
occ5_scene0011,2,4,並排有縫,100.9,100.9,0.1,0.73,0,nine_hole_peg_test,potted_meat_can
occ5_scene0011,1,2,同物過切,14.6,14.6,0.1,0.29,1,nine_hole_peg_test,nine_hole_peg_test
occ5_scene0011,7,9,並排有縫,200.3,200.3,0.0,0.0,0,master_chef_can,softball
occ5_scene0011,6,7,並排有縫,10.7,10.7,0.1,0.0,0,potted_meat_can,master_chef_can
occ5_scene0011,3,11,同物過切,12.4,5.9,0.1,0.14,1,potted_meat_can,potted_meat_can
occ5_scene0011,5,8,並排有縫,33.7,32.6,0.2,1.0,0,master_chef_can,strawberry
occ5_scene0011,2,3,並排有縫,100.9,100.9,0.1,0.91,0,nine_hole_peg_test,potted_meat_can
occ5_scene0011,2,6,並排有縫,101.9,94.4,0.1,0.91,0,nine_hole_peg_test,potted_meat_can
occ5_scene0011,7,11,並排有縫,75.1,68.7,0.0,0.0,0,master_chef_can,potted_meat_can
occ5_scene0011,7,8,並排有縫,62.0,62.0,0.1,0.0,0,master_chef_can,strawberry
occ5_scene0012,3,7,並排有縫,190.9,190.9,0.1,0.0,0,bleach_cleanser,cups
occ5_scene0012,3,10,並排有縫,173.9,173.9,0.0,0.0,0,bleach_cleanser,baseball
occ5_scene0012,2,5,並排有縫,102.8,58.7,0.0,1.0,0,master_chef_can,bleach_cleanser
occ5_scene0012,10,12,並排有縫,176.2,175.8,0.0,1.0,0,baseball,bleach_cleanser
occ5_scene0012,2,8,並排有縫,120.1,115.1,0.0,1.0,0,master_chef_can,cups
occ5_scene0012,6,8,並排有縫,38.6,17.9,0.1,1.0,0,foam_brick,cups
occ5_scene0012,4,5,並排有縫,170.0,170.0,0.0,1.0,0,master_chef_can,bleach_cleanser
occ5_scene0012,3,9,同物過切,1.6,1.6,0.0,0.0,0,bleach_cleanser,bleach_cleanser
occ5_scene0012,3,12,同物過切,7.5,6.3,0.0,0.46,1,bleach_cleanser,bleach_cleanser
occ5_scene0012,1,2,並排有縫,147.7,147.7,0.0,1.0,0,bleach_cleanser,master_chef_can
occ5_scene0012,2,7,並排有縫,133.2,133.2,0.1,1.0,0,master_chef_can,cups
occ5_scene0012,2,10,並排有縫,256.7,256.7,0.0,1.0,0,master_chef_can,baseball
occ5_scene0012,6,7,並排有縫,10.6,3.8,0.1,1.0,0,foam_brick,cups
occ5_scene0012,7,12,並排有縫,113.9,113.9,0.1,1.0,0,cups,bleach_cleanser
occ5_scene0012,3,5,同物過切,0.2,0.2,0.0,0.0,0,bleach_cleanser,bleach_cleanser
occ5_scene0012,2,3,並排有縫,140.6,140.6,0.0,0.0,0,master_chef_can,bleach_cleanser
occ5_scene0012,2,9,並排有縫,28.4,28.4,0.0,0.56,0,master_chef_can,bleach_cleanser
occ5_scene0012,2,6,並排有縫,88.8,80.6,0.0,1.0,0,master_chef_can,foam_brick
occ5_scene0012,2,12,並排有縫,137.5,136.1,0.0,1.0,0,master_chef_can,bleach_cleanser
occ5_scene0013,3,4,並排有縫,192.1,192.1,0.1,0.22,0,cups,tomato_soup_can
occ5_scene0013,8,12,同物過切,5.1,2.7,0.1,0.2,1,potted_meat_can,potted_meat_can
occ5_scene0013,10,12,並排有縫,59.4,59.4,0.0,1.0,0,gelatin_box,potted_meat_can
occ5_scene0013,1,3,並排有縫,221.4,221.4,0.0,1.0,0,tomato_soup_can,cups
occ5_scene0013,3,6,同物過切,4.5,1.2,0.1,0.5,1,cups,cups
occ5_scene0013,4,11,同物過切,14.0,14.0,0.1,0.11,1,tomato_soup_can,tomato_soup_can
occ5_scene0013,2,4,並排有縫,101.5,101.5,0.1,0.56,0,cups,tomato_soup_can
occ5_scene0013,1,2,並排有縫,102.2,93.2,0.0,1.0,0,tomato_soup_can,cups
occ5_scene0013,10,11,並排有縫,86.9,86.9,0.0,1.0,0,gelatin_box,tomato_soup_can
occ5_scene0013,2,10,並排有縫,130.6,111.3,0.0,1.0,0,cups,gelatin_box
occ5_scene0013,4,10,並排有縫,85.0,77.5,0.0,0.0,0,tomato_soup_can,gelatin_box
occ5_scene0013,9,12,同物過切,5.1,5.1,0.1,1.0,1,potted_meat_can,potted_meat_can
occ5_scene0013,2,3,並排有縫,86.0,79.7,0.0,1.0,0,cups,cups
occ5_scene0013,2,6,並排有縫,11.0,11.0,0.1,0.88,0,cups,cups
occ5_scene0013,1,10,並排有縫,87.5,87.5,0.0,1.0,0,tomato_soup_can,gelatin_box
occ5_scene0013,7,8,同物過切,7.0,7.0,0.1,0.2,1,potted_meat_can,potted_meat_can
occ5_scene0014,2,4,同物過切,90.1,90.1,0.0,1.0,1,tennis_ball,tennis_ball
occ5_scene0014,3,4,並排有縫,68.9,68.9,0.0,1.0,0,softball,tennis_ball
occ5_scene0014,2,3,並排有縫,82.4,74.8,0.0,1.0,0,tennis_ball,softball
occ5_scene0014,1,3,並排有縫,78.5,66.3,0.0,0.87,0,peach,softball
occ5_scene0015,5,7,同物過切,5.7,1.6,0.0,0.5,1,bleach_cleanser,bleach_cleanser
occ5_scene0015,9,14,並排有縫,183.8,183.8,0.1,0.64,0,bleach_cleanser,pudding_box
occ5_scene0015,2,11,並排有縫,174.1,174.1,0.0,1.0,0,pudding_box,cups
occ5_scene0015,2,8,並排有縫,114.9,105.6,0.0,1.0,0,pudding_box,bleach_cleanser
occ5_scene0015,8,11,並排有縫,164.1,137.6,0.0,1.0,0,bleach_cleanser,cups
occ5_scene0015,8,14,並排有縫,197.4,193.5,0.1,1.0,0,bleach_cleanser,pudding_box
occ5_scene0015,2,13,並排有縫,92.3,92.3,0.1,0.64,0,pudding_box,bleach_cleanser
occ5_scene0015,7,9,同物過切,3.8,3.7,0.1,0.0,0,bleach_cleanser,bleach_cleanser
occ5_scene0015,3,8,並排有縫,172.8,172.8,0.0,1.0,0,pudding_box,bleach_cleanser
occ5_scene0015,5,11,並排有縫,225.2,225.2,0.1,0.0,0,bleach_cleanser,cups
occ5_scene0015,1,4,並排相觸,19.6,5.9,0.0,1.0,1,gelatin_box,large_marker
occ5_scene0015,2,9,並排有縫,99.6,91.3,0.0,0.71,0,pudding_box,bleach_cleanser
occ5_scene0015,7,11,並排有縫,206.4,206.4,0.1,0.0,0,bleach_cleanser,cups
occ5_scene0015,6,9,同物過切,12.4,11.5,0.1,0.0,1,bleach_cleanser,bleach_cleanser
occ5_scene0015,7,14,並排有縫,222.0,222.0,0.0,0.0,0,bleach_cleanser,pudding_box
occ5_scene0016,5,7,並排有縫,68.1,58.4,0.0,0.83,0,pear,peach
occ5_scene0016,5,6,並排有縫,128.7,128.7,0.0,0.67,0,pear,orange
occ5_scene0016,4,7,並排有縫,10.8,10.8,0.1,1.0,0,pear,peach
occ5_scene0017,1,2,同物過切,2.4,1.6,0.0,1.0,0,fork,fork
occ5_scene0017,3,4,同物過切,26.1,26.1,0.0,1.0,1,rubiks_cube,rubiks_cube
occ5_scene0017,6,7,並排有縫,80.0,64.7,0.0,1.0,0,pear,cups
occ5_scene0017,4,5,並排有縫,62.4,43.5,0.0,1.0,0,rubiks_cube,gelatin_box
occ5_scene0017,5,6,並排有縫,92.9,92.9,0.0,0.91,0,gelatin_box,pear
occ5_scene0017,3,5,並排有縫,62.4,62.4,0.0,1.0,0,rubiks_cube,gelatin_box
occ5_scene0018,14,16,並排有縫,42.5,42.5,0.0,0.7,0,strawberry,bleach_cleanser
occ5_scene0018,9,14,並排有縫,47.7,47.7,0.1,0.0,0,bleach_cleanser,strawberry
occ5_scene0018,9,11,並排有縫,61.8,26.2,0.3,0.0,0,bleach_cleanser,cups
occ5_scene0018,8,11,並排有縫,61.8,26.2,0.3,0.78,0,bleach_cleanser,cups
occ5_scene0018,8,14,並排有縫,47.7,47.7,0.1,0.7,0,bleach_cleanser,strawberry
occ5_scene0018,10,14,並排有縫,151.1,151.1,0.1,0.0,0,bleach_cleanser,strawberry
occ5_scene0018,10,13,同物過切,4.5,0.6,0.0,0.56,1,bleach_cleanser,bleach_cleanser
occ5_scene0018,11,15,並排有縫,133.6,133.6,0.0,1.0,0,cups,pear
occ5_scene0018,10,16,同物過切,0.8,0.8,0.1,0.52,1,bleach_cleanser,bleach_cleanser
occ5_scene0019,9,10,並排有縫,142.7,142.7,0.0,1.0,0,pear,tomato_soup_can
occ5_scene0020,1,6,並排有縫,82.9,62.9,0.0,1.0,0,mug,medium_clamp
occ5_scene0020,9,10,並排有縫,128.2,118.4,0.0,1.0,0,cups,pudding_box
occ5_scene0020,2,10,並排有縫,139.7,139.7,0.0,1.0,0,cups,pudding_box
occ5_scene0020,2,6,並排有縫,92.9,92.9,0.0,1.0,0,cups,medium_clamp
occ5_scene0020,6,9,並排有縫,84.1,83.0,0.0,1.0,0,medium_clamp,cups
stack3_scene0002,2,4,同物過切,6.0,5.9,0.1,0.14,1,potted_meat_can,potted_meat_can
stack3_scene0002,1,2,同物過切,10.6,10.6,0.1,0.14,1,potted_meat_can,potted_meat_can
stack3_scene0002,2,5,並排有縫,108.0,108.0,0.0,0.0,0,potted_meat_can,gelatin_box
stack3_scene0003,2,4,並排有縫,126.5,126.5,0.0,0.0,0,potted_meat_can,tennis_ball
stack3_scene0003,1,2,同物過切,11.5,11.5,0.1,0.14,1,potted_meat_can,potted_meat_can
stack3_scene0003,2,5,同物過切,4.4,2.2,0.1,0.14,1,potted_meat_can,potted_meat_can
stack3_scene0004,2,6,同物過切,8.4,1.5,0.0,0.0,1,sugar_box,sugar_box
stack3_scene0004,5,6,同物過切,8.0,7.4,0.1,0.25,1,sugar_box,sugar_box
stack3_scene0004,3,6,同物過切,11.1,1.5,0.0,0.0,1,sugar_box,sugar_box
stack3_scene0005,2,3,相疊on,25.2,0.7,0.0,0.14,1,gelatin_box,foam_brick
stack3_scene0006,1,2,相疊on,40.1,40.1,0.0,0.0,0,tuna_fish_can,tomato_soup_can
stack3_scene0006,5,7,同物過切,11.5,1.5,0.0,0.25,1,bleach_cleanser,bleach_cleanser
stack3_scene0006,2,3,同物過切,5.8,5.8,0.1,0.4,1,tomato_soup_can,tomato_soup_can
stack3_scene0006,4,5,同物過切,47.8,47.8,0.0,0.0,0,bleach_cleanser,bleach_cleanser
stack3_scene0006,2,6,並排有縫,167.1,167.1,0.1,1.0,0,tomato_soup_can,bleach_cleanser
stack3_scene0006,4,8,同物過切,11.9,11.9,0.1,0.0,1,bleach_cleanser,bleach_cleanser
stack3_scene0006,3,6,並排有縫,163.7,163.7,0.0,1.0,0,tomato_soup_can,bleach_cleanser
stack3_scene0006,1,3,相疊on,14.1,10.2,0.0,0.36,1,tuna_fish_can,tomato_soup_can
stack3_scene0007,4,6,同物過切,8.9,7.7,0.1,0.93,1,cracker_box,cracker_box
stack3_scene0007,8,9,同物過切,3.5,3.5,0.1,1.0,1,cups,cups
stack3_scene0007,2,8,並排有縫,193.1,72.0,0.1,1.0,0,cracker_box,cups
stack3_scene0007,1,8,並排有縫,193.1,72.0,0.1,0.41,0,cracker_box,cups
stack3_scene0007,3,8,並排有縫,213.1,173.1,0.1,0.0,0,cracker_box,cups
stack3_scene0009,3,6,同物過切,5.3,4.5,0.1,0.14,1,potted_meat_can,potted_meat_can
stack3_scene0010,2,7,並排有縫,131.7,131.7,0.0,1.0,0,cracker_box,master_chef_can
stack3_scene0010,3,7,並排有縫,145.8,131.7,0.1,0.19,0,cracker_box,master_chef_can
stack3_scene0010,1,4,同物過切,3.2,3.2,0.1,0.89,0,cracker_box,cracker_box
stack3_scene0010,7,9,同物過切,11.3,8.4,0.1,0.5,1,master_chef_can,master_chef_can
stack3_scene0011,2,4,相疊on,14.3,10.5,0.0,0.2,1,tuna_fish_can,tomato_soup_can
stack3_scene0011,3,4,同物過切,1.8,1.8,0.1,0.83,1,tomato_soup_can,tomato_soup_can
stack3_scene0012,2,4,同物過切,5.4,5.4,0.1,0.33,1,potted_meat_can,potted_meat_can
stack3_scene0013,1,2,相疊on,26.2,14.0,0.0,0.5,1,sponge,foam_brick
stack3_scene0014,1,2,相疊on,7.7,0.2,0.0,0.21,1,master_chef_can,tomato_soup_can
stack3_scene0014,2,6,同物過切,20.1,20.1,0.0,0.5,1,tomato_soup_can,tomato_soup_can
stack3_scene0014,5,6,並排有縫,202.9,202.9,0.0,0.0,0,orange,tomato_soup_can
stack3_scene0014,1,6,相疊on,61.7,39.7,0.0,0.0,0,master_chef_can,tomato_soup_can
stack3_scene0015,2,3,相疊on,27.1,1.2,0.0,0.25,1,gelatin_box,foam_brick
stack3_scene0016,2,4,相疊on,13.7,10.3,0.0,0.45,1,tuna_fish_can,tomato_soup_can
stack3_scene0016,3,4,同物過切,1.8,1.8,0.1,0.8,1,tomato_soup_can,tomato_soup_can
stack3_scene0016,1,4,並排有縫,184.3,184.3,0.0,0.45,0,pudding_box,tomato_soup_can
stack3_scene0017,2,4,同物過切,16.3,8.6,0.0,0.5,1,tomato_soup_can,tomato_soup_can
stack3_scene0017,1,2,相疊on,56.1,39.4,0.0,0.0,0,master_chef_can,tomato_soup_can
stack3_scene0017,1,4,相疊on,6.8,1.1,0.0,0.21,1,master_chef_can,tomato_soup_can
stack3_scene0017,2,3,並排有縫,201.6,201.6,0.0,0.0,0,tomato_soup_can,baseball
stack3_scene0017,1,3,並排有縫,81.3,62.4,0.1,1.0,0,master_chef_can,baseball
stack3_scene0018,2,4,同物過切,10.6,0.6,0.0,0.0,1,sugar_box,sugar_box
stack3_scene0019,1,2,相疊on,6.5,0.6,0.0,0.2,1,wood_block,foam_brick
stack3_scene0019,1,3,並排有縫,140.6,94.4,0.2,1.0,0,wood_block,mug
stack3_scene0019,3,4,並排有縫,223.7,223.7,0.0,0.0,0,mug,foam_brick
stack3_scene0019,1,4,相疊on,47.2,5.2,0.1,0.18,0,wood_block,foam_brick
stack3_scene0020,1,2,同物過切,9.0,8.5,0.0,1.0,1,tuna_fish_can,tuna_fish_can
stack4_scene0001,3,7,並排有縫,170.0,170.0,0.0,0.0,0,racquetball,wood_block
stack4_scene0001,6,7,同物過切,39.6,37.4,0.2,0.29,1,wood_block,wood_block
stack4_scene0001,3,6,並排有縫,145.7,118.6,0.1,1.0,0,racquetball,wood_block
stack4_scene0001,1,3,並排有縫,133.9,95.2,0.1,1.0,0,wood_block,racquetball
stack4_scene0001,4,7,同物過切,15.5,11.8,0.1,0.29,1,wood_block,wood_block
stack4_scene0002,2,3,相疊on,67.5,67.5,0.1,0.0,0,tuna_fish_can,tomato_soup_can
stack4_scene0002,2,4,相疊on,12.9,8.5,0.0,0.46,1,tuna_fish_can,tomato_soup_can
stack4_scene0002,3,4,同物過切,8.3,6.3,0.1,0.25,1,tomato_soup_can,tomato_soup_can
stack4_scene0003,3,4,並排有縫,185.1,185.1,0.0,0.57,0,master_chef_can,apple
stack4_scene0003,2,3,相疊on,18.6,5.8,0.0,0.2,1,pudding_box,master_chef_can
stack4_scene0003,4,7,同物過切,29.0,19.7,0.0,0.91,1,apple,apple
stack4_scene0004,14,19,同物過切,8.0,8.0,0.1,1.0,1,bleach_cleanser,bleach_cleanser
stack4_scene0004,2,14,同物過切,18.7,18.7,0.1,1.0,0,bleach_cleanser,bleach_cleanser
stack4_scene0004,13,14,同物過切,2.4,2.3,0.0,0.3,1,bleach_cleanser,bleach_cleanser
stack4_scene0004,10,15,同物過切,4.6,4.6,0.0,0.96,1,wood_block,wood_block
stack4_scene0004,13,17,並排有縫,27.2,27.2,0.1,0.0,0,bleach_cleanser,wood_block
stack4_scene0004,14,18,並排有縫,8.0,8.0,0.1,0.0,0,bleach_cleanser,wood_block
stack4_scene0004,10,14,並排有縫,162.9,74.7,0.1,0.36,0,wood_block,bleach_cleanser
stack4_scene0004,2,13,同物過切,17.9,17.9,0.1,0.0,0,bleach_cleanser,bleach_cleanser
stack4_scene0004,13,19,同物過切,27.2,27.2,0.1,0.0,0,bleach_cleanser,bleach_cleanser
stack4_scene0004,14,17,並排有縫,8.0,8.0,0.1,0.0,0,bleach_cleanser,wood_block
stack4_scene0004,10,13,並排有縫,80.8,12.0,0.1,1.0,0,wood_block,bleach_cleanser
stack4_scene0004,2,12,同物過切,12.6,12.6,0.1,0.0,0,bleach_cleanser,bleach_cleanser
stack4_scene0004,13,18,並排有縫,27.2,27.2,0.1,0.0,0,bleach_cleanser,wood_block
stack4_scene0005,1,2,同物過切,1.7,0.2,0.0,1.0,0,fork,fork
stack4_scene0006,3,4,並排有縫,177.4,177.4,0.0,0.68,0,tomato_soup_can,cups
stack4_scene0006,1,5,相疊on,60.3,37.9,0.0,0.0,0,gelatin_box,tomato_soup_can
stack4_scene0006,2,3,相疊on,27.2,16.4,0.0,0.25,1,gelatin_box,tomato_soup_can
stack4_scene0006,4,5,並排有縫,167.2,166.2,0.1,0.0,0,cups,tomato_soup_can
stack4_scene0006,2,5,相疊on,60.3,37.9,0.0,0.0,0,gelatin_box,tomato_soup_can
stack4_scene0006,1,3,相疊on,27.2,16.4,0.0,0.33,1,gelatin_box,tomato_soup_can
stack4_scene0006,3,5,同物過切,10.1,3.1,0.1,0.5,1,tomato_soup_can,tomato_soup_can
stack4_scene0007,1,2,相疊on,18.9,1.1,0.1,0.14,1,sponge,sugar_box
stack4_scene0007,1,5,相疊on,46.9,46.9,0.0,0.0,0,sponge,sugar_box
stack4_scene0007,1,9,相疊on,57.7,0.1,0.1,0.0,0,sponge,sugar_box
stack4_scene0007,1,4,相疊on,14.8,3.5,0.1,0.29,1,sponge,sugar_box
stack4_scene0007,5,7,並排有縫,202.8,202.8,0.0,0.0,0,sugar_box,tomato_soup_can
stack4_scene0007,4,5,同物過切,8.6,4.7,0.0,0.0,1,sugar_box,sugar_box
stack4_scene0007,5,9,同物過切,0.6,0.6,0.1,1.0,1,sugar_box,sugar_box
stack4_scene0007,3,5,同物過切,8.0,8.0,0.1,0.31,1,sugar_box,sugar_box
stack4_scene0008,2,4,並排有縫,207.8,198.2,0.0,1.0,0,master_chef_can,orange
stack4_scene0008,1,2,並排有縫,120.0,120.0,0.0,1.0,0,cups,master_chef_can
stack4_scene0008,2,3,同物過切,2.9,2.9,0.0,1.0,1,master_chef_can,master_chef_can
stack4_scene0009,5,11,同物過切,16.8,8.7,0.1,0.2,1,master_chef_can,master_chef_can
stack4_scene0009,1,5,並排有縫,151.2,141.9,0.0,1.0,0,mustard_bottle,master_chef_can
stack4_scene0009,1,8,並排有縫,176.5,173.3,0.0,1.0,0,mustard_bottle,knife
stack4_scene0009,1,7,同物過切,13.0,6.3,0.1,1.0,1,mustard_bottle,mustard_bottle
stack4_scene0009,8,9,同物過切,1.9,0.6,0.0,1.0,1,knife,knife
stack4_scene0009,1,10,並排有縫,147.4,147.4,0.0,1.0,0,mustard_bottle,master_chef_can
stack4_scene0009,1,3,並排有縫,147.6,128.5,0.0,1.0,0,mustard_bottle,pudding_box
stack4_scene0009,3,5,相疊on,15.5,9.0,0.0,0.42,1,pudding_box,master_chef_can
stack4_scene0009,2,8,並排有縫,176.7,176.7,0.0,0.0,0,mustard_bottle,knife
stack4_scene0010,1,5,同物過切,4.9,4.9,0.0,1.0,1,master_chef_can,master_chef_can
stack4_scene0010,1,8,同物過切,4.5,0.6,0.0,1.0,1,master_chef_can,master_chef_can
stack4_scene0010,6,8,並排有縫,139.0,139.0,0.0,1.0,0,lemon,master_chef_can
stack4_scene0010,4,6,並排有縫,149.0,148.7,0.0,0.0,0,tuna_fish_can,lemon
stack4_scene0010,1,4,相疊on,3.1,2.0,0.1,0.5,1,master_chef_can,tuna_fish_can
stack4_scene0010,1,6,並排有縫,148.9,148.9,0.0,1.0,0,master_chef_can,lemon
stack4_scene0011,2,4,相疊on,3.9,0.8,0.0,0.21,1,master_chef_can,tomato_soup_can
stack4_scene0011,2,7,相疊on,55.9,55.9,0.0,0.0,0,master_chef_can,tomato_soup_can
stack4_scene0011,2,5,並排有縫,153.7,153.7,0.0,1.0,0,master_chef_can,peach
stack4_scene0011,4,7,同物過切,7.4,7.4,0.1,0.8,1,tomato_soup_can,tomato_soup_can
stack4_scene0012,2,4,相疊on,87.9,87.9,0.0,0.0,0,gelatin_box,tomato_soup_can
stack4_scene0012,3,4,同物過切,10.1,9.5,0.1,0.33,1,tomato_soup_can,tomato_soup_can
stack4_scene0012,4,6,並排有縫,211.8,211.8,0.1,0.0,0,tomato_soup_can,spoon
stack4_scene0012,1,4,相疊on,87.9,87.9,0.0,0.0,0,gelatin_box,tomato_soup_can
stack4_scene0012,2,3,相疊on,25.2,17.4,0.0,0.33,1,gelatin_box,tomato_soup_can
stack4_scene0012,4,5,並排有縫,142.1,142.1,0.0,0.0,0,tomato_soup_can,banana
stack4_scene0012,3,6,並排有縫,239.2,239.2,0.1,0.0,0,tomato_soup_can,spoon
stack4_scene0012,1,3,相疊on,25.2,17.4,0.0,0.33,1,gelatin_box,tomato_soup_can
stack4_scene0012,3,5,並排有縫,158.3,158.3,0.1,0.33,0,tomato_soup_can,banana
stack4_scene0013,3,4,並排有縫,192.6,192.6,0.0,0.0,0,cups,cracker_box
stack4_scene0013,3,10,同物過切,12.8,5.0,0.0,0.38,1,cups,cups
stack4_scene0013,5,10,並排有縫,199.0,199.0,0.1,1.0,0,cracker_box,cups
stack4_scene0013,1,6,並排有縫,104.3,95.3,0.1,0.71,0,pear,cracker_box
stack4_scene0013,2,5,並排有縫,197.3,192.6,0.1,1.0,0,cups,cracker_box
stack4_scene0013,6,8,同物過切,2.9,2.9,0.1,0.93,1,cracker_box,cracker_box
stack4_scene0013,2,4,並排有縫,197.3,192.6,0.1,0.0,0,cups,cracker_box
stack4_scene0013,1,5,並排有縫,122.7,112.8,0.0,1.0,0,pear,cracker_box
stack4_scene0013,3,5,並排有縫,192.6,192.6,0.0,1.0,0,cups,cracker_box
stack4_scene0013,4,10,並排有縫,199.0,199.0,0.1,0.0,0,cracker_box,cups
stack4_scene0013,1,4,並排有縫,132.5,112.8,0.0,0.0,0,pear,cracker_box
stack4_scene0014,2,4,相疊on,11.5,11.5,0.1,0.86,1,sponge,sugar_box
stack4_scene0014,1,2,並排有縫,170.6,168.4,0.0,1.0,0,pitcher_base,sponge
stack4_scene0014,2,7,並排有縫,160.5,160.5,0.0,1.0,0,sponge,rubiks_cube
stack4_scene0014,1,5,並排有縫,159.6,151.9,0.0,1.0,0,pitcher_base,sugar_box
stack4_scene0014,5,7,並排有縫,170.9,170.9,0.0,0.0,0,sugar_box,rubiks_cube
stack4_scene0014,4,5,同物過切,9.0,5.8,0.1,0.31,1,sugar_box,sugar_box
stack4_scene0014,2,5,相疊on,21.1,9.9,0.1,0.15,1,sponge,sugar_box
stack4_scene0014,1,3,並排有縫,31.0,31.0,0.6,1.0,0,pitcher_base,sugar_box
stack4_scene0015,8,12,同物過切,17.0,17.0,0.0,0.75,1,tomato_soup_can,tomato_soup_can
stack4_scene0016,3,8,並排有縫,193.0,170.8,0.1,1.0,0,sugar_box,cups
stack4_scene0016,1,8,並排有縫,168.7,162.7,0.1,0.0,0,sugar_box,cups
stack4_scene0016,1,4,同物過切,5.4,3.8,0.0,0.4,1,sugar_box,sugar_box
stack4_scene0016,2,3,並排有縫,107.0,96.6,0.0,1.0,0,banana,sugar_box
stack4_scene0016,1,3,同物過切,5.8,5.8,0.0,0.07,1,sugar_box,sugar_box
stack4_scene0017,1,2,相疊on,9.4,0.9,0.0,0.25,1,master_chef_can,foam_brick
stack4_scene0017,2,7,並排有縫,179.2,179.2,0.0,1.0,0,foam_brick,cracker_box
stack4_scene0017,1,5,並排有縫,206.4,199.3,0.0,0.52,0,master_chef_can,cracker_box
stack4_scene0017,6,9,並排有縫,213.9,213.9,0.0,1.0,0,cracker_box,master_chef_can
stack4_scene0017,5,7,同物過切,1194.0,1194.0,1.6,0.89,1,cracker_box,cracker_box
stack4_scene0017,6,7,同物過切,1194.0,1194.0,1.6,0.88,1,cracker_box,cracker_box
stack4_scene0017,1,7,並排有縫,208.1,208.1,0.0,0.87,0,master_chef_can,cracker_box
stack4_scene0017,5,9,並排有縫,213.9,213.9,0.0,0.33,0,cracker_box,master_chef_can
stack4_scene0017,2,6,並排有縫,192.0,175.5,0.0,0.33,0,foam_brick,cracker_box
stack4_scene0017,1,6,並排有縫,206.4,199.3,0.0,1.0,0,master_chef_can,cracker_box
stack4_scene0017,2,5,並排有縫,192.0,175.5,0.0,1.0,0,foam_brick,cracker_box
stack4_scene0017,7,8,同物過切,3.6,3.6,0.1,0.95,1,cracker_box,cracker_box
stack4_scene0018,3,4,相疊on,38.7,38.7,0.0,0.0,0,tuna_fish_can,tomato_soup_can
stack4_scene0018,5,8,並排有縫,165.2,160.7,0.0,0.77,0,tomato_soup_can,cracker_box
stack4_scene0018,6,8,同物過切,242.8,242.8,0.2,0.83,1,cracker_box,cracker_box
stack4_scene0018,5,7,並排有縫,165.2,160.7,0.0,0.55,0,tomato_soup_can,cracker_box
stack4_scene0018,6,7,同物過切,242.8,242.8,0.2,0.86,1,cracker_box,cracker_box
stack4_scene0018,5,6,並排有縫,178.7,175.3,0.0,1.0,0,tomato_soup_can,cracker_box
stack4_scene0018,6,10,同物過切,6.8,6.8,0.1,0.93,0,cracker_box,cracker_box
stack4_scene0018,1,9,同物過切,9.0,9.0,0.1,1.0,1,foam_brick,foam_brick
stack4_scene0018,3,5,相疊on,24.0,10.8,0.0,0.33,1,tuna_fish_can,tomato_soup_can
stack4_scene0019,5,7,同物過切,28.5,8.6,0.1,0.55,1,wood_block,wood_block
stack4_scene0019,4,7,同物過切,12.2,10.4,0.1,0.0,0,wood_block,wood_block
stack4_scene0020,2,7,同物過切,6.6,6.6,0.1,1.0,1,potted_meat_can,potted_meat_can
stack4_scene0020,2,6,並排有縫,132.8,130.2,0.0,1.0,0,potted_meat_can,cups
stack4_scene0020,5,6,並排有縫,134.8,111.1,0.1,0.73,0,potted_meat_can,cups
stack4_scene0020,2,5,同物過切,4.9,4.6,0.1,0.45,1,potted_meat_can,potted_meat_can
stack5_scene0001,3,7,並排有縫,182.1,182.1,0.0,1.0,0,cracker_box,apple
stack5_scene0001,9,11,並排有縫,262.2,262.2,0.0,1.0,0,master_chef_can,flat_screwdriver
stack5_scene0001,2,11,並排有縫,271.6,271.6,0.0,0.0,0,cracker_box,flat_screwdriver
stack5_scene0001,3,9,並排有縫,153.0,153.0,0.1,1.0,0,cracker_box,master_chef_can
stack5_scene0001,2,7,並排有縫,182.1,182.1,0.0,0.0,0,cracker_box,apple
stack5_scene0001,1,8,同物過切,1.1,1.0,0.0,0.33,1,cracker_box,cracker_box
stack5_scene0001,3,11,並排有縫,271.6,271.6,0.0,1.0,0,cracker_box,flat_screwdriver
stack5_scene0001,9,12,同物過切,17.9,3.9,0.1,0.25,1,master_chef_can,master_chef_can
stack5_scene0001,1,4,同物過切,7.5,7.5,0.1,0.38,0,cracker_box,cracker_box
stack5_scene0001,11,12,並排有縫,222.6,222.6,0.1,0.0,0,flat_screwdriver,master_chef_can
stack5_scene0001,2,9,並排有縫,153.0,153.0,0.1,0.05,0,cracker_box,master_chef_can
stack5_scene0002,2,4,同物過切,10.6,10.6,0.1,0.78,1,cups,cups
stack5_scene0002,7,10,同物過切,1.8,1.8,0.0,0.6,1,bleach_cleanser,bleach_cleanser
stack5_scene0002,3,10,並排有縫,185.8,180.8,0.0,1.0,0,master_chef_can,bleach_cleanser
stack5_scene0002,8,11,同物過切,1.6,1.6,0.1,1.0,0,bleach_cleanser,bleach_cleanser
stack5_scene0002,7,8,同物過切,3.1,1.8,0.1,0.0,1,bleach_cleanser,bleach_cleanser
stack5_scene0002,3,11,並排有縫,183.5,183.5,0.0,0.9,0,master_chef_can,bleach_cleanser
stack5_scene0004,1,2,並排有縫,126.6,126.6,0.0,1.0,0,apple,strawberry
stack5_scene0004,3,4,同物過切,8.8,0.3,0.0,0.12,1,sugar_box,sugar_box
stack5_scene0004,4,9,並排有縫,179.5,167.8,0.0,0.8,0,sugar_box,large_clamp
stack5_scene0004,3,9,並排有縫,208.1,202.7,0.1,0.0,0,sugar_box,large_clamp
stack5_scene0004,3,6,同物過切,5.0,2.8,0.0,0.38,1,sugar_box,sugar_box
stack5_scene0004,5,9,並排有縫,179.5,167.8,0.0,1.0,0,sugar_box,large_clamp
stack5_scene0004,6,9,並排有縫,192.1,192.1,0.1,1.0,0,sugar_box,large_clamp
stack5_scene0004,3,5,同物過切,3.1,0.3,0.0,0.0,0,sugar_box,sugar_box
stack5_scene0005,1,2,同物過切,4.9,1.1,0.1,0.5,1,rubiks_cube,rubiks_cube
stack5_scene0005,5,7,並排有縫,129.0,129.0,0.1,0.44,0,tuna_fish_can,cups
stack5_scene0005,2,3,並排有縫,108.8,104.6,0.0,1.0,0,rubiks_cube,pudding_box
stack5_scene0005,5,6,並排有縫,145.8,145.8,0.1,0.78,0,tuna_fish_can,cups
stack5_scene0005,3,5,相疊on,20.6,2.9,0.0,0.44,1,pudding_box,tuna_fish_can
stack5_scene0005,7,8,同物過切,4.7,2.7,0.1,0.67,1,cups,cups
stack5_scene0006,5,8,並排有縫,151.9,71.0,0.1,1.0,0,sugar_box,tennis_ball
stack5_scene0006,4,6,同物過切,9.5,9.5,0.1,0.0,0,sugar_box,sugar_box
stack5_scene0006,2,3,並排有縫,117.9,117.9,0.1,0.85,0,sugar_box,bowl
stack5_scene0006,4,5,同物過切,6.4,6.4,0.0,0.27,1,sugar_box,sugar_box
stack5_scene0006,4,8,並排有縫,174.9,173.5,0.1,0.0,0,sugar_box,tennis_ball
stack5_scene0006,3,5,並排有縫,115.9,115.9,0.1,1.0,0,bowl,sugar_box
stack5_scene0007,3,8,並排有縫,211.2,211.2,0.0,0.0,0,sugar_box,tuna_fish_can
stack5_scene0007,3,4,同物過切,13.7,13.7,0.0,0.0,1,sugar_box,sugar_box
stack5_scene0007,3,10,並排有縫,260.5,260.5,0.0,0.0,0,sugar_box,apple
stack5_scene0007,3,6,同物過切,18.4,15.2,0.1,0.0,0,sugar_box,sugar_box
stack5_scene0007,3,5,同物過切,14.7,11.3,0.0,0.0,0,sugar_box,sugar_box
stack5_scene0007,7,8,同物過切,5.2,2.6,0.0,0.2,1,tuna_fish_can,tuna_fish_can
stack5_scene0008,2,7,並排有縫,129.6,129.6,0.1,0.0,0,tomato_soup_can,potted_meat_can
stack5_scene0008,4,6,同物過切,3.4,2.5,0.1,0.29,1,potted_meat_can,potted_meat_can
stack5_scene0008,5,7,並排有縫,14.3,14.3,0.6,1.0,0,tomato_soup_can,potted_meat_can
stack5_scene0008,2,3,相疊on,39.5,22.1,0.1,0.0,0,tomato_soup_can,tuna_fish_can
stack5_scene0008,2,5,同物過切,5.8,5.8,0.1,0.62,1,tomato_soup_can,tomato_soup_can
stack5_scene0008,1,3,並排有縫,121.7,121.7,0.0,1.0,0,cups,tuna_fish_can
stack5_scene0008,3,5,相疊on,14.9,10.6,0.0,1.0,1,tuna_fish_can,tomato_soup_can
stack5_scene0009,5,7,並排有縫,194.9,194.9,0.1,0.0,0,knife,potted_meat_can
stack5_scene0009,5,6,並排有縫,205.9,205.9,0.0,1.0,0,knife,potted_meat_can
stack5_scene0009,5,12,同物過切,0.8,0.2,0.0,1.0,1,knife,knife
stack5_scene0009,1,11,並排有縫,129.6,129.6,0.1,1.0,0,wood_block,potted_meat_can
stack5_scene0009,11,13,並排有縫,174.7,166.3,0.0,0.0,0,potted_meat_can,wood_block
stack5_scene0009,6,7,同物過切,13.5,13.5,0.1,0.25,1,potted_meat_can,potted_meat_can
stack5_scene0009,10,13,同物過切,0.4,0.4,0.1,0.5,1,wood_block,wood_block
stack5_scene0009,1,7,並排有縫,134.0,134.0,0.1,1.0,0,wood_block,potted_meat_can
stack5_scene0009,7,11,同物過切,16.4,11.0,0.0,0.25,1,potted_meat_can,potted_meat_can
stack5_scene0010,6,15,同物過切,1.2,1.2,0.0,1.0,1,potted_meat_can,potted_meat_can
stack5_scene0010,6,14,同物過切,10.0,6.6,0.1,0.17,1,potted_meat_can,potted_meat_can
stack5_scene0010,14,15,同物過切,14.0,14.0,0.1,0.17,1,potted_meat_can,potted_meat_can
stack5_scene0011,2,4,並排有縫,211.2,211.2,0.0,0.0,0,wood_block,sponge
stack5_scene0011,3,4,相疊on,27.5,20.3,0.0,0.5,1,foam_brick,sponge
stack5_scene0011,2,7,同物過切,13.6,13.6,0.1,0.62,1,wood_block,wood_block
stack5_scene0011,5,8,同物過切,0.7,0.1,0.1,1.0,1,padlock,padlock
stack5_scene0011,6,9,同物過切,8.4,8.4,0.0,1.0,1,tennis_ball,tennis_ball
stack5_scene0011,1,4,並排有縫,201.3,201.3,0.0,1.0,0,wood_block,sponge
stack5_scene0011,2,3,並排有縫,180.7,179.9,0.0,0.0,0,wood_block,foam_brick
stack5_scene0011,1,3,並排有縫,188.7,179.9,0.0,1.0,0,wood_block,foam_brick
stack5_scene0011,4,7,並排有縫,218.1,218.1,0.1,1.0,0,sponge,wood_block
stack5_scene0011,3,5,並排有縫,160.3,160.3,0.0,0.5,0,foam_brick,padlock
stack5_scene0012,4,5,同物過切,10.2,7.6,0.0,0.89,1,orange,orange
stack5_scene0012,1,3,同物過切,1.3,0.1,0.0,1.0,1,phillips_screwdriver,phillips_screwdriver
stack5_scene0013,9,10,同物過切,7.0,3.0,0.1,0.27,1,sugar_box,sugar_box
stack5_scene0013,8,10,並排有縫,173.0,171.8,0.0,1.0,0,foam_brick,sugar_box
stack5_scene0013,7,8,相疊on,27.8,9.0,0.0,0.38,1,sponge,foam_brick
stack5_scene0014,3,8,相疊on,11.4,10.7,0.1,0.0,1,cracker_box,sugar_box
stack5_scene0014,3,4,相疊on,4.1,1.3,0.0,0.17,1,cracker_box,sugar_box
stack5_scene0014,3,7,並排有縫,181.6,130.3,0.0,1.0,0,cracker_box,baseball
stack5_scene0014,4,6,同物過切,36.9,36.9,0.0,1.0,0,sugar_box,sugar_box
stack5_scene0014,5,7,並排有縫,129.4,129.4,0.0,0.93,0,cracker_box,baseball
stack5_scene0014,5,9,同物過切,0.1,0.1,0.1,0.96,1,cracker_box,cracker_box
stack5_scene0015,5,9,同物過切,2.9,2.9,0.0,0.5,1,bleach_cleanser,bleach_cleanser
stack5_scene0015,2,3,同物過切,9.2,9.2,0.0,1.0,1,tennis_ball,tennis_ball
stack5_scene0016,1,2,同物過切,0.5,0.1,0.0,1.0,1,fork,fork
stack5_scene0016,5,7,並排有縫,87.4,87.4,0.1,0.0,0,mustard_bottle,tomato_soup_can
stack5_scene0016,6,7,同物過切,0.3,0.3,0.0,1.0,1,tomato_soup_can,tomato_soup_can
stack5_scene0016,4,5,並排有縫,252.5,252.5,0.1,1.0,0,wood_block,mustard_bottle
stack5_scene0016,4,7,相疊on,4.1,0.2,0.0,0.12,1,wood_block,tomato_soup_can
stack5_scene0016,7,8,相疊on,14.9,14.9,0.1,0.0,0,tomato_soup_can,wood_block
stack5_scene0017,1,2,並排有縫,139.2,139.2,0.0,1.0,0,cups,master_chef_can
stack5_scene0017,2,7,並排有縫,136.3,130.0,0.1,1.0,0,master_chef_can,sugar_box
stack5_scene0017,6,7,同物過切,1.9,1.9,0.0,0.18,1,sugar_box,sugar_box
stack5_scene0017,1,7,並排有縫,134.0,134.0,0.1,1.0,0,cups,sugar_box
stack5_scene0017,2,6,並排有縫,136.1,122.3,0.0,0.82,0,master_chef_can,sugar_box
stack5_scene0017,5,9,同物過切,3.3,0.7,0.0,1.0,1,padlock,padlock
stack5_scene0018,4,6,相疊on,30.3,30.3,0.1,0.0,0,gelatin_box,tomato_soup_can
stack5_scene0018,5,7,並排有縫,152.2,152.2,0.1,0.62,0,tomato_soup_can,cups
stack5_scene0018,6,7,並排有縫,127.3,127.3,0.0,0.0,0,tomato_soup_can,cups
stack5_scene0018,4,5,相疊on,28.4,9.7,0.0,0.4,1,gelatin_box,tomato_soup_can
stack5_scene0019,2,4,並排有縫,87.4,16.2,0.1,1.0,0,cracker_box,orange
stack5_scene0019,3,4,並排有縫,89.1,16.2,0.0,0.0,0,cracker_box,orange
stack5_scene0019,1,4,並排有縫,48.2,15.5,0.2,0.8,0,cracker_box,orange
stack5_scene0019,1,7,同物過切,5.5,2.4,0.1,0.93,1,cracker_box,cracker_box
stack5_scene0019,2,6,並排有縫,227.5,225.0,0.1,1.0,0,cracker_box,bowl
stack5_scene0019,3,6,並排有縫,227.5,225.0,0.1,0.05,0,cracker_box,bowl
stack5_scene0020,1,2,並排有縫,96.2,96.2,0.0,1.0,0,pear,softball
stack5_scene0020,2,7,並排有縫,156.2,156.2,0.0,1.0,0,softball,pudding_box
stack5_scene0020,3,7,相疊on,21.6,10.5,0.0,1.0,1,tuna_fish_can,pudding_box
stack5_scene0020,5,7,相疊on,24.0,24.0,0.0,0.11,1,tuna_fish_can,pudding_box
stack5_scene0020,2,6,並排有縫,136.7,136.7,0.0,1.0,0,softball,cups
stack5_scene0020,3,5,同物過切,10.5,0.4,0.0,0.67,1,tuna_fish_can,tuna_fish_can
