scene,view,childobj,ringobj,same,d_median_mm,d_mean_mm,d_max_mm
stack4_scene0001,view_el30_az135,cups,cups,1,4.7,7.8,20.0
stack4_scene0001,view_el30_az135,cups,cups,1,4.4,7.5,20.0
stack4_scene0001,view_el30_az195,wood_block,wood_block,1,5.3,17.1,6.1
stack4_scene0001,view_el30_az195,cups,cups,1,5.1,9.2,16.1
stack4_scene0001,view_el30_az195,cups,cups,1,4.7,9.0,16.1
stack4_scene0001,view_el30_az210,wood_block,wood_block,1,5.1,5.4,6.9
stack4_scene0001,view_el30_az210,cups,cups,1,4.8,7.8,14.4
stack4_scene0001,view_el30_az210,cups,cups,1,4.7,7.8,14.4
stack4_scene0001,view_el30_az240,cups,cups,1,7.9,8.8,8.8
stack4_scene0001,view_el30_az240,cups,cups,1,7.7,8.4,8.8
stack4_scene0001,view_el30_az240,cups,cups,1,4.0,1.9,13.8
stack4_scene0001,view_el30_az240,cups,cups,1,11.4,9.5,5.0
stack4_scene0001,view_el30_az240,racquetball,racquetball,1,5.8,6.7,3.4
stack4_scene0001,view_el30_az240,racquetball,racquetball,1,5.6,6.7,5.6
stack4_scene0001,view_el45_az135,wood_block,wood_block,1,69.2,64.2,144.8
stack4_scene0001,view_el45_az135,cups,cups,1,9.7,9.7,14.1
stack4_scene0001,view_el45_az135,cups,cups,1,8.7,8.9,15.2
stack4_scene0001,view_el45_az135,cups,cups,1,2.1,4.3,15.2
stack4_scene0001,view_el45_az135,cups,cups,1,8.7,6.8,2.5
stack4_scene0001,view_el45_az225,wood_block,wood_block,1,34.3,26.1,17.5
stack4_scene0001,view_el45_az225,cups,cups,1,4.8,4.2,0.0
stack4_scene0001,view_el45_az225,cups,cups,1,6.3,5.6,0.0
stack4_scene0001,view_el45_az225,racquetball,racquetball,1,5.2,6.6,2.5
stack4_scene0001,view_el45_az225,racquetball,racquetball,1,5.2,6.6,2.5
stack4_scene0001,view_el60_az180,wood_block,wood_block,1,59.7,36.3,67.5
stack4_scene0001,view_el60_az180,wood_block,wood_block,1,63.1,37.6,13.7
stack4_scene0001,view_el60_az180,cups,cups,1,2.7,3.5,7.5
stack4_scene0001,view_el60_az180,wood_block,wood_block,1,11.1,8.4,77.5
stack4_scene0001,view_el60_az195,wood_block,wood_block,1,75.0,57.3,10.3
stack4_scene0001,view_el60_az195,wood_block,wood_block,1,27.6,26.3,10.3
stack4_scene0001,view_el60_az195,cups,cups,1,1.5,2.8,7.1
stack4_scene0001,view_el60_az195,cups,cups,1,7.3,5.1,7.1
stack4_scene0001,view_el60_az195,cups,cups,1,9.0,9.3,3.6
stack4_scene0001,view_el60_az195,cups,cups,1,9.2,8.7,3.6
stack4_scene0001,view_el60_az255,wood_block,wood_block,1,81.7,71.1,13.2
stack4_scene0001,view_el60_az255,wood_block,wood_block,1,80.5,69.8,66.0
stack4_scene0001,view_el60_az255,cups,cups,1,5.0,3.7,0.5
stack4_scene0001,view_el60_az255,cups,cups,1,9.4,7.7,0.5
stack4_scene0001,view_el60_az255,cups,cups,1,1.3,1.3,12.9
stack4_scene0001,view_el60_az255,racquetball,racquetball,1,3.2,4.9,1.8
stack4_scene0001,view_el75_az105,wood_block,wood_block,1,35.5,26.5,9.6
stack4_scene0001,view_el75_az105,cups,cups,1,4.1,0.9,3.7
stack4_scene0001,view_el75_az105,cups,cups,1,10.0,9.3,1.5
stack4_scene0001,view_el75_az105,cups,cups,1,14.4,12.8,1.5
stack4_scene0001,view_el75_az225,wood_block,wood_block,1,37.0,25.2,4.6
stack4_scene0001,view_el75_az225,wood_block,wood_block,1,56.2,42.5,4.6
stack4_scene0001,view_el75_az225,wood_block,wood_block,1,54.3,41.0,4.6
stack4_scene0001,view_el75_az225,wood_block,wood_block,1,1.9,6.1,11.2
stack4_scene0001,view_el75_az225,cups,cups,1,8.7,6.4,0.9
stack4_scene0001,view_el90,cups,cups,1,5.0,4.0,0.0
stack4_scene0001,view_el90,cups,cups,1,15.0,11.5,0.0
stack4_scene0001,view_el90,cups,cups,1,15.0,14.8,0.0
stack5_scene0001,view_el30_az135,cracker_box,cracker_box,1,12.8,13.6,2.5
stack5_scene0001,view_el30_az135,cracker_box,cracker_box,1,152.0,106.8,3.1
stack5_scene0001,view_el30_az135,cracker_box,cracker_box,1,57.9,76.6,174.5
stack5_scene0001,view_el30_az135,cracker_box,cracker_box,1,64.8,85.4,203.1
stack5_scene0001,view_el30_az135,cracker_box,cracker_box,1,22.2,22.4,28.6
stack5_scene0001,view_el30_az135,cracker_box,cracker_box,1,41.7,60.6,188.1
stack5_scene0001,view_el30_az135,cracker_box,cracker_box,1,11.1,13.7,13.6
stack5_scene0001,view_el30_az135,cracker_box,cracker_box,1,27.6,48.9,180.6
stack5_scene0001,view_el30_az135,cracker_box,cracker_box,1,27.6,27.1,6.1
stack5_scene0001,view_el30_az135,cracker_box,cracker_box,1,102.1,124.7,272.9
stack5_scene0001,view_el30_az135,flat_screwdriver,flat_screwdriver,1,57.2,59.5,24.2
stack5_scene0001,view_el30_az135,flat_screwdriver,flat_screwdriver,1,57.2,59.8,39.8
stack5_scene0001,view_el30_az135,cracker_box,cracker_box,1,48.7,74.5,211.7
stack5_scene0001,view_el30_az135,cracker_box,cracker_box,1,42.9,66.4,209.2
stack5_scene0001,view_el30_az135,cracker_box,cracker_box,1,45.5,64.2,76.7
stack5_scene0001,view_el30_az135,cracker_box,cracker_box,1,151.7,103.7,8.1
stack5_scene0001,view_el30_az135,cracker_box,cracker_box,1,23.1,23.0,5.0
stack5_scene0001,view_el30_az135,cracker_box,cracker_box,1,28.4,54.5,188.1
stack5_scene0001,view_el30_az135,cracker_box,cracker_box,1,22.3,46.4,185.6
stack5_scene0001,view_el30_az135,cracker_box,cracker_box,1,0.8,30.2,165.6
stack5_scene0001,view_el30_az135,cracker_box,cracker_box,1,6.6,20.9,163.1
stack5_scene0001,view_el30_az135,cracker_box,cracker_box,1,33.7,6.7,134.7
stack5_scene0001,view_el30_az135,cracker_box,cracker_box,1,100.8,78.2,131.6
stack5_scene0001,view_el30_az135,cracker_box,cracker_box,1,33.1,6.6,134.7
stack5_scene0001,view_el30_az135,cracker_box,cracker_box,1,101.3,78.2,131.6
stack5_scene0001,view_el30_az135,flat_screwdriver,flat_screwdriver,1,43.4,30.4,39.8
stack5_scene0001,view_el30_az135,flat_screwdriver,flat_screwdriver,1,43.4,30.3,39.8
stack5_scene0001,view_el30_az135,cracker_box,cracker_box,1,143.0,90.1,6.1
stack5_scene0001,view_el30_az135,cracker_box,cracker_box,1,13.9,8.8,3.1
stack5_scene0001,view_el30_az135,master_chef_can,master_chef_can,1,30.2,29.9,57.5
stack5_scene0001,view_el30_az135,cracker_box,cracker_box,1,25.0,49.5,220.4
stack5_scene0001,view_el30_az135,flat_screwdriver,flat_screwdriver,1,90.5,82.7,73.5
stack5_scene0001,view_el30_az135,flat_screwdriver,flat_screwdriver,1,90.5,82.6,73.5
stack5_scene0001,view_el30_az135,cracker_box,cracker_box,1,57.6,88.9,238.1
stack5_scene0001,view_el30_az195,cracker_box,cracker_box,1,30.4,34.1,11.7
stack5_scene0001,view_el30_az195,cracker_box,cracker_box,1,2.8,5.3,103.7
stack5_scene0001,view_el30_az195,master_chef_can,master_chef_can,1,27.3,27.9,49.6
stack5_scene0001,view_el30_az195,master_chef_can,master_chef_can,1,9.2,10.5,3.9
stack5_scene0001,view_el30_az195,cracker_box,cracker_box,1,3.1,0.9,78.1
stack5_scene0001,view_el30_az195,cracker_box,cracker_box,1,15.6,23.9,66.4
stack5_scene0001,view_el30_az195,cracker_box,cracker_box,1,42.3,50.1,290.7
stack5_scene0001,view_el30_az195,cracker_box,cracker_box,1,29.7,19.6,85.3
stack5_scene0001,view_el30_az195,cracker_box,cracker_box,1,12.4,2.2,73.6
stack5_scene0001,view_el30_az195,cracker_box,cracker_box,1,13.3,19.6,261.2
stack5_scene0001,view_el30_az195,cracker_box,cracker_box,1,15.9,16.2,157.4
stack5_scene0001,view_el30_az195,cracker_box,cracker_box,1,50.1,38.9,195.7
stack5_scene0001,view_el30_az195,cracker_box,cracker_box,1,33.4,17.7,184.0
stack5_scene0001,view_el30_az195,cracker_box,cracker_box,1,23.6,16.8,220.5
stack5_scene0001,view_el30_az195,cracker_box,cracker_box,1,22.7,22.0,116.8
stack5_scene0001,view_el30_az195,cracker_box,cracker_box,1,9.6,1.3,240.5
stack5_scene0001,view_el30_az195,cracker_box,cracker_box,1,8.0,5.6,136.8
stack5_scene0001,view_el30_az195,cracker_box,cracker_box,1,41.9,36.5,212.7
stack5_scene0001,view_el30_az195,master_chef_can,master_chef_can,1,9.8,12.5,32.9
stack5_scene0001,view_el30_az195,cracker_box,cracker_box,1,41.2,35.7,218.9
stack5_scene0001,view_el30_az195,cracker_box,cracker_box,1,38.3,32.9,220.2
stack5_scene0001,view_el30_az210,master_chef_can,master_chef_can,1,28.7,30.9,4.1
stack5_scene0001,view_el30_az210,cracker_box,cracker_box,1,22.2,3.0,50.3
stack5_scene0001,view_el30_az210,cracker_box,cracker_box,1,31.0,66.9,6.9
stack5_scene0001,view_el30_az210,master_chef_can,master_chef_can,1,13.1,7.3,185.2
stack5_scene0001,view_el30_az210,master_chef_can,master_chef_can,1,3.5,3.4,185.2
stack5_scene0001,view_el30_az210,master_chef_can,master_chef_can,1,28.2,32.2,24.3
stack5_scene0001,view_el30_az210,cracker_box,cracker_box,1,33.6,46.9,232.9
stack5_scene0001,view_el30_az210,cracker_box,cracker_box,1,5.8,8.8,196.9
stack5_scene0001,view_el30_az210,cracker_box,cracker_box,1,7.7,11.3,146.7
stack5_scene0001,view_el30_az210,cracker_box,cracker_box,1,35.5,48.6,242.4
stack5_scene0001,view_el30_az210,cracker_box,cracker_box,1,22.3,9.8,177.3
stack5_scene0001,view_el30_az210,cracker_box,cracker_box,1,9.6,8.1,127.0
stack5_scene0001,view_el30_az210,cracker_box,cracker_box,1,56.7,37.4,159.2
stack5_scene0001,view_el30_az210,cracker_box,cracker_box,1,44.5,36.2,108.9
stack5_scene0001,view_el30_az210,cracker_box,cracker_box,1,3.2,7.1,49.7
stack5_scene0001,view_el30_az210,cracker_box,cracker_box,1,27.8,45.4,49.7
stack5_scene0001,view_el30_az210,cracker_box,cracker_box,1,175.7,113.3,2.2
stack5_scene0001,view_el30_az210,cracker_box,cracker_box,1,154.9,64.9,2.2
stack5_scene0001,view_el30_az210,cracker_box,cracker_box,1,191.8,149.2,9.1
stack5_scene0001,view_el30_az210,cracker_box,cracker_box,1,171.9,104.0,9.1
stack5_scene0001,view_el30_az240,master_chef_can,master_chef_can,1,10.2,39.8,1.6
stack5_scene0001,view_el30_az240,master_chef_can,master_chef_can,1,14.1,12.5,165.5
stack5_scene0001,view_el30_az240,master_chef_can,master_chef_can,1,11.9,10.1,165.5
stack5_scene0001,view_el30_az240,master_chef_can,master_chef_can,1,10.7,36.2,3.2
stack5_scene0001,view_el30_az240,cracker_box,cracker_box,1,10.4,23.2,3.2
stack5_scene0001,view_el30_az240,cracker_box,cracker_box,1,42.1,28.8,15.5
stack5_scene0001,view_el30_az240,cracker_box,cracker_box,1,13.2,4.7,188.7
stack5_scene0001,view_el30_az240,cracker_box,cracker_box,1,11.1,9.9,178.8
stack5_scene0001,view_el30_az240,cracker_box,cracker_box,1,28.2,18.0,175.7
stack5_scene0001,view_el30_az240,cracker_box,cracker_box,1,38.7,36.0,6.9
stack5_scene0001,view_el30_az240,cracker_box,cracker_box,1,39.1,21.7,3.7
stack5_scene0001,view_el30_az240,cracker_box,cracker_box,1,5.4,20.3,212.0
stack5_scene0001,view_el30_az240,cracker_box,cracker_box,1,4.9,0.7,208.8
stack5_scene0001,view_el30_az240,cracker_box,cracker_box,1,72.0,85.8,255.1
stack5_scene0001,view_el30_az240,cracker_box,cracker_box,1,84.5,98.9,292.3
stack5_scene0001,view_el30_az240,cracker_box,cracker_box,1,31.4,3.7,183.8
stack5_scene0001,view_el30_az240,cracker_box,cracker_box,1,2.5,19.7,168.3
stack5_scene0001,view_el30_az240,master_chef_can,master_chef_can,1,12.9,28.5,38.9
stack5_scene0001,view_el30_az240,master_chef_can,master_chef_can,1,5.0,55.5,35.8
stack5_scene0001,view_el30_az240,cracker_box,cracker_box,1,27.0,44.8,241.0
stack5_scene0001,view_el30_az240,flat_screwdriver,master_chef_can,0,195.9,142.8,16.7
stack5_scene0001,view_el30_az240,cracker_box,cracker_box,1,29.4,27.5,27.5
stack5_scene0001,view_el30_az240,cracker_box,cracker_box,1,35.6,18.0,168.4
stack5_scene0001,view_el30_az240,cracker_box,cracker_box,1,1.9,4.8,152.9
stack5_scene0001,view_el45_az135,cracker_box,cracker_box,1,23.0,18.0,2.5
stack5_scene0001,view_el45_az135,cracker_box,cracker_box,1,32.8,39.9,12.5
stack5_scene0001,view_el45_az135,cracker_box,cracker_box,1,63.3,63.5,142.5
stack5_scene0001,view_el45_az135,master_chef_can,cracker_box,0,84.5,80.2,25.0
stack5_scene0001,view_el45_az135,flat_screwdriver,flat_screwdriver,1,78.2,73.6,72.5
stack5_scene0001,view_el45_az135,master_chef_can,cracker_box,0,101.4,91.7,25.0
stack5_scene0001,view_el45_az135,master_chef_can,master_chef_can,1,39.3,37.9,49.5
stack5_scene0001,view_el45_az135,master_chef_can,cracker_box,0,59.9,51.2,93.4
stack5_scene0001,view_el45_az135,master_chef_can,master_chef_can,1,39.0,38.2,68.4
stack5_scene0001,view_el45_az135,cracker_box,cracker_box,1,43.4,45.2,152.5
stack5_scene0001,view_el45_az135,cracker_box,cracker_box,1,15.8,17.8,10.0
stack5_scene0001,view_el45_az135,cracker_box,cracker_box,1,128.0,128.3,233.8
stack5_scene0001,view_el45_az135,cracker_box,cracker_box,1,68.3,39.9,74.3
stack5_scene0001,view_el45_az135,cracker_box,cracker_box,1,107.0,59.1,17.7
stack5_scene0001,view_el45_az135,cracker_box,cracker_box,1,48.6,57.5,161.8
stack5_scene0001,view_el45_az135,cracker_box,cracker_box,1,36.2,45.8,161.8
stack5_scene0001,view_el45_az135,cracker_box,cracker_box,1,13.1,23.8,42.5
stack5_scene0001,view_el45_az135,cracker_box,cracker_box,1,12.8,11.7,30.0
stack5_scene0001,view_el45_az135,flat_screwdriver,flat_screwdriver,1,77.7,72.2,72.5
stack5_scene0001,view_el45_az135,cracker_box,cracker_box,1,14.7,25.9,130.0
stack5_scene0001,view_el45_az135,cracker_box,cracker_box,1,0.8,12.5,130.0
stack5_scene0001,view_el45_az135,cracker_box,cracker_box,1,2.1,13.4,127.5
stack5_scene0001,view_el45_az135,cracker_box,cracker_box,1,12.3,0.7,127.5
stack5_scene0001,view_el45_az135,cracker_box,cracker_box,1,133.5,138.3,278.8
stack5_scene0001,view_el45_az135,cracker_box,cracker_box,1,14.4,4.6,127.5
stack5_scene0001,view_el45_az135,cracker_box,cracker_box,1,11.5,31.2,115.0
stack5_scene0001,view_el45_az135,cracker_box,cracker_box,1,6.5,2.8,115.0
stack5_scene0001,view_el45_az135,cracker_box,cracker_box,1,19.8,39.4,102.5
stack5_scene0001,view_el45_az135,cracker_box,cracker_box,1,124.1,128.2,252.1
stack5_scene0001,view_el45_az135,cracker_box,cracker_box,1,76.9,83.4,187.5
stack5_scene0001,view_el45_az135,cracker_box,cracker_box,1,122.6,129.0,276.9
stack5_scene0001,view_el45_az225,master_chef_can,master_chef_can,1,37.5,33.7,22.3
stack5_scene0001,view_el45_az225,master_chef_can,master_chef_can,1,37.2,33.6,25.8
stack5_scene0001,view_el45_az225,cracker_box,cracker_box,1,40.6,16.8,130.0
stack5_scene0001,view_el45_az225,cracker_box,cracker_box,1,33.0,52.2,7.5
stack5_scene0001,view_el45_az225,master_chef_can,master_chef_can,1,21.8,20.6,0.0
stack5_scene0001,view_el45_az225,master_chef_can,master_chef_can,1,1.9,3.6,0.0
stack5_scene0001,view_el45_az225,cracker_box,cracker_box,1,1.2,8.9,169.9
stack5_scene0001,view_el45_az225,cracker_box,cracker_box,1,38.2,45.1,188.7
stack5_scene0001,view_el45_az225,cracker_box,cracker_box,1,96.5,105.9,282.3
stack5_scene0001,view_el45_az225,cracker_box,cracker_box,1,13.8,0.7,189.9
stack5_scene0001,view_el45_az225,cracker_box,cracker_box,1,177.0,118.7,3.5
stack5_scene0001,view_el45_az225,cracker_box,cracker_box,1,31.2,14.2,145.6
stack5_scene0001,view_el45_az225,cracker_box,cracker_box,1,3.8,1.7,15.6
stack5_scene0001,view_el45_az225,master_chef_can,master_chef_can,1,27.1,26.5,60.1
stack5_scene0001,view_el45_az225,master_chef_can,master_chef_can,1,2.6,4.9,34.3
stack5_scene0001,view_el45_az225,cracker_box,cracker_box,1,40.2,26.9,155.0
stack5_scene0001,view_el45_az225,cracker_box,cracker_box,1,13.3,14.8,25.0
stack5_scene0001,view_el45_az225,master_chef_can,master_chef_can,1,26.2,26.8,52.4
stack5_scene0001,view_el45_az225,master_chef_can,master_chef_can,1,1.9,5.2,26.6
stack5_scene0001,view_el45_az225,cracker_box,cracker_box,1,55.1,35.9,130.0
stack5_scene0001,view_el45_az225,cracker_box,cracker_box,1,28.4,24.3,3.5
stack5_scene0001,view_el45_az225,cracker_box,cracker_box,1,24.3,33.2,230.9
stack5_scene0001,view_el45_az225,cracker_box,cracker_box,1,53.0,79.0,223.4
stack5_scene0001,view_el45_az225,cracker_box,cracker_box,1,52.8,63.5,264.4
stack5_scene0001,view_el60_az180,master_chef_can,master_chef_can,1,47.0,38.1,0.0
stack5_scene0001,view_el60_az180,master_chef_can,master_chef_can,1,46.8,38.0,0.0
stack5_scene0001,view_el60_az180,cracker_box,cracker_box,1,63.6,54.2,70.7
stack5_scene0001,view_el60_az180,cracker_box,cracker_box,1,63.1,54.1,70.7
stack5_scene0001,view_el60_az180,cracker_box,cracker_box,1,39.4,32.9,68.2
stack5_scene0001,view_el60_az180,cracker_box,cracker_box,1,39.1,32.9,68.2
stack5_scene0001,view_el60_az180,master_chef_can,master_chef_can,1,17.0,15.0,22.5
stack5_scene0001,view_el60_az180,master_chef_can,master_chef_can,1,7.5,5.7,22.5
stack5_scene0001,view_el60_az180,cracker_box,cracker_box,1,24.1,31.0,151.1
stack5_scene0001,view_el60_az180,cracker_box,cracker_box,1,24.2,31.0,151.1
stack5_scene0001,view_el60_az180,master_chef_can,master_chef_can,1,35.8,33.1,7.5
stack5_scene0001,view_el60_az180,master_chef_can,master_chef_can,1,13.7,14.4,7.5
stack5_scene0001,view_el60_az180,cracker_box,cracker_box,1,74.1,71.8,218.6
stack5_scene0001,view_el60_az180,cracker_box,cracker_box,1,74.3,71.8,218.6
stack5_scene0001,view_el60_az180,cracker_box,cracker_box,1,46.5,44.1,70.7
stack5_scene0001,view_el60_az180,cracker_box,cracker_box,1,46.5,44.0,70.7
stack5_scene0001,view_el60_az180,cracker_box,cracker_box,1,0.5,1.1,0.0
stack5_scene0001,view_el60_az180,master_chef_can,master_chef_can,1,23.5,23.6,52.0
stack5_scene0001,view_el60_az180,master_chef_can,master_chef_can,1,3.2,3.4,52.0
stack5_scene0001,view_el60_az180,cracker_box,cracker_box,1,5.7,3.7,108.5
stack5_scene0001,view_el60_az180,cracker_box,cracker_box,1,5.7,3.6,108.5
stack5_scene0001,view_el60_az180,cracker_box,cracker_box,1,22.3,22.5,40.3
stack5_scene0001,view_el60_az180,cracker_box,cracker_box,1,63.8,64.4,195.1
stack5_scene0001,view_el60_az180,cracker_box,cracker_box,1,63.8,64.5,195.1
stack5_scene0001,view_el60_az180,cracker_box,cracker_box,1,45.9,45.4,85.7
stack5_scene0001,view_el60_az180,cracker_box,cracker_box,1,45.7,45.3,85.7
stack5_scene0001,view_el60_az180,cracker_box,cracker_box,1,0.6,3.0,15.0
stack5_scene0001,view_el60_az180,cracker_box,cracker_box,1,49.9,48.0,83.2
stack5_scene0001,view_el60_az180,cracker_box,cracker_box,1,49.6,48.0,83.2
stack5_scene0001,view_el60_az180,cracker_box,cracker_box,1,24.1,23.9,15.0
stack5_scene0001,view_el60_az180,cracker_box,cracker_box,1,63.6,58.4,95.7
stack5_scene0001,view_el60_az180,cracker_box,cracker_box,1,63.6,58.4,95.7
stack5_scene0001,view_el60_az180,cracker_box,cracker_box,1,17.8,16.5,25.0
stack5_scene0001,view_el60_az180,cracker_box,cracker_box,1,52.1,43.1,75.7
stack5_scene0001,view_el60_az180,cracker_box,cracker_box,1,52.1,43.1,75.7
stack5_scene0001,view_el60_az180,cracker_box,cracker_box,1,26.0,18.8,7.5
stack5_scene0001,view_el60_az180,cracker_box,cracker_box,1,76.8,72.5,203.7
stack5_scene0001,view_el60_az180,cracker_box,cracker_box,1,77.3,72.6,203.7
stack5_scene0001,view_el60_az195,cracker_box,apple,0,130.4,96.1,40.6
stack5_scene0001,view_el60_az195,cracker_box,apple,0,127.5,103.0,54.7
stack5_scene0001,view_el60_az195,cracker_box,apple,0,118.0,106.6,14.2
stack5_scene0001,view_el60_az195,master_chef_can,master_chef_can,1,43.7,33.9,2.3
stack5_scene0001,view_el60_az195,master_chef_can,master_chef_can,1,43.6,34.0,2.3
stack5_scene0001,view_el60_az195,cracker_box,cracker_box,1,49.0,30.6,116.9
stack5_scene0001,view_el60_az195,cracker_box,cracker_box,1,57.9,45.0,76.4
stack5_scene0001,view_el60_az195,cracker_box,cracker_box,1,63.0,52.7,62.2
stack5_scene0001,view_el60_az195,cracker_box,cracker_box,1,19.9,10.4,117.8
stack5_scene0001,view_el60_az195,cracker_box,cracker_box,1,29.8,24.0,77.2
stack5_scene0001,view_el60_az195,cracker_box,cracker_box,1,35.6,31.2,63.1
stack5_scene0001,view_el60_az195,flat_screwdriver,cracker_box,0,43.0,38.4,40.6
stack5_scene0001,view_el60_az195,apple,cracker_box,0,128.5,128.0,40.6
stack5_scene0001,view_el60_az195,flat_screwdriver,cracker_box,0,181.0,179.9,40.6
stack5_scene0001,view_el60_az195,master_chef_can,master_chef_can,1,15.6,13.9,23.2
stack5_scene0001,view_el60_az195,master_chef_can,master_chef_can,1,8.0,6.3,20.9
stack5_scene0001,view_el60_az195,cracker_box,cracker_box,1,33.6,42.8,190.9
stack5_scene0001,view_el60_az195,cracker_box,cracker_box,1,26.5,32.2,150.3
stack5_scene0001,view_el60_az195,cracker_box,cracker_box,1,22.4,26.8,136.2
stack5_scene0001,view_el60_az195,cracker_box,cracker_box,1,80.9,83.9,261.2
stack5_scene0001,view_el60_az195,cracker_box,cracker_box,1,74.1,73.5,220.6
stack5_scene0001,view_el60_az195,cracker_box,cracker_box,1,70.1,68.1,206.4
stack5_scene0001,view_el60_az195,master_chef_can,master_chef_can,1,17.9,18.8,40.2
stack5_scene0001,view_el60_az195,master_chef_can,master_chef_can,1,6.9,1.8,40.2
stack5_scene0001,view_el60_az195,cracker_box,cracker_box,1,35.8,25.3,120.0
stack5_scene0001,view_el60_az195,cracker_box,cracker_box,1,42.7,36.1,79.4
stack5_scene0001,view_el60_az195,cracker_box,cracker_box,1,46.8,41.6,65.3
stack5_scene0001,view_el60_az195,cracker_box,cracker_box,1,1.2,0.3,3.1
stack5_scene0001,view_el60_az195,cracker_box,cracker_box,1,18.3,22.1,165.2
stack5_scene0001,view_el60_az195,cracker_box,cracker_box,1,11.4,11.6,124.6
stack5_scene0001,view_el60_az195,cracker_box,cracker_box,1,7.2,6.1,110.4
stack5_scene0001,view_el60_az195,cracker_box,cracker_box,1,33.9,32.0,47.4
stack5_scene0001,view_el60_az195,master_chef_can,master_chef_can,1,30.1,30.5,6.4
stack5_scene0001,view_el60_az195,master_chef_can,master_chef_can,1,9.8,12.8,4.1
stack5_scene0001,view_el60_az195,cracker_box,cracker_box,1,35.2,31.7,143.6
stack5_scene0001,view_el60_az195,cracker_box,cracker_box,1,42.0,42.2,103.0
stack5_scene0001,view_el60_az195,cracker_box,cracker_box,1,46.1,47.7,88.8
stack5_scene0001,view_el60_az195,cracker_box,cracker_box,1,1.0,7.2,26.6
stack5_scene0001,view_el60_az195,cracker_box,cracker_box,1,42.8,32.0,133.2
stack5_scene0001,view_el60_az195,cracker_box,cracker_box,1,49.6,42.6,92.7
stack5_scene0001,view_el60_az195,cracker_box,cracker_box,1,53.7,48.0,78.5
stack5_scene0001,view_el60_az195,cracker_box,cracker_box,1,9.0,7.6,16.3
stack5_scene0001,view_el60_az195,cracker_box,cracker_box,1,19.2,15.4,124.4
stack5_scene0001,view_el60_az195,cracker_box,cracker_box,1,26.2,26.0,83.9
stack5_scene0001,view_el60_az195,cracker_box,cracker_box,1,30.3,31.5,69.7
stack5_scene0001,view_el60_az195,cracker_box,cracker_box,1,5.6,7.3,6.6
stack5_scene0001,view_el60_az195,cracker_box,cracker_box,1,43.7,35.2,125.6
stack5_scene0001,view_el60_az195,cracker_box,cracker_box,1,50.5,45.8,85.0
stack5_scene0001,view_el60_az195,cracker_box,cracker_box,1,54.6,51.2,70.9
stack5_scene0001,view_el60_az195,cracker_box,cracker_box,1,30.9,27.7,7.8
stack5_scene0001,view_el60_az195,cracker_box,cracker_box,1,77.6,81.0,241.3
stack5_scene0001,view_el60_az195,cracker_box,cracker_box,1,70.8,70.6,200.7
stack5_scene0001,view_el60_az195,cracker_box,cracker_box,1,66.8,65.2,186.6
stack5_scene0001,view_el60_az195,cracker_box,cracker_box,1,85.8,90.0,248.7
stack5_scene0001,view_el60_az195,cracker_box,cracker_box,1,79.1,79.6,208.1
stack5_scene0001,view_el60_az195,cracker_box,cracker_box,1,75.0,74.2,194.0
stack5_scene0001,view_el60_az255,master_chef_can,master_chef_can,1,8.6,3.9,11.8
stack5_scene0001,view_el60_az255,master_chef_can,master_chef_can,1,19.0,13.9,14.8
stack5_scene0001,view_el60_az255,cracker_box,cracker_box,1,21.6,18.4,39.3
stack5_scene0001,view_el60_az255,flat_screwdriver,flat_screwdriver,1,32.2,32.3,18.9
stack5_scene0001,view_el60_az255,cracker_box,cracker_box,1,1.7,3.1,1.3
stack5_scene0001,view_el60_az255,cracker_box,cracker_box,1,13.7,15.9,53.2
stack5_scene0001,view_el60_az255,cracker_box,cracker_box,1,7.1,1.4,13.9
stack5_scene0001,view_el60_az255,cracker_box,cracker_box,1,15.8,13.5,39.3
stack5_scene0001,view_el60_az255,cracker_box,cracker_box,1,3.5,6.4,4.7
stack5_scene0001,view_el60_az255,cracker_box,cracker_box,1,26.0,27.1,64.1
stack5_scene0001,view_el60_az255,cracker_box,cracker_box,1,9.6,11.9,24.8
stack5_scene0001,view_el60_az255,master_chef_can,master_chef_can,1,10.7,8.7,1.6
stack5_scene0001,view_el60_az255,master_chef_can,master_chef_can,1,13.7,10.0,1.6
stack5_scene0001,view_el60_az255,flat_screwdriver,flat_screwdriver,1,31.8,32.6,11.9
stack5_scene0001,view_el60_az255,master_chef_can,master_chef_can,1,11.3,1.9,16.8
stack5_scene0001,view_el60_az255,master_chef_can,master_chef_can,1,14.1,2.9,16.8
stack5_scene0001,view_el60_az255,flat_screwdriver,flat_screwdriver,1,10.3,10.2,33.7
stack5_scene0001,view_el60_az255,flat_screwdriver,flat_screwdriver,1,8.2,7.2,14.8
stack5_scene0001,view_el60_az255,cracker_box,cracker_box,1,65.5,60.7,142.5
stack5_scene0001,view_el60_az255,cracker_box,cracker_box,1,44.5,33.6,3.9
stack5_scene0001,view_el75_az105,master_chef_can,master_chef_can,1,51.9,40.3,2.3
stack5_scene0001,view_el75_az105,master_chef_can,master_chef_can,1,51.9,40.2,2.3
stack5_scene0001,view_el75_az105,flat_screwdriver,flat_screwdriver,1,19.6,20.0,29.6
stack5_scene0001,view_el75_az105,master_chef_can,master_chef_can,1,38.4,32.9,4.2
stack5_scene0001,view_el75_az105,master_chef_can,master_chef_can,1,2.4,6.1,1.8
stack5_scene0001,view_el75_az105,cracker_box,cracker_box,1,13.3,10.5,64.5
stack5_scene0001,view_el75_az105,cracker_box,cracker_box,1,13.6,5.2,49.2
stack5_scene0001,view_el75_az105,flat_screwdriver,flat_screwdriver,1,19.7,19.9,29.6
stack5_scene0001,view_el75_az105,flat_screwdriver,flat_screwdriver,1,7.8,7.4,0.3
stack5_scene0001,view_el75_az105,flat_screwdriver,flat_screwdriver,1,6.5,5.8,0.3
stack5_scene0001,view_el75_az105,master_chef_can,master_chef_can,1,23.8,26.2,53.1
stack5_scene0001,view_el75_az105,master_chef_can,master_chef_can,1,1.3,9.6,53.1
stack5_scene0001,view_el75_az105,cracker_box,cracker_box,1,1.0,0.9,53.1
stack5_scene0001,view_el75_az105,flat_screwdriver,flat_screwdriver,1,7.0,7.3,20.0
stack5_scene0001,view_el75_az105,flat_screwdriver,flat_screwdriver,1,8.4,8.9,20.0
stack5_scene0001,view_el75_az225,cracker_box,apple,0,100.1,104.9,47.7
stack5_scene0001,view_el75_az225,master_chef_can,master_chef_can,1,28.5,24.3,0.9
stack5_scene0001,view_el75_az225,apple,apple,1,10.9,10.1,1.8
stack5_scene0001,view_el75_az225,flat_screwdriver,flat_screwdriver,1,3.9,4.5,4.6
stack5_scene0001,view_el75_az225,master_chef_can,master_chef_can,1,29.3,25.5,0.9
stack5_scene0001,view_el75_az225,cracker_box,cracker_box,1,24.5,17.9,54.1
stack5_scene0001,view_el75_az225,cracker_box,cracker_box,1,14.7,8.5,6.4
stack5_scene0001,view_el75_az225,apple,apple,1,10.9,10.1,1.8
stack5_scene0001,view_el75_az225,master_chef_can,master_chef_can,1,11.5,9.2,5.5
stack5_scene0001,view_el75_az225,master_chef_can,master_chef_can,1,18.2,13.5,5.5
stack5_scene0001,view_el75_az225,cracker_box,cracker_box,1,74.7,70.6,168.4
stack5_scene0001,view_el75_az225,cracker_box,cracker_box,1,65.8,62.1,120.7
stack5_scene0001,view_el75_az225,flat_screwdriver,flat_screwdriver,1,3.9,4.5,4.6
stack5_scene0001,view_el75_az225,flat_screwdriver,flat_screwdriver,1,2.3,2.1,2.7
stack5_scene0001,view_el75_az225,flat_screwdriver,flat_screwdriver,1,1.4,1.8,2.7
stack5_scene0001,view_el75_az225,master_chef_can,master_chef_can,1,34.3,31.3,27.1
stack5_scene0001,view_el75_az225,master_chef_can,master_chef_can,1,28.5,27.4,27.1
stack5_scene0001,view_el75_az225,flat_screwdriver,flat_screwdriver,1,0.9,0.7,1.8
stack5_scene0001,view_el75_az225,flat_screwdriver,flat_screwdriver,1,1.8,1.1,1.8
stack5_scene0001,view_el75_az225,cracker_box,cracker_box,1,83.7,77.7,167.2
stack5_scene0001,view_el75_az225,cracker_box,cracker_box,1,74.8,69.2,119.6
stack5_scene0001,view_el75_az225,cracker_box,cracker_box,1,1.7,2.7,69.7
stack5_scene0001,view_el75_az225,cracker_box,cracker_box,1,10.8,5.9,22.0
stack5_scene0001,view_el75_az225,cracker_box,cracker_box,1,39.1,38.3,115.3
stack5_scene0001,view_el75_az225,cracker_box,cracker_box,1,30.1,29.7,67.6
stack5_scene0001,view_el90,master_chef_can,master_chef_can,1,40.0,33.0,0.0
stack5_scene0001,view_el90,apple,apple,1,10.0,10.6,0.0
stack5_scene0001,view_el90,flat_screwdriver,flat_screwdriver,1,5.0,5.3,0.0
stack5_scene0001,view_el90,master_chef_can,master_chef_can,1,40.0,33.5,0.0
stack5_scene0001,view_el90,cracker_box,cracker_box,1,15.0,11.7,0.1
stack5_scene0001,view_el90,apple,apple,1,10.0,10.5,0.0
stack5_scene0001,view_el90,cracker_box,cracker_box,1,5.0,3.6,0.0
stack5_scene0001,view_el90,flat_screwdriver,flat_screwdriver,1,5.0,5.5,0.0
stack5_scene0001,view_el90,master_chef_can,master_chef_can,1,10.0,5.7,0.1
stack5_scene0001,view_el90,master_chef_can,master_chef_can,1,20.0,12.2,0.0
stack5_scene0001,view_el90,flat_screwdriver,flat_screwdriver,1,0.0,0.5,0.1
stack5_scene0001,view_el90,flat_screwdriver,flat_screwdriver,1,0.0,0.0,0.0
stack5_scene0001,view_el90,master_chef_can,master_chef_can,1,55.0,52.5,75.1
stack5_scene0001,view_el90,master_chef_can,master_chef_can,1,45.0,46.6,75.0
stack5_scene0001,view_el90,cracker_box,cracker_box,1,59.9,56.9,95.0
stack3_scene0005,view_el30_az135,foam_brick,gelatin_box,0,0.3,1.0,15.3
stack3_scene0005,view_el30_az135,gelatin_box,foam_brick,0,0.3,1.0,15.3
stack3_scene0005,view_el30_az135,gelatin_box,foam_brick,0,1.8,2.9,39.8
stack3_scene0005,view_el30_az135,gelatin_box,gelatin_box,1,3.2,4.2,24.5
stack3_scene0005,view_el30_az195,foam_brick,gelatin_box,0,1.4,3.4,4.2
stack3_scene0005,view_el30_az195,gelatin_box,foam_brick,0,1.4,3.3,4.2
stack3_scene0005,view_el30_az210,foam_brick,gelatin_box,0,3.4,4.2,9.7
stack3_scene0005,view_el30_az210,gelatin_box,foam_brick,0,3.4,4.1,9.7
stack3_scene0005,view_el30_az210,racquetball,racquetball,1,1.4,0.7,8.1
stack3_scene0005,view_el30_az240,foam_brick,gelatin_box,0,1.6,1.6,20.5
stack3_scene0005,view_el30_az240,gelatin_box,foam_brick,0,1.3,1.4,20.5
stack3_scene0005,view_el30_az240,racquetball,racquetball,1,1.8,2.0,0.3
stack3_scene0005,view_el30_az240,racquetball,racquetball,1,1.7,1.8,0.3
stack3_scene0005,view_el45_az135,foam_brick,gelatin_box,0,2.3,2.4,20.0
stack3_scene0005,view_el45_az135,gelatin_box,foam_brick,0,2.3,2.5,20.0
stack3_scene0005,view_el45_az135,foam_brick,foam_brick,1,5.2,7.4,15.6
stack3_scene0005,view_el45_az135,foam_brick,foam_brick,1,4.4,6.8,15.6
stack3_scene0005,view_el45_az225,foam_brick,gelatin_box,0,4.4,4.5,22.5
stack3_scene0005,view_el45_az225,gelatin_box,foam_brick,0,4.2,4.5,22.5
stack3_scene0005,view_el45_az225,foam_brick,foam_brick,1,10.4,12.7,31.2
stack3_scene0005,view_el45_az225,foam_brick,foam_brick,1,9.0,11.8,31.2
stack3_scene0005,view_el60_az180,foam_brick,gelatin_box,0,8.5,8.0,16.2
stack3_scene0005,view_el60_az180,gelatin_box,foam_brick,0,9.1,8.2,17.5
stack3_scene0005,view_el60_az180,gelatin_box,foam_brick,0,9.1,8.1,17.5
stack3_scene0005,view_el60_az180,foam_brick,foam_brick,1,7.4,4.6,0.0
stack3_scene0005,view_el60_az180,foam_brick,foam_brick,1,4.9,3.5,0.0
stack3_scene0005,view_el60_az180,foam_brick,foam_brick,1,15.5,12.5,18.0
stack3_scene0005,view_el60_az180,foam_brick,foam_brick,1,13.0,11.4,18.0
stack3_scene0005,view_el60_az180,foam_brick,foam_brick,1,5.2,4.6,11.2
stack3_scene0005,view_el60_az180,foam_brick,foam_brick,1,2.7,3.5,11.2
stack3_scene0005,view_el60_az195,foam_brick,foam_brick,1,1.2,2.7,0.4
stack3_scene0005,view_el60_az195,foam_brick,foam_brick,1,6.6,7.7,14.4
stack3_scene0005,view_el60_az195,foam_brick,foam_brick,1,11.6,11.2,22.3
stack3_scene0005,view_el60_az255,foam_brick,gelatin_box,0,9.4,9.9,13.7
stack3_scene0005,view_el60_az255,gelatin_box,foam_brick,0,8.3,7.5,13.7
stack3_scene0005,view_el60_az255,foam_brick,foam_brick,1,3.8,3.3,18.7
stack3_scene0005,view_el60_az255,foam_brick,foam_brick,1,0.1,1.0,18.7
stack3_scene0005,view_el60_az255,racquetball,racquetball,1,4.4,4.3,1.8
stack3_scene0005,view_el60_az255,foam_brick,foam_brick,1,5.1,3.0,7.4
stack3_scene0005,view_el60_az255,foam_brick,foam_brick,1,7.9,4.9,7.4
stack3_scene0005,view_el60_az255,foam_brick,foam_brick,1,0.1,1.5,17.3
stack3_scene0005,view_el60_az255,foam_brick,foam_brick,1,2.7,0.3,17.3
stack3_scene0005,view_el75_az105,gelatin_box,foam_brick,0,9.9,9.0,0.3
stack3_scene0005,view_el75_az105,foam_brick,foam_brick,1,7.6,2.5,5.1
stack3_scene0005,view_el75_az105,foam_brick,foam_brick,1,5.1,0.6,11.7
stack3_scene0005,view_el75_az105,foam_brick,foam_brick,1,8.1,7.9,0.1
stack3_scene0005,view_el75_az225,foam_brick,gelatin_box,0,12.9,13.0,11.0
stack3_scene0005,view_el75_az225,gelatin_box,foam_brick,0,11.2,10.0,8.3
stack3_scene0005,view_el75_az225,foam_brick,foam_brick,1,7.1,6.7,10.1
stack3_scene0005,view_el75_az225,foam_brick,foam_brick,1,3.9,4.9,10.1
stack3_scene0005,view_el75_az225,foam_brick,foam_brick,1,2.1,2.1,2.7
stack3_scene0005,view_el75_az225,foam_brick,foam_brick,1,1.1,0.2,2.7
stack3_scene0005,view_el75_az225,foam_brick,foam_brick,1,10.9,7.0,5.5
stack3_scene0005,view_el75_az225,foam_brick,foam_brick,1,14.3,8.9,5.5
stack3_scene0005,view_el90,foam_brick,gelatin_box,0,20.0,12.5,0.0
stack3_scene0005,view_el90,foam_brick,foam_brick,1,2.5,0.5,0.0
stack3_scene0005,view_el90,foam_brick,foam_brick,1,2.5,1.6,0.0
stack3_scene0005,view_el90,foam_brick,foam_brick,1,5.0,5.6,0.0
stack3_scene0005,view_el90,foam_brick,foam_brick,1,0.0,3.4,0.0
stack3_scene0005,view_el90,foam_brick,foam_brick,1,10.0,6.7,0.0
