class,shoulder,plane_med,zov,objA,objB,scene
並排有縫,0.525,104.0,1.0,cups,gelatin_box,n3_scene0001
並排有縫,0.8461538461538461,123.8,1.0,racquetball,cracker_box,n3_scene0002
並排有縫,0.9555555555555556,183.7,1.0,cracker_box,mustard_bottle,n3_scene0002
並排有縫,0.7307692307692308,183.7,0.7,cracker_box,mustard_bottle,n3_scene0002
同物過切,0.25,1.0,0.68,cracker_box,cracker_box,n3_scene0002
同物過切,0.5,9.4,0.96,cracker_box,cracker_box,n3_scene0002
並排有縫,0.8333333333333334,123.8,0.0,racquetball,cracker_box,n3_scene0002
同物過切,0.11111111111111116,1.4,0.64,cracker_box,cracker_box,n3_scene0002
同物過切,0.3571428571428571,1.9,0.8,rubiks_cube,rubiks_cube,n3_scene0004
並排有縫,0.17500000000000004,83.3,1.0,foam_brick,plum,n3_scene0005
同物過切,0.2857142857142857,81.7,0.4,wood_block,wood_block,n3_scene0006
同物過切,0.10256410256410253,1.0,1.0,wood_block,wood_block,n3_scene0006
並排有縫,0.5063291139240507,255.8,1.0,wood_block,phillips_screwdriver,n3_scene0006
並排有縫,0.6309523809523809,214.9,0.0,wood_block,cups,n3_scene0006
並排有縫,0.6075949367088608,231.0,1.0,phillips_screwdriver,wood_block,n3_scene0006
同物過切,0.5833333333333333,56.0,0.4,wood_block,wood_block,n3_scene0006
並排有縫,0.20512820512820518,49.3,1.0,wood_block,cups,n3_scene0006
並排有縫,0.0,235.4,1.0,cups,wood_block,n3_scene0006
同物過切,0.6949152542372881,5.8,1.0,master_chef_can,master_chef_can,n3_scene0010
同物過切,0.9245283018867925,0.8,1.0,power_drill,power_drill,n3_scene0011
同物過切,0.0,37.0,1.0,power_drill,power_drill,n3_scene0011
同物過切,0.049180327868852514,2.6,0.67,knife,knife,n3_scene0011
同物過切,0.4285714285714286,9.4,0.13,sugar_box,sugar_box,n3_scene0011
同物過切,0.6571428571428571,22.2,1.0,power_drill,power_drill,n3_scene0011
同物過切,0.6062992125984252,12.8,1.0,scissors,scissors,n3_scene0012
同物過切,0.6826923076923077,11.8,0.4,tuna_fish_can,tuna_fish_can,n3_scene0013
同物過切,0.6470588235294117,7.2,0.2,potted_meat_can,potted_meat_can,n3_scene0015
同物過切,0.8285714285714285,12.8,1.0,cups,cups,n3_scene0015
同物過切,0.6875,17.3,1.0,orange,orange,n3_scene0015
同物過切,0.7291666666666667,15.5,1.0,mug,mug,n3_scene0016
並排有縫,0.75,299.9,0.0,bleach_cleanser,pear,n3_scene0016
並排有縫,0.390625,218.4,1.0,bleach_cleanser,pear,n3_scene0016
並排有縫,0.6923076923076923,151.2,1.0,mug,bleach_cleanser,n3_scene0016
同物過切,0.0625,17.7,0.44,bleach_cleanser,bleach_cleanser,n3_scene0016
同物過切,0.59375,9.9,1.0,mustard_bottle,mustard_bottle,n3_scene0023
同物過切,0.6857142857142857,5.4,1.0,tennis_ball,tennis_ball,n3_scene0024
並排有縫,0.07499999999999996,128.7,1.0,pudding_box,cups,n3_scene0027
並排有縫,0.8903225806451613,123.8,1.0,master_chef_can,cracker_box,n3_scene0028
同物過切,0.4736842105263158,0.9,0.96,cracker_box,cracker_box,n3_scene0028
並排有縫,0.9161290322580645,95.2,0.83,master_chef_can,cracker_box,n3_scene0028
並排有縫,0.8260869565217391,184.1,1.0,cracker_box,bleach_cleanser,n3_scene0028
並排有縫,0.8846153846153846,172.5,1.0,bleach_cleanser,master_chef_can,n3_scene0028
並排有縫,0.8156424581005587,155.8,0.57,bleach_cleanser,cracker_box,n3_scene0028
同物過切,0.5225806451612903,10.0,0.17,master_chef_can,master_chef_can,n3_scene0028
同物過切,0.7878787878787878,15.6,0.0,bleach_cleanser,bleach_cleanser,n3_scene0028
同物過切,0.3939393939393939,21.1,0.43,bleach_cleanser,bleach_cleanser,n3_scene0028
並排有縫,0.8235294117647058,119.4,1.0,cracker_box,bleach_cleanser,n3_scene0028
同物過切,0.5714285714285714,10.7,1.0,bleach_cleanser,bleach_cleanser,n3_scene0028
並排有縫,0.06756756756756754,33.5,1.0,master_chef_can,cracker_box,n3_scene0028
同物過切,0.038461538461538436,10.0,0.25,bleach_cleanser,bleach_cleanser,n3_scene0028
並排有縫,0.9594594594594594,154.1,0.96,master_chef_can,bleach_cleanser,n3_scene0028
並排有縫,0.05797101449275366,121.3,1.0,master_chef_can,cracker_box,n3_scene0028
並排有縫,0.8709677419354839,136.0,1.0,master_chef_can,bleach_cleanser,n3_scene0028
並排有縫,0.8985507246376812,177.8,1.0,cracker_box,bleach_cleanser,n3_scene0028
並排有縫,0.7101449275362319,145.2,1.0,cracker_box,bleach_cleanser,n3_scene0028
同物過切,0.5555555555555556,1.2,1.0,rubiks_cube,rubiks_cube,n3_scene0029
並排有縫,0.8620689655172413,84.5,0.11,apple,cups,n3_scene0030
同物過切,0.27118644067796616,5.9,1.0,power_drill,power_drill,n3_scene0030
並排有縫,0.7068965517241379,67.8,1.0,cups,apple,n3_scene0030
並排有縫,0.09375,68.9,0.67,apple,cups,n3_scene0030
同物過切,0.01851851851851849,2.8,0.67,knife,knife,n3_scene0031
同物過切,0.5,8.1,0.25,tomato_soup_can,tomato_soup_can,n3_scene0032
並排有縫,0.5,140.6,1.0,adjustable_wrench,tomato_soup_can,n3_scene0032
並排有縫,0.0,96.0,1.0,tomato_soup_can,bowl,n3_scene0032
並排有縫,0.7948717948717949,136.0,0.0,tomato_soup_can,adjustable_wrench,n3_scene0032
同物過切,0.29032258064516125,6.6,0.71,wood_block,wood_block,n3_scene0033
同物過切,0.18518518518518523,4.7,0.57,wood_block,wood_block,n3_scene0033
同物過切,0.22857142857142854,3.4,1.0,wood_block,wood_block,n3_scene0033
並排有縫,0.828125,61.2,0.0,wood_block,foam_brick,n3_scene0033
並排有縫,0.875,153.4,1.0,lemon,foam_brick,n3_scene0033
同物過切,0.9130434782608696,45.7,1.0,pitcher_base,pitcher_base,n3_scene0034
同物過切,0.9702380952380952,38.7,1.0,pitcher_base,pitcher_base,n3_scene0034
並排有縫,0.8636363636363636,187.3,0.0,cups,pitcher_base,n3_scene0034
並排有縫,0.303030303030303,179.6,1.0,cups,pitcher_base,n3_scene0034
並排有縫,0.9242424242424242,181.0,0.0,cups,pitcher_base,n3_scene0034
同物過切,0.19999999999999996,29.1,1.0,pitcher_base,pitcher_base,n3_scene0034
同物過切,0.037735849056603765,1.2,1.0,fork,fork,n3_scene0036
同物過切,0.7142857142857143,1.4,1.0,large_clamp,large_clamp,n3_scene0036
並排有縫,0.1063829787234043,264.5,0.0,sugar_box,nine_hole_peg_test,n3_scene0037
並排有縫,0.7021276595744681,241.4,1.0,sugar_box,nine_hole_peg_test,n3_scene0037
並排有縫,0.7021276595744681,264.7,1.0,sugar_box,nine_hole_peg_test,n3_scene0037
同物過切,0.40476190476190477,21.1,0.07,sugar_box,sugar_box,n3_scene0037
同物過切,0.6808510638297872,2.8,0.2,potted_meat_can,potted_meat_can,n3_scene0037
同物過切,0.5531914893617021,7.3,1.0,nine_hole_peg_test,nine_hole_peg_test,n3_scene0037
同物過切,0.8404255319148937,4.3,0.2,potted_meat_can,potted_meat_can,n3_scene0037
同物過切,0.76,7.2,0.85,sugar_box,sugar_box,n3_scene0037
並排有縫,0.1063829787234043,243.1,0.0,sugar_box,nine_hole_peg_test,n3_scene0037
同物過切,0.6923076923076923,10.8,1.0,tuna_fish_can,tuna_fish_can,n3_scene0039
同物過切,0.5517241379310345,7.1,1.0,orange,orange,n3_scene0040
同物過切,0.8770491803278688,16.0,0.71,mug,mug,n3_scene0040
同物過切,0.25,6.2,1.0,cups,cups,n3_scene0041
同物過切,0.5849056603773585,8.4,0.5,cups,cups,n3_scene0041
同物過切,0.19999999999999996,12.3,1.0,scissors,scissors,n3_scene0041
並排有縫,0.38636363636363635,168.2,0.0,cups,scissors,n3_scene0041
同物過切,0.509090909090909,11.0,1.0,scissors,scissors,n3_scene0041
同物過切,0.5957446808510638,35.0,0.5,wood_block,wood_block,n3_scene0044
並排有縫,0.6082474226804124,98.8,1.0,cups,mustard_bottle,n3_scene0045
並排有縫,0.6907216494845361,112.3,0.0,cups,mustard_bottle,n3_scene0045
並排有縫,0.873015873015873,131.7,0.0,baseball,cracker_box,n3_scene0046
同物過切,0.625,9.2,1.0,cracker_box,cracker_box,n3_scene0046
並排有縫,0.935483870967742,131.7,1.0,baseball,cracker_box,n3_scene0046
同物過切,0.25,23.1,1.0,cups,cups,n3_scene0047
並排有縫,0.5384615384615384,37.7,1.0,cups,cups,n3_scene0047
同物過切,0.7391304347826086,10.2,1.0,scissors,scissors,n3_scene0048
並排有縫,0.5625,223.1,0.0,cups,orange,n3_scene0048
並排有縫,0.7681159420289855,223.1,0.6,cups,orange,n3_scene0048
並排有縫,0.3114754098360656,154.4,1.0,mug,rubiks_cube,n3_scene0051
同物過切,0.09677419354838712,3.0,0.67,knife,knife,n3_scene0051
同物過切,0.7669902912621359,9.0,0.2,potted_meat_can,potted_meat_can,n3_scene0052
並排有縫,0.751412429378531,122.1,0.0,master_chef_can,gelatin_box,n3_scene0053
同物過切,0.5706214689265536,14.9,0.0,master_chef_can,master_chef_can,n3_scene0053
並排有縫,0.7175141242937852,137.2,0.0,master_chef_can,nine_hole_peg_test,n3_scene0053
並排有縫,0.5352112676056338,157.8,1.0,master_chef_can,nine_hole_peg_test,n3_scene0053
並排有縫,0.3802816901408451,126.0,1.0,master_chef_can,gelatin_box,n3_scene0053
同物過切,0.16000000000000003,8.8,1.0,nine_hole_peg_test,nine_hole_peg_test,n3_scene0053
並排有縫,0.30000000000000004,138.8,0.0,master_chef_can,nine_hole_peg_test,n3_scene0053
並排有縫,0.295774647887324,142.7,1.0,master_chef_can,nine_hole_peg_test,n3_scene0053
並排有縫,0.8135593220338984,114.0,0.0,master_chef_can,nine_hole_peg_test,n3_scene0053
並排有縫,0.6060606060606061,135.9,0.31,master_chef_can,nine_hole_peg_test,n3_scene0053
同物過切,0.5686274509803921,106.6,1.0,power_drill,power_drill,n3_scene0054
同物過切,0.31999999999999995,6.2,1.0,apple,apple,n3_scene0054
同物過切,0.0,2.8,0.43,tomato_soup_can,tomato_soup_can,n3_scene0055
同物過切,0.05769230769230771,1.4,1.0,fork,fork,n3_scene0056
同物過切,0.8873239436619719,43.1,0.88,pitcher_base,pitcher_base,n3_scene0058
並排有縫,0.8367346938775511,221.6,1.0,bleach_cleanser,pitcher_base,n3_scene0058
並排有縫,0.7777777777777778,224.7,0.92,pitcher_base,bleach_cleanser,n3_scene0058
同物過切,0.5,18.2,0.0,bleach_cleanser,bleach_cleanser,n3_scene0058
同物過切,0.0,26.8,0.67,bleach_cleanser,bleach_cleanser,n3_scene0058
並排有縫,0.0,220.1,0.88,pitcher_base,bleach_cleanser,n3_scene0058
並排有縫,0.08163265306122447,221.4,1.0,pitcher_base,cups,n3_scene0058
並排有縫,0.8873239436619719,198.9,0.67,pitcher_base,bleach_cleanser,n3_scene0058
同物過切,0.6875,1.1,0.08,sugar_box,sugar_box,n3_scene0059
同物過切,0.0,3.1,0.15,sugar_box,sugar_box,n3_scene0059
同物過切,0.84375,26.9,0.0,sugar_box,sugar_box,n3_scene0059
同物過切,0.33333333333333337,16.9,0.0,sugar_box,sugar_box,n3_scene0059
同物過切,0.75,0.5,0.38,sugar_box,sugar_box,n3_scene0059
同物過切,0.6210526315789473,13.4,0.33,tuna_fish_can,tuna_fish_can,n3_scene0060
並排有縫,0.48,151.8,1.0,bowl,lemon,n3_scene0061
並排有縫,0.7346938775510203,110.7,1.0,cups,bowl,n3_scene0061
並排有縫,0.34042553191489366,82.8,1.0,cups,large_marker,n4_scene0001
並排有縫,0.9230769230769231,242.6,0.0,cracker_box,orange,n4_scene0001
同物過切,0.7241379310344828,8.0,0.88,cracker_box,cracker_box,n4_scene0001
並排有縫,0.8333333333333334,242.6,1.0,cracker_box,orange,n4_scene0001
並排有縫,0.5538461538461539,243.3,0.8,cracker_box,orange,n4_scene0001
並排有縫,0.14814814814814814,186.6,1.0,cups,nine_hole_peg_test,n4_scene0002
同物過切,0.6956521739130435,12.9,1.0,nine_hole_peg_test,nine_hole_peg_test,n4_scene0002
並排有縫,0.27692307692307694,121.3,1.0,nine_hole_peg_test,master_chef_can,n4_scene0002
同物過切,0.7622950819672132,12.5,0.5,master_chef_can,master_chef_can,n4_scene0002
並排有縫,0.12962962962962965,171.2,1.0,cups,nine_hole_peg_test,n4_scene0002
同物過切,0.7884615384615384,2.2,1.0,phillips_screwdriver,phillips_screwdriver,n4_scene0003
同物過切,0.55,14.4,0.92,apple,apple,n4_scene0004
並排有縫,0.5,62.2,1.0,apple,tomato_soup_can,n4_scene0004
並排有縫,0.6161616161616161,241.1,1.0,tomato_soup_can,large_clamp,n4_scene0004
同物過切,0.05882352941176472,1.9,1.0,fork,fork,n4_scene0006
同物過切,0.9107142857142857,16.9,0.8,cups,cups,n4_scene0007
同物過切,0.13793103448275867,2.3,0.67,knife,knife,n4_scene0007
同物過切,0.2068965517241379,23.7,1.0,power_drill,power_drill,n4_scene0007
同物過切,0.5490196078431373,112.5,1.0,power_drill,power_drill,n4_scene0007
同物過切,0.21875,137.3,1.0,power_drill,power_drill,n4_scene0007
同物過切,0.27586206896551724,13.8,1.0,extra_large_clamp,extra_large_clamp,n4_scene0007
同物過切,0.13793103448275867,1.7,1.0,power_drill,power_drill,n4_scene0007
並排有縫,0.24590163934426235,119.8,1.0,cups,tuna_fish_can,n4_scene0008
並排有縫,0.04347826086956519,139.3,1.0,cups,potted_meat_can,n4_scene0008
同物過切,0.368421052631579,5.3,0.67,tuna_fish_can,tuna_fish_can,n4_scene0008
同物過切,0.42105263157894735,6.2,0.0,potted_meat_can,potted_meat_can,n4_scene0008
並排有縫,0.17391304347826086,110.4,1.0,cups,tuna_fish_can,n4_scene0008
同物過切,0.46341463414634143,21.2,1.0,cups,cups,n4_scene0008
並排有縫,0.03076923076923077,160.0,1.0,mug,mini_soccer_ball,n4_scene0009
並排有縫,0.7674418604651163,140.1,1.0,cups,mug,n4_scene0009
同物過切,0.6875,4.7,0.57,cups,cups,n4_scene0009
並排有縫,0.3913043478260869,152.0,1.0,mug,mini_soccer_ball,n4_scene0009
同物過切,0.3384615384615385,1.6,0.14,mug,mug,n4_scene0009
同物過切,0.6923076923076923,6.0,1.0,scissors,scissors,n4_scene0011
並排有縫,0.0,177.1,1.0,bleach_cleanser,bowl,n4_scene0011
同物過切,0.7,0.5,0.91,bleach_cleanser,bleach_cleanser,n4_scene0011
同物過切,0.32258064516129037,7.3,0.25,bleach_cleanser,bleach_cleanser,n4_scene0011
同物過切,0.7980769230769231,4.7,1.0,scissors,scissors,n4_scene0011
並排有縫,0.5373134328358209,233.2,0.0,bowl,bleach_cleanser,n4_scene0011
並排有縫,0.7313432835820896,157.3,1.0,cups,bleach_cleanser,n4_scene0011
同物過切,0.8578680203045685,1.5,1.0,pitcher_base,pitcher_base,n4_scene0012
同物過切,0.0,3.1,1.0,rubiks_cube,rubiks_cube,n4_scene0012
同物過切,0.5532994923857868,1.5,1.0,pitcher_base,pitcher_base,n4_scene0012
同物過切,0.9390862944162437,17.3,1.0,pitcher_base,pitcher_base,n4_scene0012
並排有縫,0.16216216216216217,88.5,1.0,pitcher_base,rubiks_cube,n4_scene0012
同物過切,0.6666666666666667,18.1,0.07,sugar_box,sugar_box,n4_scene0013
同物過切,0.6017699115044248,10.8,0.4,wood_block,wood_block,n4_scene0013
並排有縫,0.6571428571428571,271.1,1.0,sugar_box,wood_block,n4_scene0013
並排有縫,0.25,276.6,1.0,wood_block,sugar_box,n4_scene0013
並排有縫,0.7142857142857143,275.0,1.0,wood_block,sugar_box,n4_scene0013
同物過切,0.41666666666666663,10.2,0.07,sugar_box,sugar_box,n4_scene0013
並排有縫,0.2222222222222222,143.9,1.0,wood_block,baseball,n4_scene0013
並排有縫,0.5384615384615384,281.5,1.0,wood_block,sugar_box,n4_scene0013
並排有縫,0.6153846153846154,288.0,1.0,wood_block,sugar_box,n4_scene0013
同物過切,0.8840579710144928,0.6,0.83,cups,cups,n4_scene0014
並排有縫,0.9,55.3,1.0,cups,padlock,n4_scene0014
同物過切,0.855072463768116,15.9,0.17,cups,cups,n4_scene0014
並排有縫,0.6349206349206349,121.2,0.67,cups,tennis_ball,n4_scene0014
同物過切,0.6290322580645161,5.3,0.89,cups,cups,n4_scene0014
同物過切,0.7938931297709924,9.1,1.0,scissors,scissors,n4_scene0016
並排有縫,0.03703703703703709,91.9,1.0,cups,cups,n4_scene0017
同物過切,0.3695652173913043,1.4,0.67,cups,cups,n4_scene0017
同物過切,0.20588235294117652,3.7,0.43,cups,cups,n4_scene0017
同物過切,0.06666666666666665,8.2,1.0,potted_meat_can,potted_meat_can,n4_scene0017
並排有縫,0.1470588235294118,77.4,0.86,cups,cups,n4_scene0017
並排有縫,0.7784090909090909,142.6,1.0,softball,sponge,n4_scene0018
並排有縫,0.30188679245283023,113.5,1.0,pitcher_base,lemon,n4_scene0019
同物過切,0.9736842105263158,15.7,1.0,pitcher_base,pitcher_base,n4_scene0019
並排有縫,0.7567567567567568,157.8,0.0,lemon,pitcher_base,n4_scene0019
並排有縫,0.8313253012048193,65.5,1.0,apple,tuna_fish_can,n4_scene0020
並排有縫,0.5333333333333333,66.7,1.0,apple,tuna_fish_can,n4_scene0020
同物過切,0.6428571428571428,8.9,0.6,tuna_fish_can,tuna_fish_can,n4_scene0020
同物過切,0.9473684210526316,20.7,0.89,bowl,bowl,n4_scene0021
同物過切,0.9444444444444444,72.6,1.0,power_drill,power_drill,n4_scene0022
同物過切,0.7857142857142857,5.1,1.0,power_drill,power_drill,n4_scene0022
並排有縫,0.37735849056603776,154.4,1.0,mustard_bottle,cups,n4_scene0024
並排有縫,0.18181818181818177,165.2,0.0,mustard_bottle,cups,n4_scene0024
同物過切,0.21212121212121215,34.2,1.0,mustard_bottle,mustard_bottle,n4_scene0024
同物過切,0.18181818181818177,31.3,0.29,mustard_bottle,mustard_bottle,n4_scene0024
並排有縫,0.9459459459459459,94.2,0.0,cracker_box,spoon,n4_scene0025
同物過切,0.75,1.4,0.79,cracker_box,cracker_box,n4_scene0025
同物過切,0.33333333333333337,2.2,0.77,cracker_box,cracker_box,n4_scene0025
並排有縫,0.9310344827586207,264.5,1.0,sugar_box,cracker_box,n4_scene0025
同物過切,0.5862068965517242,25.0,0.0,sugar_box,sugar_box,n4_scene0025
並排有縫,0.27586206896551724,305.0,1.0,cracker_box,spoon,n4_scene0025
同物過切,0.125,1.5,0.0,cracker_box,cracker_box,n4_scene0025
同物過切,0.2941176470588235,1.9,0.0,sugar_box,sugar_box,n4_scene0025
同物過切,0.41666666666666663,17.0,0.0,cracker_box,cracker_box,n4_scene0025
並排有縫,0.11764705882352944,283.7,0.67,sugar_box,cracker_box,n4_scene0025
同物過切,0.8,0.4,0.4,cracker_box,cracker_box,n4_scene0025
同物過切,0.0,3.8,0.8,sugar_box,sugar_box,n4_scene0025
並排有縫,0.9523809523809523,305.0,0.0,cracker_box,spoon,n4_scene0025
並排有縫,0.3620689655172413,94.2,1.0,cracker_box,spoon,n4_scene0025
同物過切,0.5333333333333333,2.2,1.0,cracker_box,cracker_box,n4_scene0025
同物過切,0.2941176470588235,17.3,0.13,sugar_box,sugar_box,n4_scene0025
並排有縫,0.7647058823529411,264.5,0.27,sugar_box,cracker_box,n4_scene0025
並排有縫,0.18333333333333335,307.3,1.0,wood_block,tennis_ball,n4_scene0027
並排有縫,0.6111111111111112,245.0,0.0,wood_block,pear,n4_scene0027
並排有縫,0.4666666666666667,290.3,1.0,tennis_ball,wood_block,n4_scene0027
同物過切,0.4285714285714286,11.8,0.67,wood_block,wood_block,n4_scene0027
並排有縫,0.09259259259259256,222.4,1.0,wood_block,pear,n4_scene0027
並排有縫,0.9420289855072463,86.0,1.0,cups,master_chef_can,n4_scene0028
並排有縫,0.9047619047619048,58.5,0.0,cups,master_chef_can,n4_scene0028
並排有縫,0.7647058823529411,90.5,0.79,cups,master_chef_can,n4_scene0028
並排有縫,0.8260869565217391,92.5,1.0,master_chef_can,cups,n4_scene0028
同物過切,0.15217391304347827,3.1,1.0,knife,knife,n4_scene0028
同物過切,0.4545454545454546,22.3,0.29,master_chef_can,master_chef_can,n4_scene0028
同物過切,0.8333333333333334,16.4,1.0,cups,cups,n4_scene0028
並排有縫,0.7142857142857143,119.5,0.0,cups,master_chef_can,n4_scene0028
同物過切,0.08571428571428574,6.4,0.0,bleach_cleanser,bleach_cleanser,n4_scene0029
並排有縫,0.7128712871287128,256.0,1.0,bleach_cleanser,fork,n4_scene0029
並排有縫,0.7064220183486238,99.2,1.0,nine_hole_peg_test,bleach_cleanser,n4_scene0029
同物過切,0.5,45.4,0.0,bleach_cleanser,bleach_cleanser,n4_scene0029
並排有縫,0.21621621621621623,123.3,1.0,baseball,bleach_cleanser,n4_scene0029
並排有縫,0.23684210526315785,99.3,1.0,nine_hole_peg_test,bleach_cleanser,n4_scene0029
同物過切,0.6513761467889908,19.3,1.0,nine_hole_peg_test,nine_hole_peg_test,n4_scene0029
同物過切,0.34375,14.3,0.0,bleach_cleanser,bleach_cleanser,n4_scene0029
同物過切,0.7209302325581395,9.0,1.0,mini_soccer_ball,mini_soccer_ball,n4_scene0030
並排有縫,0.8,71.0,0.94,cups,mini_soccer_ball,n4_scene0030
同物過切,0.7777777777777778,9.5,1.0,mini_soccer_ball,mini_soccer_ball,n4_scene0030
並排有縫,0.4,53.9,0.09,mini_soccer_ball,cups,n4_scene0030
並排有縫,0.4,53.9,0.75,mini_soccer_ball,cups,n4_scene0030
並排有縫,0.05555555555555558,84.2,1.0,phillips_screwdriver,cups,n4_scene0031
並排有縫,0.675,196.3,1.0,softball,bleach_cleanser,n4_scene0033
同物過切,0.11904761904761907,10.1,1.0,tuna_fish_can,tuna_fish_can,n4_scene0033
並排有縫,0.9125,205.2,0.0,softball,bleach_cleanser,n4_scene0033
同物過切,0.3902439024390244,15.4,0.2,bleach_cleanser,bleach_cleanser,n4_scene0033
同物過切,0.1428571428571429,4.8,0.0,bleach_cleanser,bleach_cleanser,n4_scene0033
同物過切,0.48484848484848486,8.9,0.2,bleach_cleanser,bleach_cleanser,n4_scene0033
並排有縫,0.6875,224.2,0.0,softball,bleach_cleanser,n4_scene0033
同物過切,0.5789473684210527,0.6,0.88,cups,cups,n4_scene0034
同物過切,0.07407407407407407,14.2,0.57,master_chef_can,master_chef_can,n4_scene0035
同物過切,0.09523809523809523,0.1,0.56,cups,cups,n4_scene0035
同物過切,0.6296296296296297,4.1,1.0,master_chef_can,master_chef_can,n4_scene0035
同物過切,0.045454545454545414,5.4,1.0,cups,cups,n4_scene0035
同物過切,0.2586206896551724,1.7,0.67,knife,knife,n4_scene0035
並排有縫,0.25396825396825395,234.6,1.0,pitcher_base,spoon,n4_scene0036
同物過切,0.5797101449275363,3.9,1.0,scissors,scissors,n4_scene0037
同物過切,0.37209302325581395,10.1,1.0,scissors,scissors,n4_scene0037
並排有縫,0.15000000000000002,78.9,1.0,cups,wood_block,n4_scene0039
同物過切,0.5757575757575757,5.8,1.0,power_drill,power_drill,n4_scene0040
同物過切,0.16666666666666663,7.4,1.0,power_drill,power_drill,n4_scene0040
同物過切,0.75,59.4,1.0,power_drill,power_drill,n4_scene0040
並排有縫,0.736842105263158,124.0,1.0,cups,power_drill,n4_scene0040
同物過切,0.8787878787878788,32.3,1.0,power_drill,power_drill,n4_scene0040
同物過切,0.8787878787878788,39.6,1.0,power_drill,power_drill,n4_scene0040
同物過切,0.7857142857142857,5.8,1.0,power_drill,power_drill,n4_scene0040
並排有縫,0.9436619718309859,131.1,1.0,cups,power_drill,n4_scene0040
同物過切,0.8674698795180723,11.4,0.2,tomato_soup_can,tomato_soup_can,n4_scene0041
同物過切,0.4736842105263158,5.7,0.33,potted_meat_can,potted_meat_can,n4_scene0043
同物過切,0.10526315789473684,9.7,1.0,orange,orange,n4_scene0043
同物過切,0.7380952380952381,10.9,0.29,sugar_box,sugar_box,n4_scene0043
同物過切,0.10526315789473684,6.0,0.33,potted_meat_can,potted_meat_can,n4_scene0043
並排有縫,0.15000000000000002,158.2,0.93,orange,potted_meat_can,n4_scene0043
並排有縫,0.7297297297297297,170.8,0.57,mug,padlock,n4_scene0044
並排有縫,0.1071428571428571,70.9,0.0,cups,cracker_box,n4_scene0046
並排有縫,0.9285714285714286,90.1,0.2,cracker_box,cups,n4_scene0046
同物過切,0.4639175257731959,5.2,1.0,nine_hole_peg_test,nine_hole_peg_test,n4_scene0046
並排有縫,0.9285714285714286,106.6,0.85,cups,cracker_box,n4_scene0046
並排有縫,0.9523809523809523,90.1,1.0,cracker_box,cups,n4_scene0046
同物過切,0.9,2.3,0.82,cracker_box,cracker_box,n4_scene0046
同物過切,0.6521739130434783,7.7,0.96,cracker_box,cracker_box,n4_scene0046
同物過切,0.65234375,5.2,0.14,nine_hole_peg_test,nine_hole_peg_test,n4_scene0046
同物過切,0.27586206896551724,52.3,1.0,mustard_bottle,mustard_bottle,n4_scene0046
並排有縫,0.5800000000000001,161.3,0.0,mustard_bottle,cracker_box,n4_scene0046
同物過切,0.8876404494382022,32.5,1.0,nine_hole_peg_test,nine_hole_peg_test,n4_scene0046
並排有縫,0.08695652173913049,197.6,0.97,mustard_bottle,cracker_box,n4_scene0046
並排有縫,0.47959183673469385,32.3,1.0,cups,cups,n4_scene0047
同物過切,0.65625,6.1,0.62,cups,cups,n4_scene0048
並排有縫,0.9636363636363636,218.0,0.0,cups,cracker_box,n4_scene0049
並排有縫,0.6527777777777778,159.3,1.0,cracker_box,tuna_fish_can,n4_scene0049
並排有縫,0.9310344827586207,173.2,0.0,cracker_box,tuna_fish_can,n4_scene0049
同物過切,0.6875,6.2,0.33,tuna_fish_can,tuna_fish_can,n4_scene0049
並排有縫,0.92,159.3,0.0,cracker_box,tuna_fish_can,n4_scene0049
同物過切,0.7407407407407407,9.0,0.92,cracker_box,cracker_box,n4_scene0049
並排有縫,0.9625,173.2,1.0,cracker_box,tuna_fish_can,n4_scene0049
並排有縫,0.375,100.2,1.0,cups,tuna_fish_can,n4_scene0049
同物過切,0.0714285714285714,2.7,0.86,racquetball,racquetball,n4_scene0051
並排有縫,0.7671232876712328,125.2,1.0,cups,bowl,n4_scene0051
同物過切,0.2571428571428571,1.6,0.5,knife,knife,n4_scene0052
同物過切,0.9733727810650887,23.0,1.0,pitcher_base,pitcher_base,n4_scene0052
並排有縫,0.9090909090909091,82.4,1.0,power_drill,sugar_box,n4_scene0053
並排有縫,0.17142857142857137,76.2,1.0,power_drill,sugar_box,n4_scene0053
同物過切,0.8292682926829268,7.9,0.36,sugar_box,sugar_box,n4_scene0053
並排有縫,0.29268292682926833,237.2,0.0,sugar_box,apple,n4_scene0053
並排有縫,0.8292682926829268,116.3,0.0,power_drill,sugar_box,n4_scene0053
並排有縫,0.5,104.3,0.0,power_drill,sugar_box,n4_scene0053
並排有縫,0.14634146341463417,158.4,0.0,power_drill,sugar_box,n4_scene0053
同物過切,0.6341463414634146,16.2,0.0,sugar_box,sugar_box,n4_scene0053
並排有縫,0.6,82.4,0.22,power_drill,sugar_box,n4_scene0053
並排有縫,0.5714285714285714,177.9,0.0,power_drill,sugar_box,n4_scene0053
同物過切,0.9512195121951219,4.5,0.0,sugar_box,sugar_box,n4_scene0053
並排有縫,0.14634146341463417,270.5,0.0,sugar_box,potted_meat_can,n4_scene0053
同物過切,0.6818181818181819,36.6,1.0,power_drill,power_drill,n4_scene0053
同物過切,0.31818181818181823,12.0,0.0,sugar_box,sugar_box,n4_scene0053
同物過切,0.7142857142857143,11.9,0.57,sugar_box,sugar_box,n4_scene0053
並排有縫,0.5980392156862745,277.1,0.0,sugar_box,potted_meat_can,n4_scene0053
同物過切,0.46341463414634143,14.2,0.0,sugar_box,sugar_box,n4_scene0053
同物過切,0.29032258064516125,22.4,1.0,power_drill,power_drill,n4_scene0053
並排有縫,0.5333333333333333,91.6,1.0,power_drill,sugar_box,n4_scene0053
同物過切,0.5569620253164558,5.0,0.4,potted_meat_can,potted_meat_can,n4_scene0053
並排有縫,0.7586206896551724,86.2,1.0,power_drill,sugar_box,n4_scene0053
同物過切,0.6818181818181819,11.9,1.0,sugar_box,sugar_box,n4_scene0053
同物過切,0.9375,12.8,0.67,master_chef_can,master_chef_can,n4_scene0054
並排有縫,0.22580645161290325,88.1,0.89,golf_ball,peach,n4_scene0055
並排有縫,0.4,193.4,1.0,mustard_bottle,scissors,n4_scene0056
同物過切,0.7623762376237624,6.3,1.0,scissors,scissors,n4_scene0056
同物過切,0.504950495049505,4.7,1.0,scissors,scissors,n4_scene0056
並排有縫,0.125,175.1,1.0,mustard_bottle,scissors,n4_scene0056
並排有縫,0.0,142.9,1.0,tomato_soup_can,sponge,n4_scene0058
同物過切,0.33333333333333337,8.4,0.33,tomato_soup_can,tomato_soup_can,n4_scene0058
同物過切,0.4693877551020408,1.8,1.0,phillips_screwdriver,phillips_screwdriver,n4_scene0058
同物過切,0.6333333333333333,5.6,0.0,bleach_cleanser,bleach_cleanser,n4_scene0059
並排有縫,0.2093023255813954,281.7,1.0,wood_block,nine_hole_peg_test,n4_scene0059
並排有縫,0.8777777777777778,217.4,0.0,wood_block,bleach_cleanser,n4_scene0059
並排有縫,0.9534883720930233,277.9,1.0,nine_hole_peg_test,wood_block,n4_scene0059
並排有縫,0.6176470588235294,189.6,1.0,wood_block,bleach_cleanser,n4_scene0059
同物過切,0.6555555555555556,1.0,0.4,wood_block,wood_block,n4_scene0059
並排有縫,0.92,280.9,1.0,wood_block,nine_hole_peg_test,n4_scene0059
並排有縫,0.7222222222222222,286.5,0.0,wood_block,nine_hole_peg_test,n4_scene0059
並排有縫,0.5222222222222221,258.4,0.0,nine_hole_peg_test,wood_block,n4_scene0059
同物過切,0.40476190476190477,10.0,1.0,nine_hole_peg_test,nine_hole_peg_test,n4_scene0059
同物過切,0.25,11.6,1.0,foam_brick,foam_brick,n4_scene0060
同物過切,0.38095238095238093,6.4,1.0,rubiks_cube,rubiks_cube,n4_scene0061
並排有縫,0.29850746268656714,156.9,1.0,mini_soccer_ball,cups,n4_scene0061
同物過切,0.7391304347826086,11.5,0.29,master_chef_can,master_chef_can,n5_scene0001
同物過切,0.7478260869565218,4.4,1.0,scissors,scissors,n5_scene0001
並排有縫,0.5797101449275363,181.7,1.0,master_chef_can,bleach_cleanser,n5_scene0001
同物過切,0.30000000000000004,5.4,0.2,bleach_cleanser,bleach_cleanser,n5_scene0001
同物過切,0.0,13.6,0.0,bleach_cleanser,bleach_cleanser,n5_scene0001
同物過切,0.19047619047619047,21.3,0.57,bleach_cleanser,bleach_cleanser,n5_scene0001
並排有縫,0.1428571428571429,146.8,1.0,master_chef_can,bleach_cleanser,n5_scene0001
同物過切,0.8695652173913043,1.0,1.0,master_chef_can,master_chef_can,n5_scene0001
並排有縫,0.5625,151.1,1.0,cups,power_drill,n5_scene0002
並排有縫,0.5211267605633803,144.7,0.33,power_drill,cups,n5_scene0002
同物過切,0.7941176470588236,8.0,1.0,cups,cups,n5_scene0002
並排有縫,0.323943661971831,147.6,1.0,power_drill,cups,n5_scene0002
並排有縫,0.368421052631579,83.4,1.0,cups,mug,n5_scene0002
同物過切,0.2777777777777778,2.2,1.0,rubiks_cube,rubiks_cube,n5_scene0002
並排有縫,0.38235294117647056,137.1,0.67,cups,power_drill,n5_scene0002
同物過切,0.35443037974683544,8.8,0.5,cups,cups,n5_scene0003
同物過切,0.5,4.7,0.89,cracker_box,cracker_box,n5_scene0003
並排有縫,0.04081632653061229,79.5,1.0,cups,plate,n5_scene0003
並排有縫,0.620253164556962,183.4,0.17,cups,foam_brick,n5_scene0003
同物過切,0.4067796610169492,27.9,0.29,nine_hole_peg_test,nine_hole_peg_test,n5_scene0004
同物過切,0.5571428571428572,24.2,1.0,nine_hole_peg_test,nine_hole_peg_test,n5_scene0004
並排有縫,0.7029702970297029,143.4,1.0,softball,large_clamp,n5_scene0004
同物過切,0.45999999999999996,27.9,1.0,nine_hole_peg_test,nine_hole_peg_test,n5_scene0004
並排有縫,0.55,197.0,1.0,cups,mustard_bottle,n5_scene0005
並排有縫,0.01666666666666672,187.1,1.0,mustard_bottle,cups,n5_scene0005
同物過切,0.5,6.3,0.67,cups,cups,n5_scene0005
並排有縫,0.18367346938775508,99.8,1.0,cups,lemon,n5_scene0005
並排有縫,0.23529411764705888,223.0,1.0,extra_large_clamp,sugar_box,n5_scene0006
同物過切,0.8181818181818181,19.7,0.31,sugar_box,sugar_box,n5_scene0006
同物過切,0.7045454545454546,10.6,0.0,sugar_box,sugar_box,n5_scene0006
同物過切,0.0,26.2,0.69,sugar_box,sugar_box,n5_scene0006
同物過切,0.43181818181818177,10.2,0.07,sugar_box,sugar_box,n5_scene0006
並排有縫,0.6153846153846154,223.0,1.0,extra_large_clamp,sugar_box,n5_scene0006
並排有縫,0.46153846153846156,256.3,0.8,mini_soccer_ball,extra_large_clamp,n5_scene0006
同物過切,0.42553191489361697,8.5,0.2,cups,cups,n5_scene0007
並排有縫,0.5283018867924528,414.9,1.0,tuna_fish_can,pitcher_base,n5_scene0008
並排有縫,0.37735849056603776,122.5,1.0,pitcher_base,medium_clamp,n5_scene0008
同物過切,0.3902439024390244,11.3,0.67,tuna_fish_can,tuna_fish_can,n5_scene0008
並排有縫,0.5405405405405406,54.4,1.0,peach,strawberry,n5_scene0009
同物過切,0.4117647058823529,14.1,1.0,orange,orange,n5_scene0010
同物過切,0.14,0.8,1.0,fork,fork,n5_scene0010
同物過切,0.03508771929824561,1.6,0.67,knife,knife,n5_scene0010
並排有縫,0.8,79.4,1.0,fork,orange,n5_scene0010
並排有縫,0.25,82.1,1.0,phillips_screwdriver,wood_block,n5_scene0011
同物過切,0.7325581395348837,22.9,1.0,wood_block,wood_block,n5_scene0011
同物過切,0.8837209302325582,22.9,0.0,wood_block,wood_block,n5_scene0011
同物過切,0.6545454545454545,3.1,0.8,tomato_soup_can,tomato_soup_can,n5_scene0012
並排有縫,0.8200000000000001,103.6,1.0,cups,apple,n5_scene0012
同物過切,0.7283950617283951,14.0,0.2,potted_meat_can,potted_meat_can,n5_scene0012
同物過切,0.8271604938271605,4.1,0.2,potted_meat_can,potted_meat_can,n5_scene0012
同物過切,0.2195121951219512,4.2,1.0,cups,cups,n5_scene0014
同物過切,0.26086956521739135,8.6,0.0,bleach_cleanser,bleach_cleanser,n5_scene0014
並排有縫,0.7023809523809523,44.5,1.0,bleach_cleanser,cups,n5_scene0014
同物過切,0.8333333333333334,18.6,0.0,bleach_cleanser,bleach_cleanser,n5_scene0014
並排有縫,0.0,2.0,0.0,cups,bleach_cleanser,n5_scene0014
同物過切,0.43333333333333335,6.3,0.4,bleach_cleanser,bleach_cleanser,n5_scene0014
同物過切,0.5714285714285714,14.7,0.0,bleach_cleanser,bleach_cleanser,n5_scene0014
並排有縫,0.3421052631578947,152.3,1.0,cups,bleach_cleanser,n5_scene0014
並排有縫,0.734375,204.7,1.0,master_chef_can,cups,n5_scene0014
同物過切,0.85,3.2,1.0,cups,cups,n5_scene0015
同物過切,0.13043478260869568,12.5,0.71,cups,cups,n5_scene0015
同物過切,0.7272727272727273,8.1,1.0,cups,cups,n5_scene0015
並排有縫,0.3846153846153846,105.3,1.0,cups,padlock,n5_scene0015
並排有縫,0.75,81.0,1.0,cups,padlock,n5_scene0015
並排有縫,0.9333333333333333,158.6,0.25,mini_soccer_ball,cracker_box,n5_scene0016
同物過切,0.6666666666666667,7.8,0.96,cracker_box,cracker_box,n5_scene0016
並排有縫,0.6799999999999999,145.9,0.85,mini_soccer_ball,cracker_box,n5_scene0016
並排有縫,0.9259259259259259,158.6,1.0,mini_soccer_ball,cracker_box,n5_scene0016
並排有縫,0.2702702702702703,115.9,1.0,mini_soccer_ball,racquetball,n5_scene0016
並排有縫,0.06896551724137934,110.1,1.0,mini_soccer_ball,golf_ball,n5_scene0016
並排有縫,0.8148148148148149,169.4,1.0,mini_soccer_ball,cracker_box,n5_scene0016
同物過切,0.07407407407407407,7.8,1.0,adjustable_wrench,adjustable_wrench,n5_scene0017
同物過切,0.9659090909090909,1.8,0.4,wood_block,wood_block,n5_scene0019
同物過切,0.28409090909090906,4.5,0.4,wood_block,wood_block,n5_scene0019
並排有縫,0.546875,123.9,1.0,pudding_box,wood_block,n5_scene0019
並排有縫,0.7049180327868853,251.6,0.83,pitcher_base,sponge,n5_scene0020
並排有縫,0.33333333333333337,138.6,1.0,tomato_soup_can,softball,n5_scene0021
並排有縫,0.3870967741935484,61.9,1.0,tomato_soup_can,power_drill,n5_scene0021
並排有縫,0.5625,44.1,1.0,power_drill,nine_hole_peg_test,n5_scene0021
並排有縫,0.11111111111111116,13.5,1.0,nine_hole_peg_test,power_drill,n5_scene0021
並排有縫,0.7741935483870968,77.7,1.0,power_drill,tomato_soup_can,n5_scene0021
並排有縫,0.3414634146341463,29.8,1.0,nine_hole_peg_test,power_drill,n5_scene0021
並排有縫,0.22499999999999998,117.8,1.0,tomato_soup_can,nine_hole_peg_test,n5_scene0021
並排有縫,0.3191489361702128,116.1,0.5,tomato_soup_can,softball,n5_scene0021
並排有縫,0.33333333333333337,41.3,1.0,power_drill,nine_hole_peg_test,n5_scene0021
並排有縫,0.22580645161290325,73.0,1.0,power_drill,tomato_soup_can,n5_scene0021
同物過切,0.6,13.5,1.0,nine_hole_peg_test,nine_hole_peg_test,n5_scene0021
並排有縫,0.24390243902439024,116.1,1.0,nine_hole_peg_test,tomato_soup_can,n5_scene0021
同物過切,0.20512820512820518,42.9,0.92,power_drill,power_drill,n5_scene0021
並排有縫,0.32499999999999996,25.2,0.71,nine_hole_peg_test,power_drill,n5_scene0021
同物過切,0.3076923076923077,15.4,0.83,power_drill,power_drill,n5_scene0021
同物過切,0.5714285714285714,14.8,1.0,apple,apple,n5_scene0022
同物過切,0.3589743589743589,6.4,1.0,cups,cups,n5_scene0023
並排有縫,0.28260869565217395,149.0,0.5,mug,plate,n5_scene0023
同物過切,0.788235294117647,18.3,0.57,tuna_fish_can,tuna_fish_can,n5_scene0024
同物過切,0.7843137254901961,13.3,0.0,sugar_box,sugar_box,n5_scene0024
並排有縫,0.2549019607843137,359.9,0.0,sugar_box,tuna_fish_can,n5_scene0024
同物過切,0.5882352941176471,13.3,0.0,sugar_box,sugar_box,n5_scene0024
同物過切,0.9607843137254902,11.0,0.0,sugar_box,sugar_box,n5_scene0024
同物過切,0.7058823529411764,11.0,0.0,sugar_box,sugar_box,n5_scene0024
同物過切,0.8169014084507042,11.5,0.44,master_chef_can,master_chef_can,n5_scene0025
並排有縫,0.8,159.4,0.0,master_chef_can,potted_meat_can,n5_scene0025
同物過切,0.9420289855072463,27.1,0.91,pitcher_base,pitcher_base,n5_scene0025
同物過切,0.40740740740740744,6.9,0.29,potted_meat_can,potted_meat_can,n5_scene0025
同物過切,0.9639175257731959,29.8,1.0,wood_block,wood_block,n5_scene0026
並排有縫,0.21666666666666667,169.5,1.0,peach,wood_block,n5_scene0026
並排有縫,0.5974025974025974,96.2,1.0,cups,bleach_cleanser,n5_scene0026
同物過切,0.19277108433734935,3.1,0.86,cups,cups,n5_scene0027
並排有縫,0.9191919191919192,64.6,0.0,nine_hole_peg_test,bowl,n5_scene0028
同物過切,0.46153846153846156,3.5,0.7,cups,cups,n5_scene0028
並排有縫,0.8904109589041096,79.9,0.57,nine_hole_peg_test,bowl,n5_scene0028
並排有縫,0.8181818181818181,80.4,0.0,nine_hole_peg_test,bowl,n5_scene0028
同物過切,0.7567567567567568,0.7,0.67,cups,cups,n5_scene0028
同物過切,0.7373737373737373,4.0,1.0,nine_hole_peg_test,nine_hole_peg_test,n5_scene0028
並排有縫,0.25,64.6,0.92,nine_hole_peg_test,bowl,n5_scene0028
同物過切,0.04040404040404044,18.2,1.0,nine_hole_peg_test,nine_hole_peg_test,n5_scene0028
並排有縫,0.5416666666666667,80.4,0.92,nine_hole_peg_test,bowl,n5_scene0028
同物過切,0.5,4.0,0.71,nine_hole_peg_test,nine_hole_peg_test,n5_scene0028
同物過切,0.8493150684931507,18.2,0.71,nine_hole_peg_test,nine_hole_peg_test,n5_scene0028
同物過切,0.7755102040816326,8.8,1.0,scissors,scissors,n5_scene0030
同物過切,0.6666666666666667,10.5,0.13,sugar_box,sugar_box,n5_scene0030
同物過切,0.4444444444444444,77.4,1.0,plate,plate,n5_scene0030
並排有縫,0.5,47.6,1.0,orange,foam_brick,n5_scene0031
同物過切,0.4285714285714286,25.9,1.0,cups,cups,n5_scene0032
並排有縫,0.9914163090128756,179.2,0.0,cracker_box,extra_large_clamp,n5_scene0033
並排有縫,0.92,150.9,1.0,baseball,cracker_box,n5_scene0033
同物過切,0.8,2.2,1.0,cracker_box,cracker_box,n5_scene0033
同物過切,0.7777777777777778,2.2,0.42,cracker_box,cracker_box,n5_scene0033
並排有縫,0.9141630901287554,161.0,0.5,cracker_box,extra_large_clamp,n5_scene0033
並排有縫,0.8461538461538461,174.6,1.0,cracker_box,mini_soccer_ball,n5_scene0033
同物過切,0.55,2.3,0.89,cracker_box,cracker_box,n5_scene0033
並排有縫,0.9851851851851852,174.6,0.33,cracker_box,mini_soccer_ball,n5_scene0033
並排有縫,0.9545454545454546,151.6,0.0,baseball,cracker_box,n5_scene0033
並排有縫,0.7854077253218884,179.2,1.0,cracker_box,extra_large_clamp,n5_scene0033
同物過切,0.5789473684210527,25.7,0.62,tuna_fish_can,tuna_fish_can,n5_scene0034
並排有縫,0.6274509803921569,60.7,1.0,mustard_bottle,tuna_fish_can,n5_scene0034
同物過切,0.7567567567567568,12.9,0.83,rubiks_cube,rubiks_cube,n5_scene0034
同物過切,0.4347826086956522,5.1,1.0,mustard_bottle,mustard_bottle,n5_scene0034
同物過切,0.5294117647058824,1.2,0.9,cups,cups,n5_scene0034
並排有縫,0.27450980392156865,51.4,1.0,mustard_bottle,tuna_fish_can,n5_scene0034
同物過切,0.3793103448275862,9.9,1.0,apple,apple,n5_scene0035
並排有縫,0.5,212.3,0.0,potted_meat_can,golf_ball,n5_scene0036
同物過切,0.5694444444444444,3.7,0.2,potted_meat_can,potted_meat_can,n5_scene0036
同物過切,0.6527777777777778,7.7,0.2,potted_meat_can,potted_meat_can,n5_scene0036
並排有縫,0.02777777777777779,239.0,1.0,potted_meat_can,golf_ball,n5_scene0036
同物過切,0.6213592233009708,12.4,1.0,power_drill,power_drill,n5_scene0037
同物過切,0.18518518518518523,86.1,1.0,power_drill,power_drill,n5_scene0037
同物過切,0.1333333333333333,16.6,1.0,power_drill,power_drill,n5_scene0037
同物過切,0.22857142857142854,67.0,1.0,power_drill,power_drill,n5_scene0037
同物過切,0.21739130434782605,12.2,1.0,apple,apple,n5_scene0038
同物過切,0.10526315789473684,11.6,0.89,orange,orange,n5_scene0038
並排有縫,0.7692307692307692,114.1,1.0,cups,foam_brick,n5_scene0039
同物過切,0.5365853658536586,7.2,0.78,cups,cups,n5_scene0039
同物過切,0.1785714285714286,12.7,0.4,potted_meat_can,potted_meat_can,n5_scene0039
並排有縫,0.2692307692307693,43.1,0.78,cups,cups,n5_scene0039
並排有縫,0.6153846153846154,65.3,1.0,foam_brick,cups,n5_scene0039
同物過切,0.23333333333333328,11.8,0.4,potted_meat_can,potted_meat_can,n5_scene0039
並排有縫,0.8200000000000001,110.0,0.86,tennis_ball,medium_clamp,n5_scene0040
並排有縫,0.5428571428571429,204.3,0.0,bleach_cleanser,cups,n5_scene0042
並排有縫,0.7297297297297297,245.0,0.0,bleach_cleanser,large_clamp,n5_scene0042
並排有縫,0.7948717948717949,102.5,1.0,bleach_cleanser,cups,n5_scene0042
並排有縫,0.13043478260869568,135.4,1.0,cups,extra_large_clamp,n5_scene0042
同物過切,0.22857142857142854,7.7,0.25,bleach_cleanser,bleach_cleanser,n5_scene0042
並排有縫,0.4871794871794872,377.0,1.0,bleach_cleanser,extra_large_clamp,n5_scene0042
並排有縫,0.19565217391304346,157.6,1.0,cups,large_clamp,n5_scene0042
並排有縫,0.05405405405405406,245.3,0.0,bleach_cleanser,large_clamp,n5_scene0042
同物過切,0.8285714285714285,11.3,0.0,bleach_cleanser,bleach_cleanser,n5_scene0042
並排有縫,0.5256410256410257,194.6,1.0,bleach_cleanser,large_clamp,n5_scene0042
並排有縫,0.5,100.3,0.83,bleach_cleanser,cups,n5_scene0042
同物過切,0.7586206896551724,1.9,0.93,cracker_box,cracker_box,n5_scene0043
並排有縫,0.9487179487179487,190.0,1.0,softball,cracker_box,n5_scene0043
並排有縫,0.9545454545454546,317.0,0.05,cracker_box,cups,n5_scene0043
並排有縫,0.4285714285714286,194.3,1.0,cracker_box,strawberry,n5_scene0043
並排有縫,0.9696969696969697,190.0,0.1,softball,cracker_box,n5_scene0043
並排有縫,0.9375,194.3,0.0,cracker_box,strawberry,n5_scene0043
並排有縫,0.9428571428571428,317.0,1.0,cracker_box,cups,n5_scene0043
同物過切,0.46875,13.8,0.07,sugar_box,sugar_box,n5_scene0044
同物過切,0.59375,15.2,0.0,sugar_box,sugar_box,n5_scene0044
並排有縫,0.9518072289156626,277.6,0.3,banana,sugar_box,n5_scene0044
同物過切,0.625,6.1,0.07,sugar_box,sugar_box,n5_scene0044
並排有縫,0.6265060240963856,269.6,1.0,sugar_box,banana,n5_scene0044
並排有縫,0.6144578313253012,264.5,0.0,sugar_box,banana,n5_scene0044
並排有縫,0.9272727272727272,164.9,0.46,peach,sugar_box,n5_scene0044
同物過切,0.09090909090909094,1.6,1.0,mug,mug,n5_scene0045
同物過切,0.2093023255813954,1.5,1.0,fork,fork,n5_scene0046
並排有縫,0.8360655737704918,326.8,1.0,mustard_bottle,master_chef_can,n5_scene0046
同物過切,0.2857142857142857,3.0,1.0,mustard_bottle,mustard_bottle,n5_scene0046
並排有縫,0.42500000000000004,121.5,1.0,cups,mustard_bottle,n5_scene0046
並排有縫,0.050000000000000044,117.3,1.0,cups,mustard_bottle,n5_scene0046
並排有縫,0.06976744186046513,128.2,1.0,knife,mustard_bottle,n5_scene0046
同物過切,0.8260869565217391,11.0,1.0,cups,cups,n5_scene0046
同物過切,0.14,1.9,0.5,knife,knife,n5_scene0046
同物過切,0.4918032786885246,16.8,0.29,master_chef_can,master_chef_can,n5_scene0046
同物過切,0.7286821705426356,10.6,1.0,scissors,scissors,n5_scene0047
並排有縫,0.5851063829787234,162.4,0.0,tomato_soup_can,nine_hole_peg_test,n5_scene0047
並排有縫,0.5319148936170213,174.0,1.0,tomato_soup_can,nine_hole_peg_test,n5_scene0047
同物過切,0.56,6.4,1.0,nine_hole_peg_test,nine_hole_peg_test,n5_scene0047
並排有縫,0.5357142857142857,151.2,1.0,cups,wood_block,n5_scene0048
並排有縫,0.6428571428571428,153.4,1.0,cups,wood_block,n5_scene0048
並排有縫,0.5517241379310345,155.6,0.0,cups,wood_block,n5_scene0048
同物過切,0.19999999999999996,0.7,1.0,wood_block,wood_block,n5_scene0048
並排有縫,0.6551724137931034,127.2,0.0,cups,wood_block,n5_scene0048
並排有縫,0.7586206896551724,252.7,0.0,wood_block,plate,n5_scene0048
同物過切,0.1470588235294118,4.2,0.5,wood_block,wood_block,n5_scene0048
同物過切,0.17142857142857137,6.2,0.5,wood_block,wood_block,n5_scene0048
並排有縫,0.5357142857142857,54.6,1.0,cups,wood_block,n5_scene0048
並排有縫,0.75,220.1,1.0,wood_block,plate,n5_scene0048
並排有縫,0.050000000000000044,52.1,1.0,cups,power_drill,n5_scene0049
並排有縫,0.021739130434782594,182.1,1.0,racquetball,pitcher_base,n5_scene0049
並排有縫,0.7894736842105263,43.8,1.0,power_drill,cups,n5_scene0049
同物過切,0.9148936170212766,2.9,1.0,cups,cups,n5_scene0049
並排有縫,0.021276595744680882,139.9,1.0,cups,pitcher_base,n5_scene0049
同物過切,0.6086956521739131,9.1,1.0,power_drill,power_drill,n5_scene0050
同物過切,0.27450980392156865,18.6,0.29,nine_hole_peg_test,nine_hole_peg_test,n5_scene0050
同物過切,0.6764705882352942,17.5,0.17,nine_hole_peg_test,nine_hole_peg_test,n5_scene0050
同物過切,0.2068965517241379,114.7,1.0,power_drill,power_drill,n5_scene0050
同物過切,0.6891891891891893,27.0,1.0,nine_hole_peg_test,nine_hole_peg_test,n5_scene0050
同物過切,0.7769230769230769,12.4,1.0,scissors,scissors,n5_scene0050
同物過切,0.775,39.9,1.0,mug,mug,n5_scene0051
並排有縫,0.5873015873015873,248.8,1.0,softball,cups,n5_scene0051
並排有縫,0.3846153846153846,89.2,1.0,cups,softball,n5_scene0051
同物過切,0.6595744680851063,9.6,1.0,mug,mug,n5_scene0051
同物過切,0.7115384615384616,1.8,0.0,potted_meat_can,potted_meat_can,n5_scene0052
並排有縫,0.625,83.7,0.0,lemon,potted_meat_can,n5_scene0052
同物過切,0.625,6.5,0.2,potted_meat_can,potted_meat_can,n5_scene0052
並排有縫,0.6153846153846154,84.8,1.0,lemon,potted_meat_can,n5_scene0052
並排有縫,0.19999999999999996,136.4,1.0,plate,orange,n5_scene0053
同物過切,0.6590909090909092,12.3,0.67,wood_block,wood_block,n5_scene0053
同物過切,0.46808510638297873,8.1,1.0,wood_block,wood_block,n5_scene0053
同物過切,0.4,1.7,0.5,wood_block,wood_block,n5_scene0053
同物過切,0.7567567567567568,25.4,0.43,bleach_cleanser,bleach_cleanser,n5_scene0054
同物過切,0.7234042553191489,26.9,0.07,sugar_box,sugar_box,n5_scene0054
並排有縫,0.696,70.1,1.0,cups,extra_large_clamp,n5_scene0056
同物過切,0.5106382978723405,4.5,0.89,cups,cups,n5_scene0056
並排有縫,0.8160000000000001,129.2,0.0,extra_large_clamp,cups,n5_scene0056
並排有縫,0.1694915254237288,107.4,1.0,cups,medium_clamp,n5_scene0056
同物過切,0.2666666666666667,11.1,1.0,tuna_fish_can,tuna_fish_can,n5_scene0057
同物過切,0.26,0.6,0.8,rubiks_cube,rubiks_cube,n5_scene0057
並排有縫,0.8582089552238806,110.1,0.89,banana,tennis_ball,n5_scene0057
同物過切,0.09090909090909094,15.0,1.0,tuna_fish_can,tuna_fish_can,n5_scene0057
並排有縫,0.4864864864864865,202.9,0.92,tennis_ball,rubiks_cube,n5_scene0057
並排有縫,0.3076923076923077,201.9,1.0,pitcher_base,baseball,n5_scene0058
同物過切,0.39655172413793105,2.5,1.0,fork,fork,n5_scene0058
並排有縫,0.46153846153846156,48.7,1.0,pitcher_base,fork,n5_scene0058
並排有縫,0.8615384615384616,128.9,1.0,pitcher_base,adjustable_wrench,n5_scene0058
同物過切,0.5454545454545454,4.1,1.0,padlock,padlock,n5_scene0058
並排有縫,0.8545454545454545,134.6,1.0,cups,foam_brick,n5_scene0059
同物過切,0.2941176470588235,3.5,0.96,cracker_box,cracker_box,n5_scene0059
並排有縫,0.40816326530612246,87.4,1.0,cups,racquetball,n5_scene0059
並排有縫,0.04081632653061229,296.6,1.0,cracker_box,racquetball,n5_scene0059
並排有縫,0.2033898305084746,219.8,1.0,cups,cracker_box,n5_scene0059
並排有縫,0.9452054794520548,175.4,1.0,mini_soccer_ball,master_chef_can,n5_scene0060
同物過切,0.75,17.3,1.0,mini_soccer_ball,mini_soccer_ball,n5_scene0060
並排有縫,0.8904109589041096,175.4,1.0,mini_soccer_ball,master_chef_can,n5_scene0060
同物過切,0.726027397260274,14.8,0.38,master_chef_can,master_chef_can,n5_scene0060
同物過切,0.5925925925925926,3.5,1.0,mustard_bottle,mustard_bottle,n5_scene0061
同物過切,0.12121212121212122,0.2,1.0,wood_block,wood_block,occ3_scene0001
並排有縫,0.8089171974522293,91.3,0.0,bleach_cleanser,wood_block,occ3_scene0001
並排有縫,0.032258064516129004,90.0,1.0,bleach_cleanser,peach,occ3_scene0001
同物過切,0.09090909090909094,38.3,0.0,bleach_cleanser,bleach_cleanser,occ3_scene0001
並排有縫,0.06060606060606055,114.2,1.0,bleach_cleanser,wood_block,occ3_scene0001
同物過切,0.2666666666666667,24.0,0.5,bleach_cleanser,bleach_cleanser,occ3_scene0001
並排有縫,0.24242424242424243,60.4,1.0,bleach_cleanser,wood_block,occ3_scene0001
並排有縫,0.033333333333333326,9.0,0.0,wood_block,bleach_cleanser,occ3_scene0001
並排有縫,0.16666666666666663,126.8,1.0,bleach_cleanser,peach,occ3_scene0001
並排有縫,0.6551724137931034,44.6,0.2,bleach_cleanser,wood_block,occ3_scene0001
同物過切,0.32258064516129037,16.8,0.0,bleach_cleanser,bleach_cleanser,occ3_scene0001
同物過切,0.16666666666666663,10.0,0.0,bleach_cleanser,bleach_cleanser,occ3_scene0001
並排有縫,0.9363057324840764,71.2,0.5,bleach_cleanser,wood_block,occ3_scene0001
並排有縫,0.2142857142857143,75.7,1.0,peach,wood_block,occ3_scene0001
並排有縫,0.5555555555555556,142.1,1.0,apple,cups,occ3_scene0002
並排有縫,0.7142857142857143,43.9,0.91,plum,apple,occ3_scene0002
並排有縫,0.7142857142857143,51.1,0.9,plum,apple,occ3_scene0002
並排有縫,0.08695652173913049,39.9,1.0,plum,mustard_bottle,occ3_scene0003
並排有縫,0.30952380952380953,119.3,1.0,baseball,plum,occ3_scene0003
並排有縫,0.17391304347826086,158.4,1.0,baseball,mustard_bottle,occ3_scene0003
並排有縫,0.36633663366336633,150.0,1.0,pitcher_base,foam_brick,occ3_scene0004
同物過切,0.3666666666666667,2.8,0.62,cups,cups,occ3_scene0005
並排有縫,0.33333333333333337,56.0,1.0,tennis_ball,mug,occ3_scene0005
並排有縫,0.6576576576576576,85.9,0.75,cups,mug,occ3_scene0005
並排有縫,0.5925925925925926,55.0,0.33,tennis_ball,mug,occ3_scene0005
同物過切,0.8018018018018018,0.3,0.67,mug,mug,occ3_scene0005
並排有縫,0.3287671232876712,102.9,1.0,cups,baseball,occ3_scene0006
並排有縫,0.40816326530612246,121.5,1.0,large_clamp,cups,occ3_scene0006
並排有縫,0.4482758620689655,70.5,0.91,large_clamp,baseball,occ3_scene0006
並排有縫,0.4426229508196722,125.3,1.0,foam_brick,padlock,occ3_scene0007
並排有縫,0.22784810126582278,41.8,1.0,sponge,foam_brick,occ3_scene0007
並排有縫,0.25,73.0,1.0,scissors,cups,occ3_scene0008
同物過切,0.7090909090909091,5.7,1.0,scissors,scissors,occ3_scene0008
同物過切,0.33333333333333337,11.2,1.0,scissors,scissors,occ3_scene0008
並排有縫,0.1724137931034483,132.9,1.0,softball,gelatin_box,occ3_scene0009
並排有縫,0.5084745762711864,132.5,1.0,softball,gelatin_box,occ3_scene0009
並排有縫,0.2564102564102564,81.9,1.0,cups,pudding_box,occ3_scene0011
並排有縫,0.20408163265306123,36.7,1.0,cups,cups,occ3_scene0011
並排有縫,0.2068965517241379,103.6,1.0,cups,pudding_box,occ3_scene0011
並排有縫,0.33333333333333337,80.9,1.0,cups,pudding_box,occ3_scene0011
同物過切,0.05882352941176472,3.8,1.0,padlock,padlock,occ3_scene0012
並排有縫,0.33333333333333337,75.2,1.0,strawberry,cups,occ3_scene0012
並排有縫,0.8333333333333334,82.0,0.0,tomato_soup_can,golf_ball,occ3_scene0013
同物過切,0.8695652173913043,60.6,0.5,tomato_soup_can,tomato_soup_can,occ3_scene0013
並排有縫,0.26530612244897955,80.2,1.0,tomato_soup_can,golf_ball,occ3_scene0013
並排有縫,0.90625,117.8,0.12,tomato_soup_can,cups,occ3_scene0013
並排有縫,0.5217391304347826,135.3,1.0,tomato_soup_can,cups,occ3_scene0013
同物過切,0.65625,5.7,0.88,cups,cups,occ3_scene0013
同物過切,0.7333333333333334,10.8,1.0,mustard_bottle,mustard_bottle,occ3_scene0014
並排有縫,0.1333333333333333,66.8,1.0,mustard_bottle,sugar_box,occ3_scene0014
並排有縫,0.2666666666666667,52.0,1.0,mustard_bottle,sugar_box,occ3_scene0014
同物過切,0.1333333333333333,10.7,0.07,sugar_box,sugar_box,occ3_scene0014
並排有縫,0.8043478260869565,60.6,0.88,padlock,apple,occ3_scene0015
同物過切,0.5384615384615384,89.7,1.0,apple,apple,occ3_scene0015
並排有縫,0.8695652173913043,84.0,0.88,padlock,apple,occ3_scene0015
同物過切,0.40909090909090906,5.3,0.0,bleach_cleanser,bleach_cleanser,occ3_scene0016
同物過切,0.7727272727272727,2.1,1.0,bleach_cleanser,bleach_cleanser,occ3_scene0016
同物過切,0.9090909090909091,14.2,0.68,bleach_cleanser,bleach_cleanser,occ3_scene0016
同物過切,0.8461538461538461,9.4,0.42,bleach_cleanser,bleach_cleanser,occ3_scene0016
並排有縫,0.5945945945945945,122.9,1.0,cracker_box,softball,occ3_scene0017
同物過切,0.5333333333333333,7.7,0.93,cracker_box,cracker_box,occ3_scene0017
並排有縫,0.7,136.4,1.0,cracker_box,softball,occ3_scene0017
並排有縫,0.8918918918918919,136.4,0.3,cracker_box,softball,occ3_scene0017
並排有縫,0.7323943661971831,79.2,1.0,plum,flat_screwdriver,occ3_scene0018
並排有縫,0.0,127.8,1.0,padlock,softball,occ3_scene0019
同物過切,0.6727272727272727,10.6,1.0,tuna_fish_can,tuna_fish_can,occ3_scene0019
並排有縫,0.4181818181818182,127.2,1.0,tuna_fish_can,softball,occ3_scene0019
同物過切,0.7096774193548387,6.4,0.4,wood_block,wood_block,occ3_scene0020
並排有縫,0.34883720930232553,136.7,1.0,mini_soccer_ball,orange,occ3_scene0020
同物過切,0.8,4.7,1.0,wood_block,wood_block,occ3_scene0020
並排有縫,0.42028985507246375,158.5,1.0,mini_soccer_ball,wood_block,occ3_scene0020
並排有縫,0.2790697674418605,174.5,0.0,orange,wood_block,occ3_scene0020
同物過切,0.5161290322580645,8.6,0.6,wood_block,wood_block,occ3_scene0020
並排有縫,0.06976744186046513,127.8,1.0,wood_block,orange,occ3_scene0020
並排有縫,0.9420289855072463,158.0,0.92,mini_soccer_ball,wood_block,occ3_scene0020
同物過切,0.3548387096774194,5.3,1.0,wood_block,wood_block,occ3_scene0020
同物過切,0.6506849315068493,10.5,0.4,master_chef_can,master_chef_can,occ4_scene0001
並排有縫,0.8235294117647058,61.8,1.0,master_chef_can,cups,occ4_scene0001
並排有縫,0.030303030303030276,63.7,1.0,cups,strawberry,occ4_scene0001
同物過切,0.08333333333333337,80.6,1.0,cups,cups,occ4_scene0001
並排有縫,0.9178082191780822,71.0,0.0,cups,master_chef_can,occ4_scene0001
並排有縫,0.7843137254901961,80.6,1.0,master_chef_can,cups,occ4_scene0001
並排有縫,0.1333333333333333,70.4,1.0,mustard_bottle,master_chef_can,occ4_scene0002
同物過切,0.7214285714285714,12.7,0.33,master_chef_can,master_chef_can,occ4_scene0002
並排有縫,0.7928571428571428,63.2,1.0,mustard_bottle,master_chef_can,occ4_scene0002
並排有縫,0.7214285714285714,66.5,0.0,master_chef_can,cups,occ4_scene0002
並排有縫,0.5925925925925926,134.7,1.0,bleach_cleanser,pudding_box,occ4_scene0003
並排有縫,0.4545454545454546,260.2,0.0,bleach_cleanser,pudding_box,occ4_scene0003
並排有縫,0.31034482758620685,98.7,1.0,pudding_box,cups,occ4_scene0003
同物過切,0.4,10.8,1.0,bleach_cleanser,bleach_cleanser,occ4_scene0003
並排有縫,0.2592592592592593,229.5,0.0,bleach_cleanser,pudding_box,occ4_scene0003
並排有縫,0.04761904761904767,100.8,0.86,pudding_box,bleach_cleanser,occ4_scene0003
並排有縫,0.5925925925925926,229.5,0.0,bleach_cleanser,pudding_box,occ4_scene0003
並排有縫,0.6206896551724138,98.7,1.0,pudding_box,cups,occ4_scene0003
並排有縫,0.2592592592592593,134.7,1.0,bleach_cleanser,pudding_box,occ4_scene0003
並排有縫,0.7,260.2,0.0,bleach_cleanser,pudding_box,occ4_scene0003
並排有縫,0.1724137931034483,60.3,1.0,cups,strawberry,occ4_scene0003
並排有縫,0.5344827586206897,234.5,0.0,bleach_cleanser,pudding_box,occ4_scene0003
並排有縫,0.47619047619047616,100.8,0.29,pudding_box,bleach_cleanser,occ4_scene0003
並排有縫,0.5,57.9,1.0,pudding_box,cups,occ4_scene0003
並排有縫,0.26415094339622647,79.7,1.0,pear,mug,occ4_scene0004
並排有縫,0.3157894736842105,67.1,0.9,gelatin_box,pear,occ4_scene0004
並排有縫,0.5344827586206897,92.5,1.0,cups,cups,occ4_scene0005
並排有縫,0.47058823529411764,92.7,0.62,cups,cups,occ4_scene0005
並排有縫,0.25,88.2,1.0,cups,cups,occ4_scene0005
同物過切,0.6862745098039216,51.4,0.88,cups,cups,occ4_scene0005
並排有縫,0.5555555555555556,43.7,1.0,cups,cups,occ4_scene0005
同物過切,0.5925925925925926,23.8,1.0,cups,cups,occ4_scene0005
並排有縫,0.2941176470588235,86.9,0.5,cups,cups,occ4_scene0005
並排有縫,0.6944444444444444,37.1,0.83,cups,cups,occ4_scene0005
同物過切,0.7666666666666666,10.0,1.0,cups,cups,occ4_scene0006
並排有縫,0.2682926829268293,80.9,1.0,softball,cups,occ4_scene0006
並排有縫,0.6666666666666667,77.9,0.95,softball,cups,occ4_scene0006
並排有縫,0.4675324675324676,46.0,1.0,softball,cups,occ4_scene0006
同物過切,0.5194805194805194,5.0,1.0,cups,cups,occ4_scene0006
同物過切,0.5,10.5,1.0,rubiks_cube,rubiks_cube,occ4_scene0007
並排有縫,0.5,75.8,1.0,rubiks_cube,lemon,occ4_scene0007
並排有縫,0.1707317073170732,76.7,1.0,wood_block,golf_ball,occ4_scene0008
同物過切,0.2195121951219512,6.5,1.0,wood_block,wood_block,occ4_scene0008
並排有縫,0.08823529411764708,53.5,1.0,golf_ball,cups,occ4_scene0008
並排有縫,0.5609756097560976,166.3,1.0,wood_block,cups,occ4_scene0008
並排有縫,0.12195121951219512,143.9,1.0,wood_block,cups,occ4_scene0008
並排有縫,0.6,118.2,1.0,tomato_soup_can,bowl,occ4_scene0009
並排有縫,0.1568627450980392,71.9,1.0,tomato_soup_can,racquetball,occ4_scene0009
並排有縫,0.55,101.1,0.5,bowl,tomato_soup_can,occ4_scene0009
並排有縫,0.5581395348837209,57.3,0.92,racquetball,tennis_ball,occ4_scene0009
並排有縫,0.75,55.6,0.0,tomato_soup_can,tennis_ball,occ4_scene0009
並排有縫,0.2941176470588235,63.8,1.0,tomato_soup_can,tennis_ball,occ4_scene0009
並排有縫,0.627906976744186,33.2,1.0,bowl,racquetball,occ4_scene0009
並排有縫,0.7906976744186046,66.0,0.0,tomato_soup_can,racquetball,occ4_scene0009
並排有縫,0.31707317073170727,70.9,1.0,peach,bleach_cleanser,occ4_scene0010
並排有縫,0.21153846153846156,48.7,1.0,cups,peach,occ4_scene0010
並排有縫,0.803921568627451,63.6,1.0,peach,bleach_cleanser,occ4_scene0010
並排有縫,0.6056338028169015,155.3,1.0,bleach_cleanser,flat_screwdriver,occ4_scene0010
同物過切,0.6799999999999999,19.4,0.46,bleach_cleanser,bleach_cleanser,occ4_scene0010
同物過切,0.5686274509803921,10.0,0.0,bleach_cleanser,bleach_cleanser,occ4_scene0010
並排有縫,0.5593220338983051,88.2,1.0,pitcher_base,cups,occ4_scene0011
並排有縫,0.7627118644067796,86.9,1.0,pitcher_base,cups,occ4_scene0011
並排有縫,0.4915254237288136,40.4,1.0,pitcher_base,cups,occ4_scene0011
並排有縫,0.0,36.1,1.0,cups,mug,occ4_scene0011
並排有縫,0.8983050847457628,28.6,1.0,pitcher_base,cups,occ4_scene0011
並排有縫,0.3076923076923077,7.2,0.57,cups,mug,occ4_scene0011
同物過切,0.3571428571428571,1.2,0.86,mug,mug,occ4_scene0011
同物過切,0.11538461538461542,37.9,0.89,cups,cups,occ4_scene0011
並排有縫,0.5254237288135593,187.9,1.0,pitcher_base,mug,occ4_scene0011
同物過切,0.23076923076923073,9.9,0.5,cups,cups,occ4_scene0011
並排有縫,0.1785714285714286,64.8,1.0,mug,cups,occ4_scene0011
並排有縫,0.5151515151515151,188.2,1.0,cups,wood_block,occ4_scene0012
同物過切,0.711864406779661,5.8,0.33,wood_block,wood_block,occ4_scene0012
同物過切,0.1071428571428571,1.3,1.0,wood_block,wood_block,occ4_scene0012
同物過切,0.7627118644067796,3.6,0.67,wood_block,wood_block,occ4_scene0012
並排有縫,0.08108108108108103,59.7,0.62,peach,cups,occ4_scene0013
並排有縫,0.49090909090909096,123.4,1.0,cups,banana,occ4_scene0013
並排有縫,0.17647058823529416,54.7,1.0,peach,cups,occ4_scene0013
並排有縫,0.08510638297872342,98.5,1.0,mustard_bottle,racquetball,occ4_scene0014
同物過切,0.6555555555555556,17.4,1.0,spatula,spatula,occ4_scene0014
同物過切,0.8904109589041096,42.9,0.0,sugar_box,sugar_box,occ4_scene0015
並排有縫,0.14634146341463417,77.4,1.0,wood_block,sugar_box,occ4_scene0015
並排有縫,0.6333333333333333,74.6,1.0,wood_block,sugar_box,occ4_scene0015
同物過切,0.8048780487804879,15.9,0.31,sugar_box,sugar_box,occ4_scene0015
同物過切,0.6571428571428571,18.8,1.0,wood_block,wood_block,occ4_scene0015
並排有縫,0.5862068965517242,76.6,1.0,sugar_box,wood_block,occ4_scene0015
同物過切,0.904109589041096,8.0,0.0,sugar_box,sugar_box,occ4_scene0015
並排有縫,0.5753424657534247,111.1,1.0,wood_block,sugar_box,occ4_scene0015
並排有縫,0.08333333333333337,86.7,1.0,sugar_box,wood_block,occ4_scene0015
同物過切,0.8292682926829268,6.4,0.15,sugar_box,sugar_box,occ4_scene0015
並排有縫,0.5205479452054795,67.0,1.0,wood_block,sugar_box,occ4_scene0015
並排有縫,0.6403508771929824,29.8,1.0,banana,foam_brick,occ4_scene0015
同物過切,0.7207207207207207,5.2,0.5,wood_block,wood_block,occ4_scene0015
同物過切,0.8493150684931507,33.5,0.0,sugar_box,sugar_box,occ4_scene0015
並排有縫,0.033333333333333326,55.6,1.0,wood_block,sugar_box,occ4_scene0015
並排有縫,0.24390243902439024,87.9,1.0,sugar_box,wood_block,occ4_scene0015
並排有縫,0.7666666666666666,72.3,1.0,wood_block,sugar_box,occ4_scene0015
同物過切,0.8904109589041096,28.8,0.0,sugar_box,sugar_box,occ4_scene0015
並排有縫,0.41666666666666663,86.7,1.0,sugar_box,wood_block,occ4_scene0015
並排有縫,0.4915254237288136,114.7,1.0,foam_brick,wood_block,occ4_scene0015
並排有縫,0.08823529411764708,74.4,1.0,strawberry,gelatin_box,occ4_scene0016
並排有縫,0.8,57.1,1.0,cups,cups,occ4_scene0017
並排有縫,0.625,70.7,1.0,mug,cups,occ4_scene0017
並排有縫,0.16000000000000003,70.8,0.15,cups,cups,occ4_scene0017
同物過切,0.540983606557377,0.5,0.78,mug,mug,occ4_scene0017
同物過切,0.4,47.1,0.6,cups,cups,occ4_scene0017
同物過切,0.8571428571428572,8.0,0.85,cups,cups,occ4_scene0017
並排有縫,0.5901639344262295,62.7,0.47,cups,mug,occ4_scene0017
並排有縫,0.5688073394495412,133.1,1.0,cups,sponge,occ4_scene0018
並排有縫,0.7981651376146789,95.4,1.0,cups,sponge,occ4_scene0018
並排有縫,0.6146788990825688,111.2,0.0,sponge,cups,occ4_scene0018
並排有縫,0.21276595744680848,106.3,1.0,cups,cups,occ4_scene0018
並排有縫,0.6190476190476191,97.1,1.0,cups,cups,occ4_scene0018
同物過切,0.11904761904761907,3.1,0.6,cups,cups,occ4_scene0018
並排有縫,0.7666666666666666,62.4,1.0,apple,tomato_soup_can,occ4_scene0019
並排有縫,0.619718309859155,67.1,1.0,apple,tomato_soup_can,occ4_scene0019
並排有縫,0.6724137931034483,62.9,1.0,tennis_ball,apple,occ4_scene0020
並排有縫,0.40625,91.9,0.91,gelatin_box,apple,occ4_scene0020
並排有縫,0.6764705882352942,222.4,0.0,pudding_box,bleach_cleanser,occ5_scene0001
同物過切,0.1428571428571429,19.3,0.25,bleach_cleanser,bleach_cleanser,occ5_scene0001
並排有縫,0.625,13.7,1.0,sponge,bleach_cleanser,occ5_scene0001
並排有縫,0.40909090909090906,237.3,1.0,bleach_cleanser,pudding_box,occ5_scene0001
並排有縫,0.368421052631579,66.8,0.5,bleach_cleanser,medium_clamp,occ5_scene0001
並排有縫,0.19999999999999996,57.0,1.0,pear,sponge,occ5_scene0001
並排有縫,0.2272727272727273,233.8,0.0,bleach_cleanser,pudding_box,occ5_scene0001
並排有縫,0.35,39.5,1.0,sponge,bleach_cleanser,occ5_scene0001
同物過切,0.3529411764705882,1.0,0.43,bleach_cleanser,bleach_cleanser,occ5_scene0001
並排有縫,0.5384615384615384,80.3,1.0,bleach_cleanser,medium_clamp,occ5_scene0001
並排有縫,0.5769230769230769,190.2,1.0,pudding_box,bleach_cleanser,occ5_scene0001
同物過切,0.5476190476190477,11.9,0.0,bleach_cleanser,bleach_cleanser,occ5_scene0001
並排有縫,0.78,107.6,1.0,pear,pudding_box,occ5_scene0001
同物過切,0.2666666666666667,10.0,0.0,bleach_cleanser,bleach_cleanser,occ5_scene0001
並排有縫,0.2093023255813954,113.8,1.0,cups,potted_meat_can,occ5_scene0002
並排有縫,0.8666666666666667,82.3,1.0,cups,potted_meat_can,occ5_scene0002
並排有縫,0.18604651162790697,91.4,1.0,cups,potted_meat_can,occ5_scene0002
並排有縫,0.375,143.7,1.0,cups,phillips_screwdriver,occ5_scene0002
同物過切,0.3555555555555555,1.5,0.33,potted_meat_can,potted_meat_can,occ5_scene0002
同物過切,0.8421052631578947,25.9,1.0,cups,cups,occ5_scene0002
同物過切,0.0444444444444444,7.2,0.33,potted_meat_can,potted_meat_can,occ5_scene0002
同物過切,0.33333333333333337,6.6,1.0,potted_meat_can,potted_meat_can,occ5_scene0003
並排有縫,0.4158415841584159,70.8,0.0,potted_meat_can,gelatin_box,occ5_scene0003
並排有縫,0.3076923076923077,51.3,1.0,cups,potted_meat_can,occ5_scene0003
並排有縫,0.018867924528301883,106.4,1.0,pear,cups,occ5_scene0003
並排有縫,0.11864406779661019,60.2,1.0,cups,gelatin_box,occ5_scene0003
並排有縫,0.576271186440678,78.0,1.0,potted_meat_can,gelatin_box,occ5_scene0003
並排有縫,0.6730769230769231,59.5,1.0,cups,potted_meat_can,occ5_scene0003
並排有縫,0.9207920792079208,4.4,1.0,potted_meat_can,cups,occ5_scene0003
並排有縫,0.47457627118644063,102.0,1.0,foam_brick,gelatin_box,occ5_scene0003
同物過切,0.6435643564356436,7.6,0.2,potted_meat_can,potted_meat_can,occ5_scene0003
並排有縫,0.8627450980392157,101.3,1.0,mug,cups,occ5_scene0004
同物過切,0.6511627906976745,19.7,0.0,bleach_cleanser,bleach_cleanser,occ5_scene0005
並排有縫,0.24137931034482762,7.6,1.0,peach,cups,occ5_scene0005
並排有縫,0.48275862068965514,26.4,0.77,bleach_cleanser,peach,occ5_scene0005
並排有縫,0.4727272727272728,209.7,0.0,bleach_cleanser,cups,occ5_scene0005
同物過切,0.40909090909090906,23.2,1.0,cups,cups,occ5_scene0005
並排有縫,0.6153846153846154,221.5,1.0,bleach_cleanser,orange,occ5_scene0005
並排有縫,0.7538461538461538,41.9,1.0,orange,cups,occ5_scene0005
並排有縫,0.1724137931034483,50.1,0.69,peach,bleach_cleanser,occ5_scene0005
同物過切,0.8620689655172413,50.2,0.0,bleach_cleanser,bleach_cleanser,occ5_scene0005
並排有縫,0.5454545454545454,211.4,1.0,bleach_cleanser,cups,occ5_scene0005
並排有縫,0.13793103448275867,60.1,1.0,bleach_cleanser,peach,occ5_scene0005
並排有縫,0.4482758620689655,71.1,1.0,peach,cups,occ5_scene0005
並排有縫,0.6615384615384615,129.4,1.0,orange,cups,occ5_scene0005
並排有縫,0.44999999999999996,54.5,0.95,bowl,tomato_soup_can,occ5_scene0006
並排有縫,0.42028985507246375,82.4,1.0,tomato_soup_can,foam_brick,occ5_scene0006
並排有縫,0.56,78.2,0.9,bowl,racquetball,occ5_scene0006
並排有縫,0.04166666666666663,87.4,0.0,tomato_soup_can,foam_brick,occ5_scene0006
並排有縫,0.8840579710144928,46.6,1.0,racquetball,foam_brick,occ5_scene0006
同物過切,0.4444444444444444,78.9,0.5,tomato_soup_can,tomato_soup_can,occ5_scene0006
並排有縫,0.6811594202898551,142.6,0.85,bowl,foam_brick,occ5_scene0006
並排有縫,0.5,50.5,1.0,tomato_soup_can,baseball,occ5_scene0006
並排有縫,0.48611111111111116,43.0,0.0,tomato_soup_can,baseball,occ5_scene0006
並排有縫,0.19999999999999996,180.5,1.0,tomato_soup_can,racquetball,occ5_scene0006
並排有縫,0.3055555555555556,173.1,0.0,tomato_soup_can,racquetball,occ5_scene0006
並排有縫,0.3508771929824561,79.2,1.0,orange,tomato_soup_can,occ5_scene0007
並排有縫,0.18918918918918914,57.6,1.0,peach,tomato_soup_can,occ5_scene0007
並排有縫,0.32727272727272727,130.5,1.0,tomato_soup_can,tennis_ball,occ5_scene0007
同物過切,0.52,4.3,0.33,tomato_soup_can,tomato_soup_can,occ5_scene0007
並排有縫,0.8771929824561404,158.2,1.0,orange,tennis_ball,occ5_scene0007
並排有縫,0.2666666666666667,116.4,0.0,tomato_soup_can,tennis_ball,occ5_scene0007
並排有縫,0.7090909090909091,46.9,0.92,peach,tennis_ball,occ5_scene0007
並排有縫,0.6,53.5,0.0,peach,tomato_soup_can,occ5_scene0007
並排有縫,0.9117647058823529,146.8,0.0,cracker_box,foam_brick,occ5_scene0008
並排有縫,0.7142857142857143,158.8,1.0,cracker_box,tennis_ball,occ5_scene0008
同物過切,0.8421052631578947,4.3,0.75,cracker_box,cracker_box,occ5_scene0008
並排有縫,0.7941176470588236,49.2,0.86,foam_brick,tennis_ball,occ5_scene0008
並排有縫,0.7857142857142857,158.8,0.0,cracker_box,tennis_ball,occ5_scene0008
並排有縫,0.935483870967742,146.8,1.0,cracker_box,foam_brick,occ5_scene0008
同物過切,0.7727272727272727,7.5,0.92,cracker_box,cracker_box,occ5_scene0008
同物過切,0.8235294117647058,2.0,0.88,cups,cups,occ5_scene0009
並排有縫,0.75,71.7,0.88,cups,softball,occ5_scene0009
並排有縫,0.11764705882352944,101.8,0.88,peach,softball,occ5_scene0009
並排有縫,0.3382352941176471,80.5,1.0,wood_block,softball,occ5_scene0009
同物過切,0.9798994974874372,18.4,1.0,wood_block,wood_block,occ5_scene0009
並排有縫,0.6666666666666667,142.3,1.0,peach,wood_block,occ5_scene0009
並排有縫,0.15094339622641506,74.9,1.0,phillips_screwdriver,wood_block,occ5_scene0009
並排有縫,0.8235294117647058,86.2,1.0,cups,softball,occ5_scene0009
並排有縫,0.5,46.1,1.0,cups,peach,occ5_scene0009
並排有縫,0.3902439024390244,55.5,1.0,pear,cups,occ5_scene0010
同物過切,0.3142857142857143,6.2,1.0,wood_block,wood_block,occ5_scene0010
並排有縫,0.6065573770491803,78.8,1.0,cups,wood_block,occ5_scene0010
並排有縫,0.32608695652173914,84.6,1.0,lemon,wood_block,occ5_scene0010
同物過切,0.7232142857142857,6.1,0.25,wood_block,wood_block,occ5_scene0010
同物過切,0.6875,4.7,0.25,wood_block,wood_block,occ5_scene0010
並排有縫,0.4918032786885246,68.9,1.0,wood_block,cups,occ5_scene0010
同物過切,0.7062146892655368,12.5,0.17,master_chef_can,master_chef_can,occ5_scene0011
並排有縫,0.6708860759493671,113.6,1.0,nine_hole_peg_test,potted_meat_can,occ5_scene0011
並排有縫,0.14432989690721654,68.0,0.86,softball,potted_meat_can,occ5_scene0011
並排有縫,0.4307692307692308,105.0,1.0,nine_hole_peg_test,master_chef_can,occ5_scene0011
同物過切,0.8987341772151899,32.9,1.0,nine_hole_peg_test,nine_hole_peg_test,occ5_scene0011
同物過切,0.9036144578313253,2.9,0.14,potted_meat_can,potted_meat_can,occ5_scene0011
並排有縫,0.2727272727272727,32.6,1.0,potted_meat_can,strawberry,occ5_scene0011
同物過切,0.7469879518072289,18.9,0.0,potted_meat_can,potted_meat_can,occ5_scene0011
並排有縫,0.7590361445783133,65.8,0.0,strawberry,potted_meat_can,occ5_scene0011
並排有縫,0.8220338983050848,100.9,0.73,nine_hole_peg_test,potted_meat_can,occ5_scene0011
同物過切,0.3305084745762712,14.6,0.29,nine_hole_peg_test,nine_hole_peg_test,occ5_scene0011
並排有縫,0.45197740112994356,200.3,0.0,master_chef_can,softball,occ5_scene0011
並排有縫,0.9548022598870056,10.7,0.0,potted_meat_can,master_chef_can,occ5_scene0011
同物過切,0.8795180722891567,12.4,0.14,potted_meat_can,potted_meat_can,occ5_scene0011
並排有縫,0.6923076923076923,33.7,1.0,master_chef_can,strawberry,occ5_scene0011
並排有縫,0.9152542372881356,100.9,0.91,nine_hole_peg_test,potted_meat_can,occ5_scene0011
並排有縫,0.9322033898305084,101.9,0.91,nine_hole_peg_test,potted_meat_can,occ5_scene0011
並排有縫,0.807909604519774,75.1,0.0,master_chef_can,potted_meat_can,occ5_scene0011
並排有縫,0.8870056497175142,62.0,0.0,master_chef_can,strawberry,occ5_scene0011
並排有縫,0.6428571428571428,190.9,0.0,bleach_cleanser,cups,occ5_scene0012
並排有縫,0.7959183673469388,173.9,0.0,bleach_cleanser,baseball,occ5_scene0012
並排有縫,0.7564102564102564,102.8,1.0,master_chef_can,bleach_cleanser,occ5_scene0012
並排有縫,0.5510204081632653,176.2,1.0,baseball,bleach_cleanser,occ5_scene0012
並排有縫,0.42307692307692313,120.1,1.0,master_chef_can,cups,occ5_scene0012
並排有縫,0.5625,38.6,1.0,foam_brick,cups,occ5_scene0012
並排有縫,0.26315789473684215,170.0,1.0,master_chef_can,bleach_cleanser,occ5_scene0012
同物過切,0.23076923076923073,1.6,0.0,bleach_cleanser,bleach_cleanser,occ5_scene0012
同物過切,0.5652173913043479,7.5,0.46,bleach_cleanser,bleach_cleanser,occ5_scene0012
並排有縫,0.6666666666666667,147.7,1.0,bleach_cleanser,master_chef_can,occ5_scene0012
並排有縫,0.641025641025641,133.2,1.0,master_chef_can,cups,occ5_scene0012
並排有縫,0.3717948717948718,256.7,1.0,master_chef_can,baseball,occ5_scene0012
並排有縫,0.3125,10.6,1.0,foam_brick,cups,occ5_scene0012
並排有縫,0.2142857142857143,113.9,1.0,cups,bleach_cleanser,occ5_scene0012
同物過切,0.4736842105263158,0.2,0.0,bleach_cleanser,bleach_cleanser,occ5_scene0012
並排有縫,0.8461538461538461,140.6,0.0,master_chef_can,bleach_cleanser,occ5_scene0012
並排有縫,0.6923076923076923,28.4,0.56,master_chef_can,bleach_cleanser,occ5_scene0012
並排有縫,0.7948717948717949,88.8,1.0,master_chef_can,foam_brick,occ5_scene0012
並排有縫,0.6615384615384615,137.5,1.0,master_chef_can,bleach_cleanser,occ5_scene0012
並排有縫,0.7258064516129032,192.1,0.22,cups,tomato_soup_can,occ5_scene0013
同物過切,0.825,5.1,0.2,potted_meat_can,potted_meat_can,occ5_scene0013
並排有縫,0.8269230769230769,59.4,1.0,gelatin_box,potted_meat_can,occ5_scene0013
並排有縫,0.4838709677419355,221.4,1.0,tomato_soup_can,cups,occ5_scene0013
同物過切,0.29032258064516125,4.5,0.5,cups,cups,occ5_scene0013
同物過切,0.0,14.0,0.11,tomato_soup_can,tomato_soup_can,occ5_scene0013
並排有縫,0.5294117647058824,101.5,0.56,cups,tomato_soup_can,occ5_scene0013
並排有縫,0.29032258064516125,102.2,1.0,tomato_soup_can,cups,occ5_scene0013
並排有縫,0.8269230769230769,86.9,1.0,gelatin_box,tomato_soup_can,occ5_scene0013
並排有縫,0.40384615384615385,130.6,1.0,cups,gelatin_box,occ5_scene0013
並排有縫,0.6730769230769231,85.0,0.0,tomato_soup_can,gelatin_box,occ5_scene0013
同物過切,0.4,5.1,1.0,potted_meat_can,potted_meat_can,occ5_scene0013
並排有縫,0.5,86.0,1.0,cups,cups,occ5_scene0013
並排有縫,0.8181818181818181,11.0,0.88,cups,cups,occ5_scene0013
並排有縫,0.3846153846153846,87.5,1.0,tomato_soup_can,gelatin_box,occ5_scene0013
同物過切,0.7375,7.0,0.2,potted_meat_can,potted_meat_can,occ5_scene0013
同物過切,0.5526315789473684,90.1,1.0,tennis_ball,tennis_ball,occ5_scene0014
並排有縫,0.368421052631579,68.9,1.0,softball,tennis_ball,occ5_scene0014
並排有縫,0.1724137931034483,82.4,1.0,tennis_ball,softball,occ5_scene0014
並排有縫,0.07692307692307687,78.5,0.87,peach,softball,occ5_scene0014
同物過切,0.42307692307692313,5.7,0.5,bleach_cleanser,bleach_cleanser,occ5_scene0015
並排有縫,0.4473684210526315,183.8,0.64,bleach_cleanser,pudding_box,occ5_scene0015
並排有縫,0.045454545454545414,174.1,1.0,pudding_box,cups,occ5_scene0015
並排有縫,0.1428571428571429,114.9,1.0,pudding_box,bleach_cleanser,occ5_scene0015
並排有縫,0.5,164.1,1.0,bleach_cleanser,cups,occ5_scene0015
並排有縫,0.5263157894736843,197.4,1.0,bleach_cleanser,pudding_box,occ5_scene0015
並排有縫,0.47619047619047616,92.3,0.64,pudding_box,bleach_cleanser,occ5_scene0015
同物過切,0.9444444444444444,3.8,0.0,bleach_cleanser,bleach_cleanser,occ5_scene0015
並排有縫,0.11111111111111116,172.8,1.0,pudding_box,bleach_cleanser,occ5_scene0015
並排有縫,0.6538461538461539,225.2,0.0,bleach_cleanser,cups,occ5_scene0015
並排相觸,0.11538461538461542,19.6,1.0,gelatin_box,large_marker,occ5_scene0015
並排有縫,0.0,99.6,0.71,pudding_box,bleach_cleanser,occ5_scene0015
並排有縫,0.75,206.4,0.0,bleach_cleanser,cups,occ5_scene0015
同物過切,0.5714285714285714,12.4,0.0,bleach_cleanser,bleach_cleanser,occ5_scene0015
並排有縫,0.052631578947368474,222.0,0.0,bleach_cleanser,pudding_box,occ5_scene0015
並排有縫,0.7272727272727273,68.1,0.83,pear,peach,occ5_scene0016
並排有縫,0.7272727272727273,128.7,0.67,pear,orange,occ5_scene0016
並排有縫,0.41666666666666663,10.8,1.0,pear,peach,occ5_scene0016
同物過切,0.21568627450980393,2.4,1.0,fork,fork,occ5_scene0017
同物過切,0.7333333333333334,26.1,1.0,rubiks_cube,rubiks_cube,occ5_scene0017
並排有縫,0.09836065573770492,80.0,1.0,pear,cups,occ5_scene0017
並排有縫,0.7222222222222222,62.4,1.0,rubiks_cube,gelatin_box,occ5_scene0017
並排有縫,0.4814814814814815,92.9,0.91,gelatin_box,pear,occ5_scene0017
並排有縫,0.9215686274509804,62.4,1.0,rubiks_cube,gelatin_box,occ5_scene0017
並排有縫,0.6428571428571428,42.5,0.7,strawberry,bleach_cleanser,occ5_scene0018
並排有縫,0.9285714285714286,47.7,0.0,bleach_cleanser,strawberry,occ5_scene0018
並排有縫,0.9797979797979798,61.8,0.0,bleach_cleanser,cups,occ5_scene0018
並排有縫,0.797979797979798,61.8,0.78,bleach_cleanser,cups,occ5_scene0018
並排有縫,0.2857142857142857,47.7,0.7,bleach_cleanser,strawberry,occ5_scene0018
並排有縫,0.8214285714285714,151.1,0.0,bleach_cleanser,strawberry,occ5_scene0018
同物過切,0.8421052631578947,4.5,0.56,bleach_cleanser,bleach_cleanser,occ5_scene0018
並排有縫,0.23076923076923073,133.6,1.0,cups,pear,occ5_scene0018
同物過切,0.6875,0.8,0.52,bleach_cleanser,bleach_cleanser,occ5_scene0018
並排有縫,0.3207547169811321,142.7,1.0,pear,tomato_soup_can,occ5_scene0019
並排有縫,0.049180327868852514,82.9,1.0,mug,medium_clamp,occ5_scene0020
並排有縫,0.03448275862068961,128.2,1.0,cups,pudding_box,occ5_scene0020
並排有縫,0.6129032258064516,139.7,1.0,cups,pudding_box,occ5_scene0020
並排有縫,0.7868852459016393,92.9,1.0,cups,medium_clamp,occ5_scene0020
並排有縫,0.5245901639344263,84.1,1.0,medium_clamp,cups,occ5_scene0020
同物過切,0.5125,6.0,0.14,potted_meat_can,potted_meat_can,stack3_scene0002
同物過切,0.7625,10.6,0.14,potted_meat_can,potted_meat_can,stack3_scene0002
並排有縫,0.48750000000000004,108.0,0.0,potted_meat_can,gelatin_box,stack3_scene0002
並排有縫,0.21621621621621623,126.5,0.0,potted_meat_can,tennis_ball,stack3_scene0003
同物過切,0.5945945945945945,11.5,0.14,potted_meat_can,potted_meat_can,stack3_scene0003
同物過切,0.5810810810810811,4.4,0.14,potted_meat_can,potted_meat_can,stack3_scene0003
同物過切,0.782608695652174,8.4,0.0,sugar_box,sugar_box,stack3_scene0004
同物過切,0.782608695652174,8.0,0.25,sugar_box,sugar_box,stack3_scene0004
同物過切,0.9565217391304348,11.1,0.0,sugar_box,sugar_box,stack3_scene0004
相疊on,0.036363636363636376,25.2,0.14,gelatin_box,foam_brick,stack3_scene0005
相疊on,0.7894736842105263,40.1,0.0,tuna_fish_can,tomato_soup_can,stack3_scene0006
同物過切,0.3846153846153846,11.5,0.25,bleach_cleanser,bleach_cleanser,stack3_scene0006
同物過切,0.14035087719298245,5.8,0.4,tomato_soup_can,tomato_soup_can,stack3_scene0006
同物過切,0.7551020408163265,47.8,0.0,bleach_cleanser,bleach_cleanser,stack3_scene0006
並排有縫,0.543859649122807,167.1,1.0,tomato_soup_can,bleach_cleanser,stack3_scene0006
同物過切,0.5510204081632653,11.9,0.0,bleach_cleanser,bleach_cleanser,stack3_scene0006
並排有縫,0.6734693877551021,163.7,1.0,tomato_soup_can,bleach_cleanser,stack3_scene0006
相疊on,0.7,14.1,0.36,tuna_fish_can,tomato_soup_can,stack3_scene0006
同物過切,0.65,8.9,0.93,cracker_box,cracker_box,stack3_scene0007
同物過切,0.125,3.5,1.0,cups,cups,stack3_scene0007
並排有縫,0.625,193.1,1.0,cracker_box,cups,stack3_scene0007
並排有縫,0.9487179487179487,193.1,0.41,cracker_box,cups,stack3_scene0007
並排有縫,0.8717948717948718,213.1,0.0,cracker_box,cups,stack3_scene0007
同物過切,0.9176470588235294,5.3,0.14,potted_meat_can,potted_meat_can,stack3_scene0009
並排有縫,0.9583333333333334,131.7,1.0,cracker_box,master_chef_can,stack3_scene0010
並排有縫,0.8444444444444444,145.8,0.19,cracker_box,master_chef_can,stack3_scene0010
同物過切,0.6785714285714286,3.2,0.89,cracker_box,cracker_box,stack3_scene0010
同物過切,0.6,11.3,0.5,master_chef_can,master_chef_can,stack3_scene0010
相疊on,0.5925925925925926,14.3,0.2,tuna_fish_can,tomato_soup_can,stack3_scene0011
同物過切,0.4666666666666667,1.8,0.83,tomato_soup_can,tomato_soup_can,stack3_scene0011
同物過切,0.4285714285714286,5.4,0.33,potted_meat_can,potted_meat_can,stack3_scene0012
相疊on,0.7027027027027026,26.2,0.5,sponge,foam_brick,stack3_scene0013
相疊on,0.08695652173913049,7.7,0.21,master_chef_can,tomato_soup_can,stack3_scene0014
同物過切,0.05555555555555558,20.1,0.5,tomato_soup_can,tomato_soup_can,stack3_scene0014
並排有縫,0.2777777777777778,202.9,0.0,orange,tomato_soup_can,stack3_scene0014
相疊on,0.14814814814814814,61.7,0.0,master_chef_can,tomato_soup_can,stack3_scene0014
相疊on,0.2142857142857143,27.1,0.25,gelatin_box,foam_brick,stack3_scene0015
相疊on,0.7,13.7,0.45,tuna_fish_can,tomato_soup_can,stack3_scene0016
同物過切,0.6153846153846154,1.8,0.8,tomato_soup_can,tomato_soup_can,stack3_scene0016
並排有縫,0.55,184.3,0.45,pudding_box,tomato_soup_can,stack3_scene0016
同物過切,0.17543859649122806,16.3,0.5,tomato_soup_can,tomato_soup_can,stack3_scene0017
相疊on,0.1578947368421053,56.1,0.0,master_chef_can,tomato_soup_can,stack3_scene0017
相疊on,0.5,6.8,0.21,master_chef_can,tomato_soup_can,stack3_scene0017
並排有縫,0.12307692307692308,201.6,0.0,tomato_soup_can,baseball,stack3_scene0017
並排有縫,0.14473684210526316,81.3,1.0,master_chef_can,baseball,stack3_scene0017
同物過切,0.5555555555555556,10.6,0.0,sugar_box,sugar_box,stack3_scene0018
相疊on,0.3125,6.5,0.2,wood_block,foam_brick,stack3_scene0019
並排有縫,0.42105263157894735,140.6,1.0,wood_block,mug,stack3_scene0019
並排有縫,0.9090909090909091,223.7,0.0,mug,foam_brick,stack3_scene0019
相疊on,0.8787878787878788,47.2,0.18,wood_block,foam_brick,stack3_scene0019
同物過切,0.7714285714285715,9.0,1.0,tuna_fish_can,tuna_fish_can,stack3_scene0020
並排有縫,0.46153846153846156,170.0,0.0,racquetball,wood_block,stack4_scene0001
同物過切,0.8021978021978022,39.6,0.29,wood_block,wood_block,stack4_scene0001
並排有縫,0.6734693877551021,145.7,1.0,racquetball,wood_block,stack4_scene0001
並排有縫,0.12244897959183676,133.9,1.0,wood_block,racquetball,stack4_scene0001
同物過切,0.9230769230769231,15.5,0.29,wood_block,wood_block,stack4_scene0001
相疊on,0.9651162790697675,67.5,0.0,tuna_fish_can,tomato_soup_can,stack4_scene0002
相疊on,0.926829268292683,12.9,0.46,tuna_fish_can,tomato_soup_can,stack4_scene0002
同物過切,0.5,8.3,0.25,tomato_soup_can,tomato_soup_can,stack4_scene0002
並排有縫,0.1392405063291139,185.1,0.57,master_chef_can,apple,stack4_scene0003
相疊on,0.5882352941176471,18.6,0.2,pudding_box,master_chef_can,stack4_scene0003
同物過切,0.3846153846153846,29.0,0.91,apple,apple,stack4_scene0003
同物過切,0.33333333333333337,8.0,1.0,bleach_cleanser,bleach_cleanser,stack4_scene0004
同物過切,0.8333333333333334,18.7,1.0,bleach_cleanser,bleach_cleanser,stack4_scene0004
同物過切,0.7419354838709677,2.4,0.3,bleach_cleanser,bleach_cleanser,stack4_scene0004
同物過切,0.7714285714285715,4.6,0.96,wood_block,wood_block,stack4_scene0004
並排有縫,0.1333333333333333,27.2,0.0,bleach_cleanser,wood_block,stack4_scene0004
並排有縫,0.75,8.0,0.0,bleach_cleanser,wood_block,stack4_scene0004
並排有縫,0.7714285714285715,162.9,0.36,wood_block,bleach_cleanser,stack4_scene0004
同物過切,0.8709677419354839,17.9,0.0,bleach_cleanser,bleach_cleanser,stack4_scene0004
同物過切,0.7096774193548387,27.2,0.0,bleach_cleanser,bleach_cleanser,stack4_scene0004
並排有縫,0.4666666666666667,8.0,0.0,bleach_cleanser,wood_block,stack4_scene0004
並排有縫,0.6285714285714286,80.8,1.0,wood_block,bleach_cleanser,stack4_scene0004
同物過切,0.8095238095238095,12.6,0.0,bleach_cleanser,bleach_cleanser,stack4_scene0004
並排有縫,0.59375,27.2,0.0,bleach_cleanser,wood_block,stack4_scene0004
同物過切,0.26415094339622647,1.7,1.0,fork,fork,stack4_scene0005
並排有縫,0.3666666666666667,177.4,0.68,tomato_soup_can,cups,stack4_scene0006
相疊on,0.06666666666666665,60.3,0.0,gelatin_box,tomato_soup_can,stack4_scene0006
相疊on,0.09999999999999998,27.2,0.25,gelatin_box,tomato_soup_can,stack4_scene0006
並排有縫,0.21052631578947367,167.2,0.0,cups,tomato_soup_can,stack4_scene0006
相疊on,0.4444444444444444,60.3,0.0,gelatin_box,tomato_soup_can,stack4_scene0006
相疊on,0.5333333333333333,27.2,0.33,gelatin_box,tomato_soup_can,stack4_scene0006
同物過切,0.6739130434782609,10.1,0.5,tomato_soup_can,tomato_soup_can,stack4_scene0006
相疊on,0.625,18.9,0.14,sponge,sugar_box,stack4_scene0007
相疊on,0.0625,46.9,0.0,sponge,sugar_box,stack4_scene0007
相疊on,0.35416666666666663,57.7,0.0,sponge,sugar_box,stack4_scene0007
相疊on,0.7916666666666666,14.8,0.29,sponge,sugar_box,stack4_scene0007
並排有縫,0.6444444444444444,202.8,0.0,sugar_box,tomato_soup_can,stack4_scene0007
同物過切,0.9111111111111111,8.6,0.0,sugar_box,sugar_box,stack4_scene0007
同物過切,0.2790697674418605,0.6,1.0,sugar_box,sugar_box,stack4_scene0007
同物過切,0.7777777777777778,8.0,0.31,sugar_box,sugar_box,stack4_scene0007
並排有縫,0.014925373134328401,207.8,1.0,master_chef_can,orange,stack4_scene0008
並排有縫,0.5223880597014925,120.0,1.0,cups,master_chef_can,stack4_scene0008
同物過切,0.8805970149253731,2.9,1.0,master_chef_can,master_chef_can,stack4_scene0008
同物過切,0.14814814814814814,16.8,0.2,master_chef_can,master_chef_can,stack4_scene0009
並排有縫,0.5333333333333333,151.2,1.0,mustard_bottle,master_chef_can,stack4_scene0009
並排有縫,0.4918032786885246,176.5,1.0,mustard_bottle,knife,stack4_scene0009
同物過切,0.4285714285714286,13.0,1.0,mustard_bottle,mustard_bottle,stack4_scene0009
同物過切,0.4363636363636364,1.9,1.0,knife,knife,stack4_scene0009
並排有縫,0.1428571428571429,147.4,1.0,mustard_bottle,master_chef_can,stack4_scene0009
並排有縫,0.8688524590163934,147.6,1.0,mustard_bottle,pudding_box,stack4_scene0009
相疊on,0.8222222222222222,15.5,0.42,pudding_box,master_chef_can,stack4_scene0009
並排有縫,0.6451612903225806,176.7,0.0,mustard_bottle,knife,stack4_scene0009
同物過切,0.696969696969697,4.9,1.0,master_chef_can,master_chef_can,stack4_scene0010
同物過切,0.8787878787878788,4.5,1.0,master_chef_can,master_chef_can,stack4_scene0010
並排有縫,0.8333333333333334,139.0,1.0,lemon,master_chef_can,stack4_scene0010
並排有縫,0.06666666666666665,149.0,0.0,tuna_fish_can,lemon,stack4_scene0010
相疊on,0.033333333333333326,3.1,0.5,master_chef_can,tuna_fish_can,stack4_scene0010
並排有縫,0.4107142857142857,148.9,1.0,master_chef_can,lemon,stack4_scene0010
相疊on,0.6764705882352942,3.9,0.21,master_chef_can,tomato_soup_can,stack4_scene0011
相疊on,0.09090909090909094,55.9,0.0,master_chef_can,tomato_soup_can,stack4_scene0011
並排有縫,0.24242424242424243,153.7,1.0,master_chef_can,peach,stack4_scene0011
同物過切,0.6428571428571428,7.4,0.8,tomato_soup_can,tomato_soup_can,stack4_scene0011
相疊on,0.8076923076923077,87.9,0.0,gelatin_box,tomato_soup_can,stack4_scene0012
同物過切,0.23076923076923073,10.1,0.33,tomato_soup_can,tomato_soup_can,stack4_scene0012
並排有縫,0.23076923076923073,211.8,0.0,tomato_soup_can,spoon,stack4_scene0012
相疊on,0.6538461538461539,87.9,0.0,gelatin_box,tomato_soup_can,stack4_scene0012
相疊on,0.696969696969697,25.2,0.33,gelatin_box,tomato_soup_can,stack4_scene0012
並排有縫,0.5094339622641509,142.1,0.0,tomato_soup_can,banana,stack4_scene0012
並排有縫,0.17500000000000004,239.2,0.0,tomato_soup_can,spoon,stack4_scene0012
相疊on,0.4545454545454546,25.2,0.33,gelatin_box,tomato_soup_can,stack4_scene0012
並排有縫,0.6886792452830188,158.3,0.33,tomato_soup_can,banana,stack4_scene0012
並排有縫,0.5,192.6,0.0,cups,cracker_box,stack4_scene0013
同物過切,0.95,12.8,0.38,cups,cups,stack4_scene0013
並排有縫,0.97,199.0,1.0,cracker_box,cups,stack4_scene0013
並排有縫,0.5185185185185186,104.3,0.71,pear,cracker_box,stack4_scene0013
並排有縫,0.88,197.3,1.0,cups,cracker_box,stack4_scene0013
同物過切,0.7307692307692308,2.9,0.93,cracker_box,cracker_box,stack4_scene0013
並排有縫,0.2857142857142857,197.3,0.0,cups,cracker_box,stack4_scene0013
並排有縫,0.9318181818181819,122.7,1.0,pear,cracker_box,stack4_scene0013
並排有縫,0.85,192.6,1.0,cups,cracker_box,stack4_scene0013
並排有縫,0.7727272727272727,199.0,0.0,cracker_box,cups,stack4_scene0013
並排有縫,0.8148148148148149,132.5,0.0,pear,cracker_box,stack4_scene0013
相疊on,0.6875,11.5,0.86,sponge,sugar_box,stack4_scene0014
並排有縫,0.7333333333333334,170.6,1.0,pitcher_base,sponge,stack4_scene0014
並排有縫,0.33333333333333337,160.5,1.0,sponge,rubiks_cube,stack4_scene0014
並排有縫,0.8603896103896104,159.6,1.0,pitcher_base,sugar_box,stack4_scene0014
並排有縫,0.7906976744186046,170.9,0.0,sugar_box,rubiks_cube,stack4_scene0014
同物過切,0.8372093023255813,9.0,0.31,sugar_box,sugar_box,stack4_scene0014
相疊on,0.627906976744186,21.1,0.15,sponge,sugar_box,stack4_scene0014
並排有縫,0.55,31.0,1.0,pitcher_base,sugar_box,stack4_scene0014
同物過切,0.8301886792452831,17.0,0.75,tomato_soup_can,tomato_soup_can,stack4_scene0015
並排有縫,0.8653846153846154,193.0,1.0,sugar_box,cups,stack4_scene0016
並排有縫,0.34615384615384615,168.7,0.0,sugar_box,cups,stack4_scene0016
同物過切,0.7647058823529411,5.4,0.4,sugar_box,sugar_box,stack4_scene0016
並排有縫,0.944,107.0,1.0,banana,sugar_box,stack4_scene0016
同物過切,0.4117647058823529,5.8,0.07,sugar_box,sugar_box,stack4_scene0016
相疊on,0.04347826086956519,9.4,0.25,master_chef_can,foam_brick,stack4_scene0017
並排有縫,0.38636363636363635,179.2,1.0,foam_brick,cracker_box,stack4_scene0017
並排有縫,0.9130434782608696,206.4,0.52,master_chef_can,cracker_box,stack4_scene0017
並排有縫,0.9230769230769231,213.9,1.0,cracker_box,master_chef_can,stack4_scene0017
同物過切,0.8518518518518519,1194.0,0.89,cracker_box,cracker_box,stack4_scene0017
同物過切,0.9166666666666666,1194.0,0.88,cracker_box,cracker_box,stack4_scene0017
並排有縫,0.4782608695652174,208.1,0.87,master_chef_can,cracker_box,stack4_scene0017
並排有縫,0.8333333333333334,213.9,0.33,cracker_box,master_chef_can,stack4_scene0017
並排有縫,0.9545454545454546,192.0,0.33,foam_brick,cracker_box,stack4_scene0017
並排有縫,0.9736842105263158,206.4,1.0,master_chef_can,cracker_box,stack4_scene0017
並排有縫,0.9591836734693877,192.0,1.0,foam_brick,cracker_box,stack4_scene0017
同物過切,0.7916666666666666,3.6,0.95,cracker_box,cracker_box,stack4_scene0017
相疊on,0.8947368421052632,38.7,0.0,tuna_fish_can,tomato_soup_can,stack4_scene0018
並排有縫,0.9166666666666666,165.2,0.77,tomato_soup_can,cracker_box,stack4_scene0018
同物過切,0.9230769230769231,242.8,0.83,cracker_box,cracker_box,stack4_scene0018
並排有縫,0.7777777777777778,165.2,0.55,tomato_soup_can,cracker_box,stack4_scene0018
同物過切,0.8947368421052632,242.8,0.86,cracker_box,cracker_box,stack4_scene0018
並排有縫,0.3076923076923077,178.7,1.0,tomato_soup_can,cracker_box,stack4_scene0018
同物過切,0.7307692307692308,6.8,0.93,cracker_box,cracker_box,stack4_scene0018
同物過切,0.3939393939393939,9.0,1.0,foam_brick,foam_brick,stack4_scene0018
相疊on,0.368421052631579,24.0,0.33,tuna_fish_can,tomato_soup_can,stack4_scene0018
同物過切,0.5238095238095238,28.5,0.55,wood_block,wood_block,stack4_scene0019
同物過切,0.30000000000000004,12.2,0.0,wood_block,wood_block,stack4_scene0019
同物過切,0.052631578947368474,6.6,1.0,potted_meat_can,potted_meat_can,stack4_scene0020
並排有縫,0.1875,132.8,1.0,potted_meat_can,cups,stack4_scene0020
並排有縫,0.978494623655914,134.8,0.73,potted_meat_can,cups,stack4_scene0020
同物過切,0.9230769230769231,4.9,0.45,potted_meat_can,potted_meat_can,stack4_scene0020
並排有縫,0.6923076923076923,182.1,1.0,cracker_box,apple,stack5_scene0001
並排有縫,0.11363636363636365,262.2,1.0,master_chef_can,flat_screwdriver,stack5_scene0001
並排有縫,0.7692307692307692,271.6,0.0,cracker_box,flat_screwdriver,stack5_scene0001
並排有縫,0.9090909090909091,153.0,1.0,cracker_box,master_chef_can,stack5_scene0001
並排有縫,0.7272727272727273,182.1,0.0,cracker_box,apple,stack5_scene0001
同物過切,0.6666666666666667,1.1,0.33,cracker_box,cracker_box,stack5_scene0001
並排有縫,0.42647058823529416,271.6,1.0,cracker_box,flat_screwdriver,stack5_scene0001
同物過切,0.6086956521739131,17.9,0.25,master_chef_can,master_chef_can,stack5_scene0001
同物過切,0.5185185185185186,7.5,0.38,cracker_box,cracker_box,stack5_scene0001
並排有縫,0.5384615384615384,222.6,0.0,flat_screwdriver,master_chef_can,stack5_scene0001
並排有縫,0.8043478260869565,153.0,0.05,cracker_box,master_chef_can,stack5_scene0001
同物過切,0.6785714285714286,10.6,0.78,cups,cups,stack5_scene0002
同物過切,0.4,1.8,0.6,bleach_cleanser,bleach_cleanser,stack5_scene0002
並排有縫,0.49056603773584906,185.8,1.0,master_chef_can,bleach_cleanser,stack5_scene0002
同物過切,0.2857142857142857,1.6,1.0,bleach_cleanser,bleach_cleanser,stack5_scene0002
同物過切,0.0,3.1,0.0,bleach_cleanser,bleach_cleanser,stack5_scene0002
並排有縫,0.6037735849056604,183.5,0.9,master_chef_can,bleach_cleanser,stack5_scene0002
並排有縫,0.19444444444444442,126.6,1.0,apple,strawberry,stack5_scene0004
同物過切,0.33333333333333337,8.8,0.12,sugar_box,sugar_box,stack5_scene0004
並排有縫,0.9813084112149533,179.5,0.8,sugar_box,large_clamp,stack5_scene0004
並排有縫,0.8878504672897196,208.1,0.0,sugar_box,large_clamp,stack5_scene0004
同物過切,0.33333333333333337,5.0,0.38,sugar_box,sugar_box,stack5_scene0004
並排有縫,0.9065420560747663,179.5,1.0,sugar_box,large_clamp,stack5_scene0004
並排有縫,0.7850467289719626,192.1,1.0,sugar_box,large_clamp,stack5_scene0004
同物過切,0.8333333333333334,3.1,0.0,sugar_box,sugar_box,stack5_scene0004
同物過切,0.4347826086956522,4.9,0.5,rubiks_cube,rubiks_cube,stack5_scene0005
並排有縫,0.607843137254902,129.0,0.44,tuna_fish_can,cups,stack5_scene0005
並排有縫,0.45238095238095233,108.8,1.0,rubiks_cube,pudding_box,stack5_scene0005
並排有縫,0.4444444444444444,145.8,0.78,tuna_fish_can,cups,stack5_scene0005
相疊on,0.5238095238095238,20.6,0.44,pudding_box,tuna_fish_can,stack5_scene0005
同物過切,0.8235294117647058,4.7,0.67,cups,cups,stack5_scene0005
並排有縫,0.7666666666666666,151.9,1.0,sugar_box,tennis_ball,stack5_scene0006
同物過切,0.32608695652173914,9.5,0.0,sugar_box,sugar_box,stack5_scene0006
並排有縫,0.375,117.9,0.85,sugar_box,bowl,stack5_scene0006
同物過切,0.9347826086956522,6.4,0.27,sugar_box,sugar_box,stack5_scene0006
並排有縫,0.23333333333333328,174.9,0.0,sugar_box,tennis_ball,stack5_scene0006
並排有縫,0.0714285714285714,115.9,1.0,bowl,sugar_box,stack5_scene0006
並排有縫,0.10416666666666663,211.2,0.0,sugar_box,tuna_fish_can,stack5_scene0007
同物過切,0.8604651162790697,13.7,0.0,sugar_box,sugar_box,stack5_scene0007
並排有縫,0.18867924528301883,260.5,0.0,sugar_box,apple,stack5_scene0007
同物過切,0.4651162790697675,18.4,0.0,sugar_box,sugar_box,stack5_scene0007
同物過切,0.9069767441860466,14.7,0.0,sugar_box,sugar_box,stack5_scene0007
同物過切,0.4,5.2,0.2,tuna_fish_can,tuna_fish_can,stack5_scene0007
並排有縫,0.4,129.6,0.0,tomato_soup_can,potted_meat_can,stack5_scene0008
同物過切,0.6949152542372881,3.4,0.29,potted_meat_can,potted_meat_can,stack5_scene0008
並排有縫,0.8,14.3,1.0,tomato_soup_can,potted_meat_can,stack5_scene0008
相疊on,0.0,39.5,0.0,tomato_soup_can,tuna_fish_can,stack5_scene0008
同物過切,0.8695652173913043,5.8,0.62,tomato_soup_can,tomato_soup_can,stack5_scene0008
並排有縫,0.8181818181818181,121.7,1.0,cups,tuna_fish_can,stack5_scene0008
相疊on,0.6666666666666667,14.9,1.0,tuna_fish_can,tomato_soup_can,stack5_scene0008
並排有縫,0.4629629629629629,194.9,0.0,knife,potted_meat_can,stack5_scene0009
並排有縫,0.4629629629629629,205.9,1.0,knife,potted_meat_can,stack5_scene0009
同物過切,0.1428571428571429,0.8,1.0,knife,knife,stack5_scene0009
並排有縫,0.3076923076923077,129.6,1.0,wood_block,potted_meat_can,stack5_scene0009
並排有縫,0.47058823529411764,174.7,0.0,potted_meat_can,wood_block,stack5_scene0009
同物過切,0.1470588235294118,13.5,0.25,potted_meat_can,potted_meat_can,stack5_scene0009
同物過切,0.08823529411764708,0.4,0.5,wood_block,wood_block,stack5_scene0009
並排有縫,0.35,134.0,1.0,wood_block,potted_meat_can,stack5_scene0009
同物過切,0.3793103448275862,16.4,0.25,potted_meat_can,potted_meat_can,stack5_scene0009
同物過切,0.3448275862068966,1.2,1.0,potted_meat_can,potted_meat_can,stack5_scene0010
同物過切,0.7532467532467533,10.0,0.17,potted_meat_can,potted_meat_can,stack5_scene0010
同物過切,0.48051948051948057,14.0,0.17,potted_meat_can,potted_meat_can,stack5_scene0010
並排有縫,0.6756756756756757,211.2,0.0,wood_block,sponge,stack5_scene0011
相疊on,0.5555555555555556,27.5,0.5,foam_brick,sponge,stack5_scene0011
同物過切,0.32432432432432434,13.6,0.62,wood_block,wood_block,stack5_scene0011
同物過切,0.31034482758620685,0.7,1.0,padlock,padlock,stack5_scene0011
同物過切,0.18181818181818177,8.4,1.0,tennis_ball,tennis_ball,stack5_scene0011
並排有縫,0.6,201.3,1.0,wood_block,sponge,stack5_scene0011
並排有縫,0.30188679245283023,180.7,0.0,wood_block,foam_brick,stack5_scene0011
並排有縫,0.4339622641509434,188.7,1.0,wood_block,foam_brick,stack5_scene0011
並排有縫,0.5714285714285714,218.1,1.0,sponge,wood_block,stack5_scene0011
並排有縫,0.2592592592592593,160.3,0.5,foam_brick,padlock,stack5_scene0011
同物過切,0.38888888888888884,10.2,0.89,orange,orange,stack5_scene0012
同物過切,0.41666666666666663,1.3,1.0,phillips_screwdriver,phillips_screwdriver,stack5_scene0012
同物過切,0.35,7.0,0.27,sugar_box,sugar_box,stack5_scene0013
並排有縫,0.4864864864864865,173.0,1.0,foam_brick,sugar_box,stack5_scene0013
相疊on,0.55,27.8,0.38,sponge,foam_brick,stack5_scene0013
相疊on,0.8695652173913043,11.4,0.0,cracker_box,sugar_box,stack5_scene0014
相疊on,0.8840579710144928,4.1,0.17,cracker_box,sugar_box,stack5_scene0014
並排有縫,0.18367346938775508,181.6,1.0,cracker_box,baseball,stack5_scene0014
同物過切,0.3846153846153846,36.9,1.0,sugar_box,sugar_box,stack5_scene0014
並排有縫,0.625,129.4,0.93,cracker_box,baseball,stack5_scene0014
同物過切,0.33333333333333337,0.1,0.96,cracker_box,cracker_box,stack5_scene0014
同物過切,0.19999999999999996,2.9,0.5,bleach_cleanser,bleach_cleanser,stack5_scene0015
同物過切,0.6363636363636364,9.2,1.0,tennis_ball,tennis_ball,stack5_scene0015
同物過切,0.0625,0.5,1.0,fork,fork,stack5_scene0016
並排有縫,0.5306122448979591,87.4,0.0,mustard_bottle,tomato_soup_can,stack5_scene0016
同物過切,0.7692307692307692,0.3,1.0,tomato_soup_can,tomato_soup_can,stack5_scene0016
並排有縫,0.7051282051282051,252.5,1.0,wood_block,mustard_bottle,stack5_scene0016
相疊on,0.4024390243902439,4.1,0.12,wood_block,tomato_soup_can,stack5_scene0016
相疊on,0.9387755102040817,14.9,0.0,tomato_soup_can,wood_block,stack5_scene0016
並排有縫,0.01449275362318836,139.2,1.0,cups,master_chef_can,stack5_scene0017
並排有縫,0.5942028985507246,136.3,1.0,master_chef_can,sugar_box,stack5_scene0017
同物過切,0.9285714285714286,1.9,0.18,sugar_box,sugar_box,stack5_scene0017
並排有縫,0.6911764705882353,134.0,1.0,cups,sugar_box,stack5_scene0017
並排有縫,0.9230769230769231,136.1,0.82,master_chef_can,sugar_box,stack5_scene0017
同物過切,0.5428571428571429,3.3,1.0,padlock,padlock,stack5_scene0017
相疊on,0.6734693877551021,30.3,0.0,gelatin_box,tomato_soup_can,stack5_scene0018
並排有縫,0.5079365079365079,152.2,0.62,tomato_soup_can,cups,stack5_scene0018
並排有縫,0.2222222222222222,127.3,0.0,tomato_soup_can,cups,stack5_scene0018
相疊on,0.4838709677419355,28.4,0.4,gelatin_box,tomato_soup_can,stack5_scene0018
並排有縫,0.9,87.4,1.0,cracker_box,orange,stack5_scene0019
並排有縫,0.95,89.1,0.0,cracker_box,orange,stack5_scene0019
並排有縫,0.8333333333333334,48.2,0.8,cracker_box,orange,stack5_scene0019
同物過切,0.4,5.5,0.93,cracker_box,cracker_box,stack5_scene0019
並排有縫,0.8,227.5,1.0,cracker_box,bowl,stack5_scene0019
並排有縫,0.7,227.5,0.05,cracker_box,bowl,stack5_scene0019
並排有縫,0.05882352941176472,96.2,1.0,pear,softball,stack5_scene0020
並排有縫,0.15625,156.2,1.0,softball,pudding_box,stack5_scene0020
相疊on,0.9259259259259259,21.6,1.0,tuna_fish_can,pudding_box,stack5_scene0020
相疊on,0.4814814814814815,24.0,0.11,tuna_fish_can,pudding_box,stack5_scene0020
並排有縫,0.4666666666666667,136.7,1.0,softball,cups,stack5_scene0020
同物過切,0.7454545454545455,10.5,0.67,tuna_fish_can,tuna_fish_can,stack5_scene0020
