scene,view,childobj,parentobj,same,d_ring-d_child_mm,boundary_jump_mm,d_child_mm,d_ring_mm
stack4_scene0001,view_el30_az135,cups,cups,1,1.4,5.3,730.2,731.6
stack4_scene0001,view_el30_az135,cups,cups,1,-1.5,7.9,731.6,730.0
stack4_scene0001,view_el30_az195,wood_block,wood_block,1,-12.6,43.5,598.4,585.8
stack4_scene0001,view_el30_az195,cups,cups,1,0.3,15.9,601.5,601.8
stack4_scene0001,view_el30_az195,cups,cups,1,-0.7,6.4,602.2,601.5
stack4_scene0001,view_el30_az210,wood_block,wood_block,1,-10.3,13.3,603.7,593.4
stack4_scene0001,view_el30_az210,cups,cups,1,1.5,14.7,567.4,568.9
stack4_scene0001,view_el30_az210,cups,cups,1,-1.3,9.7,568.8,567.5
stack4_scene0001,view_el30_az240,cups,cups,1,5.6,4.5,508.7,514.3
stack4_scene0001,view_el30_az240,cups,cups,1,-5.9,22.7,514.4,508.5
stack4_scene0001,view_el30_az240,cups,cups,1,-16.5,13.7,525.4,509.0
stack4_scene0001,view_el30_az240,cups,cups,1,-16.3,13.7,525.4,509.1
stack4_scene0001,view_el30_az240,racquetball,racquetball,1,3.4,-6.1,702.7,706.0
stack4_scene0001,view_el30_az240,racquetball,racquetball,1,-3.3,-4.6,705.5,702.2
stack4_scene0001,view_el45_az135,wood_block,wood_block,1,64.2,-7.7,492.4,556.6
stack4_scene0001,view_el45_az135,cups,cups,1,-7.5,18.9,705.0,697.5
stack4_scene0001,view_el45_az135,cups,cups,1,6.4,2.2,698.0,704.4
stack4_scene0001,view_el45_az135,cups,cups,1,2.5,3.2,699.0,701.5
stack4_scene0001,view_el45_az135,cups,cups,1,-2.0,3.2,699.0,697.0
stack4_scene0001,view_el45_az225,wood_block,wood_block,1,-27.6,27.1,596.6,569.0
stack4_scene0001,view_el45_az225,cups,cups,1,1.1,10.2,544.1,545.2
stack4_scene0001,view_el45_az225,cups,cups,1,3.6,3.5,541.9,545.5
stack4_scene0001,view_el45_az225,racquetball,racquetball,1,-8.5,15.6,708.6,700.1
stack4_scene0001,view_el45_az225,racquetball,racquetball,1,-8.5,15.6,708.6,700.1
stack4_scene0001,view_el60_az180,wood_block,wood_block,1,-29.3,18.9,565.1,535.8
stack4_scene0001,view_el60_az180,wood_block,wood_block,1,21.3,17.3,533.3,554.6
stack4_scene0001,view_el60_az180,cups,cups,1,0.7,8.8,614.4,615.1
stack4_scene0001,view_el60_az180,wood_block,wood_block,1,6.8,-1.8,544.5,551.3
stack4_scene0001,view_el60_az195,wood_block,wood_block,1,50.7,-17.3,516.8,567.5
stack4_scene0001,view_el60_az195,wood_block,wood_block,1,-22.3,-18.8,570.7,548.4
stack4_scene0001,view_el60_az195,cups,cups,1,2.5,8.3,593.1,595.6
stack4_scene0001,view_el60_az195,cups,cups,1,-11.0,24.1,602.8,591.7
stack4_scene0001,view_el60_az195,cups,cups,1,-6.9,-2.4,600.6,593.7
stack4_scene0001,view_el60_az195,cups,cups,1,-9.1,-2.9,600.6,591.5
stack4_scene0001,view_el60_az255,wood_block,wood_block,1,-70.0,13.0,590.6,520.6
stack4_scene0001,view_el60_az255,wood_block,wood_block,1,67.3,5.1,521.3,588.5
stack4_scene0001,view_el60_az255,cups,cups,1,19.8,-2.4,515.8,535.6
stack4_scene0001,view_el60_az255,cups,cups,1,-28.5,16.0,558.0,529.4
stack4_scene0001,view_el60_az255,cups,cups,1,-7.9,17.9,537.3,529.4
stack4_scene0001,view_el60_az255,racquetball,racquetball,1,-7.5,12.5,649.4,641.9
stack4_scene0001,view_el75_az105,wood_block,wood_block,1,-0.5,-31.7,510.8,510.3
stack4_scene0001,view_el75_az105,cups,cups,1,1.5,2.2,637.4,638.9
stack4_scene0001,view_el75_az105,cups,cups,1,10.3,-0.9,630.3,640.7
stack4_scene0001,view_el75_az105,cups,cups,1,12.0,-7.0,630.3,642.3
stack4_scene0001,view_el75_az225,wood_block,wood_block,1,43.4,1.9,514.6,558.0
stack4_scene0001,view_el75_az225,wood_block,wood_block,1,-35.9,-17.5,559.6,523.8
stack4_scene0001,view_el75_az225,wood_block,wood_block,1,-25.1,11.6,554.4,529.3
stack4_scene0001,view_el75_az225,wood_block,wood_block,1,32.6,-9.1,554.4,587.0
stack4_scene0001,view_el75_az225,cups,cups,1,12.8,-6.1,564.9,577.6
stack4_scene0001,view_el90,cups,cups,1,10.0,5.0,591.5,601.5
stack4_scene0001,view_el90,cups,cups,1,10.0,-5.0,591.5,601.5
stack4_scene0001,view_el90,cups,cups,1,10.0,-7.5,591.5,601.5
stack5_scene0001,view_el30_az135,cracker_box,cracker_box,1,-55.7,-2.5,638.7,583.0
stack5_scene0001,view_el30_az135,cracker_box,cracker_box,1,-57.7,-15.4,635.5,577.7
stack5_scene0001,view_el30_az135,cracker_box,cracker_box,1,33.9,12.4,564.4,598.3
stack5_scene0001,view_el30_az135,cracker_box,cracker_box,1,35.9,19.2,559.9,595.8
stack5_scene0001,view_el30_az135,cracker_box,cracker_box,1,12.5,23.5,559.9,572.4
stack5_scene0001,view_el30_az135,cracker_box,cracker_box,1,9.2,14.7,584.1,593.3
stack5_scene0001,view_el30_az135,cracker_box,cracker_box,1,-25.0,2.8,584.1,559.1
stack5_scene0001,view_el30_az135,cracker_box,cracker_box,1,12.1,-0.7,581.2,593.3
stack5_scene0001,view_el30_az135,cracker_box,cracker_box,1,-17.2,,581.2,564.0
stack5_scene0001,view_el30_az135,cracker_box,cracker_box,1,84.0,-8.9,510.4,594.4
stack5_scene0001,view_el30_az135,flat_screwdriver,flat_screwdriver,1,-52.2,23.6,802.0,749.8
stack5_scene0001,view_el30_az135,flat_screwdriver,flat_screwdriver,1,-52.9,26.4,802.0,749.1
stack5_scene0001,view_el30_az135,cracker_box,cracker_box,1,-3.6,13.1,596.4,592.8
stack5_scene0001,view_el30_az135,cracker_box,cracker_box,1,46.4,13.1,596.4,642.8
stack5_scene0001,view_el30_az135,cracker_box,cracker_box,1,1.4,-124.4,591.7,593.0
stack5_scene0001,view_el30_az135,cracker_box,cracker_box,1,-102.4,52.3,694.6,592.2
stack5_scene0001,view_el30_az135,cracker_box,cracker_box,1,-61.0,52.3,694.6,633.6
stack5_scene0001,view_el30_az135,cracker_box,cracker_box,1,-28.4,-0.8,621.1,592.8
stack5_scene0001,view_el30_az135,cracker_box,cracker_box,1,21.7,-0.8,621.1,642.8
stack5_scene0001,view_el30_az135,cracker_box,cracker_box,1,-50.9,105.4,643.6,592.8
stack5_scene0001,view_el30_az135,cracker_box,cracker_box,1,-5.3,105.4,643.6,638.4
stack5_scene0001,view_el30_az135,cracker_box,cracker_box,1,5.2,-5.6,587.8,593.0
stack5_scene0001,view_el30_az135,cracker_box,cracker_box,1,48.3,-5.6,587.8,636.2
stack5_scene0001,view_el30_az135,cracker_box,cracker_box,1,5.9,-6.0,587.2,593.1
stack5_scene0001,view_el30_az135,cracker_box,cracker_box,1,49.0,-6.0,587.2,636.1
stack5_scene0001,view_el30_az135,flat_screwdriver,flat_screwdriver,1,30.9,-0.8,762.2,793.1
stack5_scene0001,view_el30_az135,flat_screwdriver,flat_screwdriver,1,30.9,-0.8,762.2,793.1
stack5_scene0001,view_el30_az135,cracker_box,cracker_box,1,-65.0,44.0,657.6,592.5
stack5_scene0001,view_el30_az135,cracker_box,cracker_box,1,-23.1,44.0,657.6,634.5
stack5_scene0001,view_el30_az135,master_chef_can,master_chef_can,1,28.2,,709.4,737.6
stack5_scene0001,view_el30_az135,cracker_box,cracker_box,1,28.4,,564.9,593.3
stack5_scene0001,view_el30_az135,flat_screwdriver,flat_screwdriver,1,81.7,,711.5,793.2
stack5_scene0001,view_el30_az135,flat_screwdriver,flat_screwdriver,1,81.7,,711.5,793.2
stack5_scene0001,view_el30_az195,cracker_box,cracker_box,1,-41.3,15.9,589.0,547.7
stack5_scene0001,view_el30_az195,cracker_box,cracker_box,1,-8.2,0.4,561.8,553.6
stack5_scene0001,view_el30_az195,master_chef_can,master_chef_can,1,27.3,-8.1,566.6,593.9
stack5_scene0001,view_el30_az195,master_chef_can,master_chef_can,1,-9.6,1.7,594.0,584.4
stack5_scene0001,view_el30_az195,cracker_box,cracker_box,1,-43.2,-6.4,597.6,554.4
stack5_scene0001,view_el30_az195,cracker_box,cracker_box,1,-9.7,-6.4,597.6,587.9
stack5_scene0001,view_el30_az195,cracker_box,cracker_box,1,12.5,-0.8,542.7,555.3
stack5_scene0001,view_el30_az195,cracker_box,cracker_box,1,-66.5,-0.3,621.1,554.7
stack5_scene0001,view_el30_az195,cracker_box,cracker_box,1,-32.9,-0.3,621.1,588.3
stack5_scene0001,view_el30_az195,cracker_box,cracker_box,1,-7.2,18.3,561.9,554.7
stack5_scene0001,view_el30_az195,cracker_box,cracker_box,1,-0.1,18.3,561.9,561.8
stack5_scene0001,view_el30_az195,cracker_box,cracker_box,1,-6.1,,560.5,554.4
stack5_scene0001,view_el30_az195,cracker_box,cracker_box,1,28.5,,560.5,589.0
stack5_scene0001,view_el30_az195,cracker_box,cracker_box,1,-29.5,23.7,584.2,554.7
stack5_scene0001,view_el30_az195,cracker_box,cracker_box,1,-22.4,23.7,584.2,561.8
stack5_scene0001,view_el30_az195,cracker_box,cracker_box,1,10.9,-44.4,544.1,554.9
stack5_scene0001,view_el30_az195,cracker_box,cracker_box,1,17.9,-44.4,544.1,561.9
stack5_scene0001,view_el30_az195,master_chef_can,master_chef_can,1,-21.1,-4.1,605.0,584.0
stack5_scene0001,view_el30_az210,master_chef_can,master_chef_can,1,-28.3,0.9,558.0,529.6
stack5_scene0001,view_el30_az210,cracker_box,cracker_box,1,-18.5,13.9,577.4,558.9
stack5_scene0001,view_el30_az210,cracker_box,cracker_box,1,-48.8,17.9,600.0,551.3
stack5_scene0001,view_el30_az210,master_chef_can,master_chef_can,1,-8.8,14.3,555.5,546.6
stack5_scene0001,view_el30_az210,master_chef_can,master_chef_can,1,3.0,14.3,555.5,558.5
stack5_scene0001,view_el30_az210,master_chef_can,master_chef_can,1,27.6,-9.7,529.6,557.2
stack5_scene0001,view_el30_az210,cracker_box,cracker_box,1,0.6,53.0,560.8,561.4
stack5_scene0001,view_el30_az210,cracker_box,cracker_box,1,-45.4,4.8,606.6,561.3
stack5_scene0001,view_el30_az210,cracker_box,cracker_box,1,-31.2,4.8,606.6,575.5
stack5_scene0001,view_el30_az210,cracker_box,cracker_box,1,1.4,4.7,560.0,561.4
stack5_scene0001,view_el30_az210,cracker_box,cracker_box,1,15.4,-88.6,546.0,561.4
stack5_scene0001,view_el30_az210,cracker_box,cracker_box,1,31.6,-88.6,546.0,577.6
stack5_scene0001,view_el30_az210,cracker_box,cracker_box,1,-2.0,,563.3,561.3
stack5_scene0001,view_el30_az210,cracker_box,cracker_box,1,14.7,,563.3,578.0
stack5_scene0001,view_el30_az210,cracker_box,cracker_box,1,-13.0,-24.4,574.1,561.0
stack5_scene0001,view_el30_az210,cracker_box,cracker_box,1,29.4,-24.4,574.1,603.4
stack5_scene0001,view_el30_az210,cracker_box,cracker_box,1,-69.5,-106.4,629.9,560.4
stack5_scene0001,view_el30_az210,cracker_box,cracker_box,1,-32.7,-106.4,629.9,597.2
stack5_scene0001,view_el30_az210,cracker_box,cracker_box,1,-163.3,-3.2,723.6,560.2
stack5_scene0001,view_el30_az210,cracker_box,cracker_box,1,-128.2,-3.2,723.6,595.4
stack5_scene0001,view_el30_az240,master_chef_can,master_chef_can,1,4.4,-6.6,485.5,490.0
stack5_scene0001,view_el30_az240,master_chef_can,master_chef_can,1,9.6,-10.3,478.1,487.7
stack5_scene0001,view_el30_az240,master_chef_can,master_chef_can,1,8.1,-10.3,478.1,486.2
stack5_scene0001,view_el30_az240,master_chef_can,master_chef_can,1,-2.4,6.9,488.6,486.2
stack5_scene0001,view_el30_az240,cracker_box,cracker_box,1,0.8,13.0,575.3,576.1
stack5_scene0001,view_el30_az240,cracker_box,cracker_box,1,-2.2,-11.7,577.7,575.5
stack5_scene0001,view_el30_az240,cracker_box,cracker_box,1,-22.3,8.8,593.3,571.0
stack5_scene0001,view_el30_az240,cracker_box,cracker_box,1,-23.5,39.3,598.6,575.1
stack5_scene0001,view_el30_az240,cracker_box,cracker_box,1,-29.2,20.7,598.6,569.4
stack5_scene0001,view_el30_az240,cracker_box,cracker_box,1,3.7,-20.0,572.6,576.3
stack5_scene0001,view_el30_az240,cracker_box,cracker_box,1,5.4,-26.7,572.6,578.0
stack5_scene0001,view_el30_az240,cracker_box,cracker_box,1,9.2,-0.3,567.5,576.7
stack5_scene0001,view_el30_az240,cracker_box,cracker_box,1,14.1,,567.5,581.6
stack5_scene0001,view_el30_az240,cracker_box,cracker_box,1,57.3,6.1,520.6,577.9
stack5_scene0001,view_el30_az240,cracker_box,cracker_box,1,78.6,-29.0,499.3,577.8
stack5_scene0001,view_el30_az240,cracker_box,cracker_box,1,34.3,-7.5,542.0,576.4
stack5_scene0001,view_el30_az240,cracker_box,cracker_box,1,38.0,-8.1,542.0,580.0
stack5_scene0001,view_el30_az240,master_chef_can,master_chef_can,1,38.4,-19.5,449.1,487.5
stack5_scene0001,view_el30_az240,master_chef_can,master_chef_can,1,40.4,-19.5,449.1,489.6
stack5_scene0001,view_el30_az240,cracker_box,cracker_box,1,52.9,-69.2,523.5,576.4
stack5_scene0001,view_el30_az240,flat_screwdriver,master_chef_can,0,-195.7,102.9,682.2,486.6
stack5_scene0001,view_el30_az240,cracker_box,cracker_box,1,1.8,-20.9,574.2,576.0
stack5_scene0001,view_el30_az240,cracker_box,cracker_box,1,13.0,-8.1,563.3,576.3
stack5_scene0001,view_el30_az240,cracker_box,cracker_box,1,15.6,-8.1,563.3,578.9
stack5_scene0001,view_el45_az135,cracker_box,cracker_box,1,-29.6,26.6,607.9,578.2
stack5_scene0001,view_el45_az135,cracker_box,cracker_box,1,-24.0,-6.6,598.8,574.8
stack5_scene0001,view_el45_az135,cracker_box,cracker_box,1,32.2,4.9,553.2,585.5
stack5_scene0001,view_el45_az135,master_chef_can,cracker_box,0,-111.5,27.7,684.5,572.9
stack5_scene0001,view_el45_az135,flat_screwdriver,flat_screwdriver,1,-69.6,,762.4,692.8
stack5_scene0001,view_el45_az135,master_chef_can,cracker_box,0,-126.2,40.7,702.7,576.6
stack5_scene0001,view_el45_az135,master_chef_can,master_chef_can,1,-37.2,39.1,702.7,665.6
stack5_scene0001,view_el45_az135,master_chef_can,cracker_box,0,-86.9,7.5,665.1,578.2
stack5_scene0001,view_el45_az135,master_chef_can,master_chef_can,1,37.0,,665.1,702.1
stack5_scene0001,view_el45_az135,cracker_box,cracker_box,1,45.9,-27.6,536.7,582.6
stack5_scene0001,view_el45_az135,cracker_box,cracker_box,1,18.2,-38.3,536.7,554.9
stack5_scene0001,view_el45_az135,cracker_box,cracker_box,1,83.3,26.6,499.7,583.0
stack5_scene0001,view_el45_az135,cracker_box,cracker_box,1,-71.6,-11.0,652.9,581.3
stack5_scene0001,view_el45_az135,cracker_box,cracker_box,1,-82.3,-21.6,663.3,581.0
stack5_scene0001,view_el45_az135,cracker_box,cracker_box,1,-29.5,13.0,611.0,581.4
stack5_scene0001,view_el45_az135,cracker_box,cracker_box,1,-3.6,13.0,611.0,607.3
stack5_scene0001,view_el45_az135,cracker_box,cracker_box,1,-36.7,1.5,618.4,581.7
stack5_scene0001,view_el45_az135,cracker_box,cracker_box,1,-20.4,1.5,618.4,598.0
stack5_scene0001,view_el45_az135,flat_screwdriver,flat_screwdriver,1,69.5,,693.2,762.7
stack5_scene0001,view_el45_az135,cracker_box,cracker_box,1,-61.7,4.3,643.5,581.8
stack5_scene0001,view_el45_az135,cracker_box,cracker_box,1,-36.4,4.3,643.5,607.1
stack5_scene0001,view_el45_az135,cracker_box,cracker_box,1,62.2,,520.3,582.4
stack5_scene0001,view_el45_az135,cracker_box,cracker_box,1,90.0,,520.3,610.3
stack5_scene0001,view_el45_az135,cracker_box,cracker_box,1,92.1,7.3,490.6,582.6
stack5_scene0001,view_el45_az135,cracker_box,cracker_box,1,4.9,-6.3,577.3,582.2
stack5_scene0001,view_el45_az135,cracker_box,cracker_box,1,23.3,-6.3,577.3,600.7
stack5_scene0001,view_el45_az135,cracker_box,cracker_box,1,20.3,-81.1,561.6,581.9
stack5_scene0001,view_el45_az135,cracker_box,cracker_box,1,37.6,-81.1,561.6,599.2
stack5_scene0001,view_el45_az135,cracker_box,cracker_box,1,6.1,,576.1,582.1
stack5_scene0001,view_el45_az225,master_chef_can,master_chef_can,1,-27.8,27.7,523.1,495.3
stack5_scene0001,view_el45_az225,master_chef_can,master_chef_can,1,27.8,0.2,495.3,523.1
stack5_scene0001,view_el45_az225,cracker_box,cracker_box,1,1.6,-37.2,548.9,550.5
stack5_scene0001,view_el45_az225,cracker_box,cracker_box,1,-41.6,-13.2,583.7,542.1
stack5_scene0001,view_el45_az225,master_chef_can,master_chef_can,1,12.9,-12.9,502.1,515.0
stack5_scene0001,view_el45_az225,master_chef_can,master_chef_can,1,29.1,-12.9,502.1,531.2
stack5_scene0001,view_el45_az225,flat_screwdriver,flat_screwdriver,1,8.1,,718.0,726.1
stack5_scene0001,view_el45_az225,cracker_box,cracker_box,1,7.7,-3.4,542.8,550.5
stack5_scene0001,view_el45_az225,cracker_box,cracker_box,1,26.0,-6.6,525.4,551.5
stack5_scene0001,view_el45_az225,cracker_box,cracker_box,1,79.8,6.6,473.0,552.9
stack5_scene0001,view_el45_az225,cracker_box,cracker_box,1,-24.8,12.4,573.3,548.5
stack5_scene0001,view_el45_az225,cracker_box,cracker_box,1,-151.9,-10.8,700.9,548.9
stack5_scene0001,view_el45_az225,cracker_box,cracker_box,1,-27.0,-56.9,577.4,550.4
stack5_scene0001,view_el45_az225,cracker_box,cracker_box,1,-28.5,-56.9,577.4,548.9
stack5_scene0001,view_el45_az225,master_chef_can,master_chef_can,1,42.2,1.0,469.3,511.4
stack5_scene0001,view_el45_az225,master_chef_can,master_chef_can,1,27.3,1.0,469.3,496.5
stack5_scene0001,view_el45_az225,cracker_box,cracker_box,1,-19.6,-11.6,569.3,549.7
stack5_scene0001,view_el45_az225,cracker_box,cracker_box,1,-23.6,-11.6,569.3,545.7
stack5_scene0001,view_el45_az225,master_chef_can,master_chef_can,1,-23.1,-2.5,534.2,511.1
stack5_scene0001,view_el45_az225,master_chef_can,master_chef_can,1,-38.9,-2.5,534.2,495.3
stack5_scene0001,view_el45_az225,cracker_box,cracker_box,1,10.5,-2.1,540.1,550.6
stack5_scene0001,view_el45_az225,cracker_box,cracker_box,1,10.9,-2.1,540.1,551.0
stack5_scene0001,view_el45_az225,cracker_box,cracker_box,1,6.8,3.3,543.7,550.5
stack5_scene0001,view_el45_az225,cracker_box,cracker_box,1,44.4,1.6,543.7,588.1
stack5_scene0001,view_el45_az225,cracker_box,cracker_box,1,38.8,-2.5,512.2,551.0
stack5_scene0001,view_el45_az225,flat_screwdriver,flat_screwdriver,1,-8.1,,726.2,718.1
stack5_scene0001,view_el60_az180,master_chef_can,master_chef_can,1,36.9,15.8,566.3,603.2
stack5_scene0001,view_el60_az180,master_chef_can,master_chef_can,1,-36.9,36.4,603.2,566.3
stack5_scene0001,view_el60_az180,cracker_box,cracker_box,1,-47.0,-37.4,561.0,514.0
stack5_scene0001,view_el60_az180,cracker_box,cracker_box,1,-47.0,-37.4,561.0,514.0
stack5_scene0001,view_el60_az180,cracker_box,cracker_box,1,-21.3,-4.3,543.9,522.6
stack5_scene0001,view_el60_az180,cracker_box,cracker_box,1,-21.3,-4.3,543.9,522.6
stack5_scene0001,view_el60_az180,master_chef_can,master_chef_can,1,-5.7,-13.0,591.3,585.5
stack5_scene0001,view_el60_az180,master_chef_can,master_chef_can,1,17.0,-13.0,591.3,608.3
stack5_scene0001,view_el60_az180,cracker_box,cracker_box,1,-28.8,4.3,555.4,526.6
stack5_scene0001,view_el60_az180,cracker_box,cracker_box,1,-28.8,4.3,555.4,526.6
stack5_scene0001,view_el60_az180,master_chef_can,master_chef_can,1,-29.0,-7.1,611.6,582.6
stack5_scene0001,view_el60_az180,master_chef_can,master_chef_can,1,-11.0,-7.1,611.6,600.6
stack5_scene0001,view_el60_az180,cracker_box,cracker_box,1,45.8,4.3,481.1,527.0
stack5_scene0001,view_el60_az180,cracker_box,cracker_box,1,45.8,4.3,481.1,527.0
stack5_scene0001,view_el60_az180,cracker_box,cracker_box,1,22.0,-11.2,504.9,527.0
stack5_scene0001,view_el60_az180,cracker_box,cracker_box,1,22.0,-11.2,504.9,527.0
stack5_scene0001,view_el60_az180,cracker_box,cracker_box,1,56.3,-11.2,504.9,561.2
stack5_scene0001,view_el60_az180,master_chef_can,master_chef_can,1,46.8,-5.0,540.1,586.9
stack5_scene0001,view_el60_az180,master_chef_can,master_chef_can,1,26.8,-5.0,540.1,567.0
stack5_scene0001,view_el60_az180,cracker_box,cracker_box,1,-51.3,5.0,578.2,526.9
stack5_scene0001,view_el60_az180,cracker_box,cracker_box,1,-51.3,5.0,578.2,526.9
stack5_scene0001,view_el60_az180,cracker_box,cracker_box,1,-34.3,5.0,578.2,543.9
stack5_scene0001,view_el60_az180,cracker_box,cracker_box,1,15.5,,511.5,527.0
stack5_scene0001,view_el60_az180,cracker_box,cracker_box,1,15.5,,511.5,527.0
stack5_scene0001,view_el60_az180,cracker_box,cracker_box,1,-4.0,,530.9,526.9
stack5_scene0001,view_el60_az180,cracker_box,cracker_box,1,-4.0,,530.9,526.9
stack5_scene0001,view_el60_az180,cracker_box,cracker_box,1,30.3,,530.9,561.2
stack5_scene0001,view_el60_az180,cracker_box,cracker_box,1,-36.8,,563.4,526.6
stack5_scene0001,view_el60_az180,cracker_box,cracker_box,1,-36.8,,563.4,526.6
stack5_scene0001,view_el60_az180,cracker_box,cracker_box,1,-4.2,,563.4,559.2
stack5_scene0001,view_el60_az180,cracker_box,cracker_box,1,15.2,-8.7,511.8,526.9
stack5_scene0001,view_el60_az180,cracker_box,cracker_box,1,15.2,-8.7,511.8,526.9
stack5_scene0001,view_el60_az180,cracker_box,cracker_box,1,32.1,-8.7,511.8,543.9
stack5_scene0001,view_el60_az195,cracker_box,apple,0,144.3,-125.4,535.4,679.7
stack5_scene0001,view_el60_az195,cracker_box,apple,0,138.4,18.3,528.3,666.7
stack5_scene0001,view_el60_az195,cracker_box,apple,0,127.6,52.2,528.3,655.9
stack5_scene0001,view_el60_az195,master_chef_can,master_chef_can,1,34.7,11.8,545.7,580.4
stack5_scene0001,view_el60_az195,master_chef_can,master_chef_can,1,-34.7,39.5,580.4,545.7
stack5_scene0001,view_el60_az195,cracker_box,cracker_box,1,-6.3,-48.3,551.5,545.1
stack5_scene0001,view_el60_az195,cracker_box,cracker_box,1,-21.6,-48.3,551.5,529.9
stack5_scene0001,view_el60_az195,cracker_box,cracker_box,1,-30.8,-48.2,551.5,520.7
stack5_scene0001,view_el60_az195,cracker_box,cracker_box,1,3.2,-10.5,544.0,547.2
stack5_scene0001,view_el60_az195,cracker_box,cracker_box,1,-11.6,-10.5,544.0,532.3
stack5_scene0001,view_el60_az195,cracker_box,cracker_box,1,-20.5,-10.5,544.0,523.4
stack5_scene0001,view_el60_az195,flat_screwdriver,cracker_box,0,-164.1,242.3,709.2,545.1
stack5_scene0001,view_el60_az195,apple,cracker_box,0,-132.9,-6.9,663.0,530.0
stack5_scene0001,view_el60_az195,flat_screwdriver,cracker_box,0,-185.6,,726.0,540.4
stack5_scene0001,view_el60_az195,master_chef_can,master_chef_can,1,-1.0,-19.5,565.0,564.1
stack5_scene0001,view_el60_az195,master_chef_can,master_chef_can,1,22.3,-19.5,565.0,587.3
stack5_scene0001,view_el60_az195,cracker_box,cracker_box,1,-17.9,114.0,564.1,546.3
stack5_scene0001,view_el60_az195,cracker_box,cracker_box,1,-29.3,114.0,564.1,534.8
stack5_scene0001,view_el60_az195,cracker_box,cracker_box,1,-36.2,114.0,564.1,527.9
stack5_scene0001,view_el60_az195,cracker_box,cracker_box,1,83.0,-15.5,464.4,547.4
stack5_scene0001,view_el60_az195,cracker_box,cracker_box,1,72.3,-15.5,464.4,536.6
stack5_scene0001,view_el60_az195,cracker_box,cracker_box,1,64.9,-15.5,464.4,529.2
stack5_scene0001,view_el60_az195,master_chef_can,master_chef_can,1,-30.4,69.6,594.6,564.2
stack5_scene0001,view_el60_az195,master_chef_can,master_chef_can,1,-49.3,69.6,594.6,545.3
stack5_scene0001,view_el60_az195,cracker_box,cracker_box,1,47.5,0.6,499.8,547.3
stack5_scene0001,view_el60_az195,cracker_box,cracker_box,1,36.5,0.6,499.8,536.3
stack5_scene0001,view_el60_az195,cracker_box,cracker_box,1,29.2,0.6,499.8,529.0
stack5_scene0001,view_el60_az195,cracker_box,cracker_box,1,54.3,0.6,499.8,554.1
stack5_scene0001,view_el60_az195,cracker_box,cracker_box,1,6.4,13.2,540.4,546.8
stack5_scene0001,view_el60_az195,cracker_box,cracker_box,1,-5.2,13.2,540.4,535.2
stack5_scene0001,view_el60_az195,cracker_box,cracker_box,1,-12.3,13.2,540.4,528.1
stack5_scene0001,view_el60_az195,cracker_box,cracker_box,1,3.8,13.2,540.4,544.2
stack5_scene0001,view_el60_az195,master_chef_can,master_chef_can,1,-40.6,-0.5,601.2,560.6
stack5_scene0001,view_el60_az195,master_chef_can,master_chef_can,1,-23.7,1.7,601.2,577.5
stack5_scene0001,view_el60_az195,cracker_box,cracker_box,1,-18.4,-11.2,564.4,546.0
stack5_scene0001,view_el60_az195,cracker_box,cracker_box,1,-29.9,-11.2,564.4,534.6
stack5_scene0001,view_el60_az195,cracker_box,cracker_box,1,-36.8,-11.2,564.4,527.6
stack5_scene0001,view_el60_az195,cracker_box,cracker_box,1,-15.6,-11.2,564.4,548.8
stack5_scene0001,view_el60_az195,cracker_box,cracker_box,1,16.7,,530.5,547.2
stack5_scene0001,view_el60_az195,cracker_box,cracker_box,1,5.5,,530.5,535.9
stack5_scene0001,view_el60_az195,cracker_box,cracker_box,1,-2.2,,530.5,528.2
stack5_scene0001,view_el60_az195,cracker_box,cracker_box,1,23.2,,530.5,553.6
stack5_scene0001,view_el60_az195,cracker_box,cracker_box,1,-43.3,32.3,589.8,546.5
stack5_scene0001,view_el60_az195,cracker_box,cracker_box,1,-54.8,32.3,589.8,535.1
stack5_scene0001,view_el60_az195,cracker_box,cracker_box,1,-61.6,32.3,589.8,528.2
stack5_scene0001,view_el60_az195,cracker_box,cracker_box,1,-46.2,32.3,589.8,543.6
stack5_scene0001,view_el60_az195,cracker_box,cracker_box,1,9.2,-9.9,537.8,547.0
stack5_scene0001,view_el60_az195,cracker_box,cracker_box,1,-2.6,-9.9,537.8,535.2
stack5_scene0001,view_el60_az195,cracker_box,cracker_box,1,-10.0,-9.9,537.8,527.8
stack5_scene0001,view_el60_az195,cracker_box,cracker_box,1,7.9,-9.9,537.8,545.7
stack5_scene0001,view_el60_az195,cracker_box,cracker_box,1,53.7,-2.5,493.6,547.3
stack5_scene0001,view_el60_az195,cracker_box,cracker_box,1,42.7,-2.5,493.6,536.3
stack5_scene0001,view_el60_az195,cracker_box,cracker_box,1,35.4,-2.5,493.6,529.0
stack5_scene0001,view_el60_az255,master_chef_can,master_chef_can,1,-5.7,24.2,491.3,485.6
stack5_scene0001,view_el60_az255,master_chef_can,master_chef_can,1,-24.3,34.8,502.3,478.0
stack5_scene0001,view_el60_az255,cracker_box,cracker_box,1,-24.8,-20.5,545.4,520.5
stack5_scene0001,view_el60_az255,flat_screwdriver,flat_screwdriver,1,36.3,,634.5,670.8
stack5_scene0001,view_el60_az255,cracker_box,cracker_box,1,-87.0,27.2,606.8,519.8
stack5_scene0001,view_el60_az255,cracker_box,cracker_box,1,-15.5,-15.7,538.0,522.5
stack5_scene0001,view_el60_az255,cracker_box,cracker_box,1,24.0,-13.3,538.0,562.0
stack5_scene0001,view_el60_az255,cracker_box,cracker_box,1,28.1,-15.2,498.8,526.8
stack5_scene0001,view_el60_az255,cracker_box,cracker_box,1,57.6,-18.5,498.8,556.4
stack5_scene0001,view_el60_az255,cracker_box,cracker_box,1,-56.4,-0.4,578.1,521.7
stack5_scene0001,view_el60_az255,cracker_box,cracker_box,1,-50.3,24.7,578.1,527.8
stack5_scene0001,view_el60_az255,master_chef_can,master_chef_can,1,-70.8,12.2,557.6,486.9
stack5_scene0001,view_el60_az255,master_chef_can,master_chef_can,1,-67.5,12.2,557.6,490.1
stack5_scene0001,view_el60_az255,flat_screwdriver,flat_screwdriver,1,-36.0,,670.6,634.6
stack5_scene0001,view_el60_az255,flat_screwdriver,flat_screwdriver,1,8.3,7.6,631.2,639.5
stack5_scene0001,view_el60_az255,flat_screwdriver,flat_screwdriver,1,4.1,7.6,631.2,635.3
stack5_scene0001,view_el60_az255,cracker_box,cracker_box,1,22.3,4.7,503.7,526.0
stack5_scene0001,view_el60_az255,cracker_box,cracker_box,1,25.2,,500.5,525.7
stack5_scene0001,view_el75_az105,master_chef_can,master_chef_can,1,40.9,-2.5,582.7,623.6
stack5_scene0001,view_el75_az105,master_chef_can,master_chef_can,1,-40.2,50.6,623.6,583.5
stack5_scene0001,view_el75_az105,flat_screwdriver,flat_screwdriver,1,-13.4,,651.5,638.1
stack5_scene0001,view_el75_az105,master_chef_can,master_chef_can,1,-18.3,-22.8,614.7,596.4
stack5_scene0001,view_el75_az105,master_chef_can,master_chef_can,1,17.5,-22.8,614.7,632.2
stack5_scene0001,view_el75_az105,cracker_box,cracker_box,1,25.3,-55.9,503.3,528.6
stack5_scene0001,view_el75_az105,flat_screwdriver,flat_screwdriver,1,13.2,,638.1,651.3
stack5_scene0001,view_el75_az105,flat_screwdriver,flat_screwdriver,1,2.8,-1.9,646.3,649.1
stack5_scene0001,view_el75_az105,flat_screwdriver,flat_screwdriver,1,5.6,-1.9,646.3,651.9
stack5_scene0001,view_el75_az105,master_chef_can,master_chef_can,1,-23.2,31.6,624.4,601.2
stack5_scene0001,view_el75_az105,master_chef_can,master_chef_can,1,-42.6,31.6,624.4,581.8
stack5_scene0001,view_el75_az105,cracker_box,cracker_box,1,-78.2,30.2,603.3,525.2
stack5_scene0001,view_el75_az105,flat_screwdriver,flat_screwdriver,1,3.6,,645.6,649.2
stack5_scene0001,view_el75_az105,flat_screwdriver,flat_screwdriver,1,7.1,,645.6,652.7
stack5_scene0001,view_el75_az225,cracker_box,apple,0,126.6,-77.8,516.9,643.5
stack5_scene0001,view_el75_az225,master_chef_can,master_chef_can,1,41.9,4.3,520.2,562.1
stack5_scene0001,view_el75_az225,apple,apple,1,17.3,-5.9,643.6,660.9
stack5_scene0001,view_el75_az225,flat_screwdriver,flat_screwdriver,1,10.8,,658.1,669.0
stack5_scene0001,view_el75_az225,master_chef_can,master_chef_can,1,-43.9,55.1,563.7,519.9
stack5_scene0001,view_el75_az225,cracker_box,cracker_box,1,-43.3,63.6,564.6,521.3
stack5_scene0001,view_el75_az225,cracker_box,cracker_box,1,-56.7,63.6,564.6,507.9
stack5_scene0001,view_el75_az225,apple,apple,1,-17.3,4.7,660.9,643.6
stack5_scene0001,view_el75_az225,master_chef_can,master_chef_can,1,55.6,-1.0,480.8,536.4
stack5_scene0001,view_el75_az225,master_chef_can,master_chef_can,1,40.2,-1.0,480.8,521.0
stack5_scene0001,view_el75_az225,cracker_box,cracker_box,1,32.2,-8.3,497.7,530.0
stack5_scene0001,view_el75_az225,cracker_box,cracker_box,1,20.0,-8.3,497.7,517.8
stack5_scene0001,view_el75_az225,flat_screwdriver,flat_screwdriver,1,-10.8,,669.0,658.1
stack5_scene0001,view_el75_az225,flat_screwdriver,flat_screwdriver,1,11.8,5.0,651.2,663.1
stack5_scene0001,view_el75_az225,flat_screwdriver,flat_screwdriver,1,9.9,5.0,651.2,661.1
stack5_scene0001,view_el75_az225,master_chef_can,master_chef_can,1,-16.2,32.6,550.7,534.5
stack5_scene0001,view_el75_az225,master_chef_can,master_chef_can,1,-33.5,32.6,550.7,517.3
stack5_scene0001,view_el75_az225,flat_screwdriver,flat_screwdriver,1,11.5,-16.3,651.5,662.9
stack5_scene0001,view_el75_az225,flat_screwdriver,flat_screwdriver,1,9.7,-16.3,651.5,661.1
stack5_scene0001,view_el75_az225,cracker_box,cracker_box,1,37.6,20.2,491.8,529.4
stack5_scene0001,view_el75_az225,cracker_box,cracker_box,1,25.7,20.2,491.8,517.5
stack5_scene0001,view_el75_az225,cracker_box,cracker_box,1,84.6,19.8,444.5,529.1
stack5_scene0001,view_el75_az225,cracker_box,cracker_box,1,73.0,19.8,444.5,517.5
stack5_scene0001,view_el75_az225,cracker_box,cracker_box,1,-37.8,10.6,565.8,528.0
stack5_scene0001,view_el75_az225,cracker_box,cracker_box,1,-49.3,10.6,565.8,516.5
stack5_scene0001,view_el90,master_chef_can,master_chef_can,1,50.0,-5.0,536.5,586.5
stack5_scene0001,view_el90,apple,apple,1,25.0,-15.0,591.7,616.7
stack5_scene0001,view_el90,flat_screwdriver,flat_screwdriver,1,10.0,,626.6,636.6
stack5_scene0001,view_el90,master_chef_can,master_chef_can,1,-50.0,47.5,586.5,536.5
stack5_scene0001,view_el90,cracker_box,cracker_box,1,-30.0,52.5,541.5,511.5
stack5_scene0001,view_el90,apple,apple,1,-25.0,10.0,616.7,591.7
stack5_scene0001,view_el90,cracker_box,cracker_box,1,-80.1,25.0,591.6,511.5
stack5_scene0001,view_el90,flat_screwdriver,flat_screwdriver,1,-10.0,,636.6,626.6
stack5_scene0001,view_el90,master_chef_can,master_chef_can,1,-55.0,7.5,611.4,556.5
stack5_scene0001,view_el90,master_chef_can,master_chef_can,1,-75.0,7.5,611.4,536.5
stack5_scene0001,view_el90,flat_screwdriver,flat_screwdriver,1,15.0,0.0,616.6,631.5
stack5_scene0001,view_el90,flat_screwdriver,flat_screwdriver,1,10.0,0.0,616.6,626.6
stack5_scene0001,view_el90,master_chef_can,master_chef_can,1,15.1,12.5,541.4,556.5
stack5_scene0001,view_el90,master_chef_can,master_chef_can,1,-5.0,12.5,541.4,536.5
stack5_scene0001,view_el90,cracker_box,cracker_box,1,15.0,-10.0,496.6,511.6
stack5_scene0001,view_el90,cracker_box,cracker_box,1,15.1,12.5,496.5,511.6
stack3_scene0005,view_el30_az135,foam_brick,gelatin_box,0,2.2,-29.8,572.4,574.6
stack3_scene0005,view_el30_az135,gelatin_box,foam_brick,0,-1.8,1.4,574.1,572.3
stack3_scene0005,view_el30_az135,gelatin_box,foam_brick,0,0.0,1.7,572.9,573.0
stack3_scene0005,view_el30_az135,gelatin_box,gelatin_box,1,3.3,1.7,572.9,576.3
stack3_scene0005,view_el30_az195,foam_brick,gelatin_box,0,-2.0,-21.7,595.9,593.9
stack3_scene0005,view_el30_az195,gelatin_box,foam_brick,0,2.0,-14.9,593.9,595.9
stack3_scene0005,view_el30_az210,foam_brick,gelatin_box,0,1.8,-16.6,607.3,609.1
stack3_scene0005,view_el30_az210,gelatin_box,foam_brick,0,-0.8,-9.5,608.2,607.4
stack3_scene0005,view_el30_az210,racquetball,racquetball,1,1.7,8.8,481.2,482.9
stack3_scene0005,view_el30_az240,foam_brick,gelatin_box,0,4.1,-16.1,632.8,636.9
stack3_scene0005,view_el30_az240,gelatin_box,foam_brick,0,-4.3,10.8,637.0,632.7
stack3_scene0005,view_el30_az240,racquetball,racquetball,1,-5.2,-0.7,479.7,474.5
stack3_scene0005,view_el30_az240,racquetball,racquetball,1,6.2,,474.3,480.5
stack3_scene0005,view_el45_az135,foam_brick,gelatin_box,0,11.0,-8.8,568.1,579.1
stack3_scene0005,view_el45_az135,gelatin_box,foam_brick,0,-11.0,13.4,579.1,568.1
stack3_scene0005,view_el45_az135,foam_brick,foam_brick,1,-10.4,9.0,582.1,571.7
stack3_scene0005,view_el45_az135,foam_brick,foam_brick,1,-14.1,9.0,582.1,568.0
stack3_scene0005,view_el45_az225,foam_brick,gelatin_box,0,15.0,-16.4,607.0,622.0
stack3_scene0005,view_el45_az225,gelatin_box,foam_brick,0,-14.8,3.7,622.0,607.2
stack3_scene0005,view_el60_az180,foam_brick,gelatin_box,0,21.2,-31.2,577.5,598.7
stack3_scene0005,view_el60_az180,gelatin_box,foam_brick,0,-20.8,12.3,598.4,577.6
stack3_scene0005,view_el60_az180,gelatin_box,foam_brick,0,-20.8,16.0,598.4,577.6
stack3_scene0005,view_el60_az180,foam_brick,foam_brick,1,10.5,-38.1,573.2,583.7
stack3_scene0005,view_el60_az180,foam_brick,foam_brick,1,4.3,-38.1,573.2,577.6
stack3_scene0005,view_el60_az180,foam_brick,foam_brick,1,8.7,7.4,575.1,583.7
stack3_scene0005,view_el60_az180,foam_brick,foam_brick,1,2.5,7.4,575.1,577.6
stack3_scene0005,view_el60_az180,foam_brick,foam_brick,1,-3.9,-14.9,587.5,583.5
stack3_scene0005,view_el60_az180,foam_brick,foam_brick,1,-10.1,-14.9,587.5,577.4
stack3_scene0005,view_el60_az195,foam_brick,foam_brick,1,-44.6,60.0,629.1,584.5
stack3_scene0005,view_el60_az195,foam_brick,foam_brick,1,-7.0,1.2,591.4,584.3
stack3_scene0005,view_el60_az195,foam_brick,foam_brick,1,4.5,-0.9,580.1,584.6
stack3_scene0005,view_el60_az255,foam_brick,gelatin_box,0,23.6,-10.6,609.8,633.4
stack3_scene0005,view_el60_az255,gelatin_box,foam_brick,0,-21.5,22.2,631.4,610.0
stack3_scene0005,view_el60_az255,foam_brick,foam_brick,1,24.1,-5.9,597.7,621.8
stack3_scene0005,view_el60_az255,foam_brick,foam_brick,1,15.9,,597.7,613.5
stack3_scene0005,view_el60_az255,racquetball,racquetball,1,-3.2,11.2,541.5,538.3
stack3_scene0005,view_el60_az255,foam_brick,foam_brick,1,6.2,4.3,611.3,617.4
stack3_scene0005,view_el60_az255,foam_brick,foam_brick,1,-1.4,4.3,611.3,609.8
stack3_scene0005,view_el75_az105,gelatin_box,foam_brick,0,-33.1,27.8,606.9,573.8
stack3_scene0005,view_el75_az105,foam_brick,foam_brick,1,-32.0,43.1,614.4,582.4
stack3_scene0005,view_el75_az225,foam_brick,gelatin_box,0,32.3,-19.0,591.1,623.5
stack3_scene0005,view_el75_az225,gelatin_box,foam_brick,0,-28.8,22.3,617.8,589.1
stack3_scene0005,view_el75_az225,foam_brick,foam_brick,1,-13.3,22.1,612.3,598.9
stack3_scene0005,view_el75_az225,foam_brick,foam_brick,1,-21.4,22.1,612.3,590.9
stack3_scene0005,view_el90,foam_brick,gelatin_box,0,39.9,-22.5,581.6,621.6
