scene,view,objA,objB,same,plane_step_mm,plane_step_rel,plane_step_reldepth,plane_step_relrange,region_diff_mm,tall
stack4_scene0001,view_el30_az135,wood_block,racquetball,0,109.5,4.44,189.83,1.19,159.7,1
stack4_scene0001,view_el30_az135,cups,cups,1,3.4,0.34,4.91,0.09,13.3,0
stack4_scene0001,view_el30_az195,wood_block,racquetball,0,158.4,15.64,244.76,1.74,169.2,1
stack4_scene0001,view_el30_az195,wood_block,racquetball,0,118.6,28.22,177.74,1.27,164.4,1
stack4_scene0001,view_el30_az195,cups,cups,1,5.4,0.61,9.52,0.15,5.3,0
stack4_scene0001,view_el30_az210,cups,cups,1,4.5,0.45,8.41,0.14,2.0,0
stack4_scene0001,view_el30_az240,cups,cups,1,6.3,0.66,13.05,0.19,1.0,0
stack4_scene0001,view_el30_az240,racquetball,racquetball,1,1.0,0.22,1.48,0.04,11.9,0
stack4_scene0001,view_el45_az135,wood_block,cups,0,202.7,11.94,342.05,1.65,181.3,1
stack4_scene0001,view_el45_az135,wood_block,racquetball,0,95.2,3.06,178.87,0.89,162.0,1
stack4_scene0001,view_el45_az135,cups,cups,1,2.9,0.36,4.32,0.08,1.8,0
stack4_scene0001,view_el45_az135,cups,cups,1,0.9,0.09,1.34,0.02,9.8,0
stack4_scene0001,view_el60_az180,wood_block,wood_block,1,3.6,0.13,6.98,0.03,7.4,1
stack4_scene0001,view_el60_az180,wood_block,wood_block,1,67.0,2.54,142.64,0.6,53.6,1
stack4_scene0001,view_el60_az180,wood_block,wood_block,1,6.4,0.52,12.61,0.06,25.1,1
stack4_scene0001,view_el60_az180,wood_block,wood_block,1,52.7,1.64,111.83,0.75,29.0,1
stack4_scene0001,view_el60_az195,wood_block,racquetball,0,181.2,7.31,314.18,1.58,165.7,1
stack4_scene0001,view_el60_az195,wood_block,wood_block,1,41.7,2.94,89.41,0.48,46.6,1
stack4_scene0001,view_el60_az195,wood_block,racquetball,0,170.0,11.32,294.84,2.47,196.1,1
stack4_scene0001,view_el60_az195,wood_block,racquetball,0,172.9,15.46,297.0,1.3,149.5,1
stack4_scene0001,view_el60_az195,cups,cups,1,4.2,0.37,7.31,0.09,12.6,0
stack4_scene0001,view_el60_az255,wood_block,wood_block,1,19.3,2.91,41.39,0.17,60.5,1
stack4_scene0001,view_el60_az255,cups,cups,1,7.3,1.08,14.03,0.23,12.7,0
stack4_scene0001,view_el75_az225,wood_block,wood_block,1,11.2,1.44,25.63,0.17,54.6,1
stack4_scene0001,view_el75_az225,wood_block,wood_block,1,11.8,1.53,26.89,0.18,51.3,1
stack5_scene0001,view_el30_az135,cracker_box,master_chef_can,0,127.6,13.17,199.9,1.19,167.2,1
stack5_scene0001,view_el30_az135,cracker_box,master_chef_can,0,121.7,12.86,197.1,1.19,149.2,1
stack5_scene0001,view_el30_az135,cracker_box,cracker_box,1,0.6,0.22,1.05,0.01,55.9,1
stack5_scene0001,view_el30_az135,cracker_box,master_chef_can,0,112.8,43.96,171.93,1.49,128.3,1
stack5_scene0001,view_el30_az135,cracker_box,cracker_box,1,2.4,1.13,4.86,0.04,44.8,1
stack5_scene0001,view_el30_az135,cracker_box,cracker_box,1,23.1,1.27,43.3,0.47,17.0,1
stack5_scene0001,view_el30_az135,cracker_box,cracker_box,1,0.3,0.14,0.65,0.01,15.0,1
stack5_scene0001,view_el30_az135,flat_screwdriver,flat_screwdriver,1,3.7,0.57,4.94,0.07,31.7,1
stack5_scene0001,view_el30_az135,flat_screwdriver,flat_screwdriver,1,32.4,7.73,43.64,1.2,60.8,1
stack5_scene0001,view_el30_az195,cracker_box,flat_screwdriver,0,301.9,64.07,463.27,3.35,278.5,1
stack5_scene0001,view_el30_az195,cracker_box,cracker_box,1,1.0,0.44,1.85,0.02,7.0,1
stack5_scene0001,view_el30_az210,cracker_box,flat_screwdriver,0,271.6,54.38,433.93,2.75,233.3,1
stack5_scene0001,view_el30_az210,cracker_box,apple,0,157.7,30.91,245.85,1.6,195.1,1
stack5_scene0001,view_el30_az210,master_chef_can,flat_screwdriver,0,256.5,37.35,397.45,3.54,240.8,1
stack5_scene0001,view_el30_az210,master_chef_can,master_chef_can,1,9.3,1.03,18.72,0.14,30.7,1
stack5_scene0001,view_el30_az210,master_chef_can,flat_screwdriver,0,262.2,49.25,407.61,3.69,234.1,1
stack5_scene0001,view_el30_az210,cracker_box,cracker_box,1,1.2,0.45,2.17,0.02,8.8,1
stack5_scene0001,view_el30_az210,cracker_box,apple,0,151.0,52.67,236.54,2.26,182.9,1
stack5_scene0001,view_el30_az240,master_chef_can,flat_screwdriver,0,112.5,4.43,230.06,1.72,219.8,1
stack5_scene0001,view_el30_az240,master_chef_can,master_chef_can,1,13.2,1.21,30.96,0.2,23.2,1
stack5_scene0001,view_el30_az240,master_chef_can,flat_screwdriver,0,13.3,0.33,31.29,0.28,5.6,1
stack5_scene0001,view_el30_az240,cracker_box,cracker_box,1,2.1,0.61,4.12,0.03,6.2,1
stack5_scene0001,view_el30_az240,cracker_box,cracker_box,1,4.2,0.93,7.55,0.06,32.5,1
stack5_scene0001,view_el30_az240,cracker_box,cracker_box,1,4.3,1.62,8.43,0.07,10.0,1
stack5_scene0001,view_el30_az240,cracker_box,cracker_box,1,0.3,0.28,0.63,0.01,18.5,1
stack5_scene0001,view_el30_az240,cracker_box,cracker_box,1,0.9,0.35,1.66,0.02,24.6,1
stack5_scene0001,view_el45_az135,cracker_box,master_chef_can,0,161.2,10.08,268.01,1.44,157.4,1
stack5_scene0001,view_el45_az135,cracker_box,master_chef_can,0,56.8,3.39,100.2,0.5,191.5,1
stack5_scene0001,view_el45_az135,cracker_box,master_chef_can,0,162.1,10.19,279.33,1.4,144.6,1
stack5_scene0001,view_el45_az135,cracker_box,cracker_box,1,1.0,0.32,1.91,0.01,60.0,1
stack5_scene0001,view_el45_az135,cracker_box,master_chef_can,0,144.7,21.49,226.2,1.53,93.5,1
stack5_scene0001,view_el45_az135,cracker_box,master_chef_can,0,38.7,1.84,66.07,0.5,107.7,1
stack5_scene0001,view_el45_az135,cracker_box,cracker_box,1,3.7,1.42,7.94,0.05,48.5,1
stack5_scene0001,view_el45_az135,flat_screwdriver,flat_screwdriver,1,3.0,0.53,4.19,0.05,61.5,1
stack5_scene0001,view_el45_az135,master_chef_can,master_chef_can,1,13.5,0.57,20.99,0.19,23.9,1
stack5_scene0001,view_el45_az225,master_chef_can,flat_screwdriver,0,250.4,16.45,421.22,3.05,221.6,1
stack5_scene0001,view_el45_az225,master_chef_can,flat_screwdriver,0,251.0,16.96,422.11,3.06,220.1,1
stack5_scene0001,view_el45_az225,master_chef_can,master_chef_can,1,18.0,1.73,39.99,0.24,30.1,1
stack5_scene0001,view_el45_az225,master_chef_can,flat_screwdriver,0,222.5,30.77,365.52,3.14,237.8,1
stack5_scene0001,view_el45_az225,master_chef_can,flat_screwdriver,0,222.6,32.71,365.61,3.14,236.3,1
stack5_scene0001,view_el45_az225,cracker_box,cracker_box,1,2.4,0.64,4.61,0.03,8.2,1
stack5_scene0001,view_el45_az225,cracker_box,cracker_box,1,2.0,0.7,3.88,0.03,1.0,1
stack5_scene0001,view_el45_az225,cracker_box,cracker_box,1,0.5,0.24,1.02,0.01,26.6,1
stack5_scene0001,view_el45_az225,cracker_box,cracker_box,1,2.2,0.59,4.06,0.05,35.4,1
stack5_scene0001,view_el60_az180,master_chef_can,master_chef_can,1,14.5,1.45,27.58,0.2,41.8,1
stack5_scene0001,view_el60_az180,cracker_box,cracker_box,1,1.2,0.34,2.39,0.01,29.2,1
stack5_scene0001,view_el60_az195,cracker_box,cracker_box,1,206.7,3.75,502.99,1.23,102.9,1
stack5_scene0001,view_el60_az195,cracker_box,flat_screwdriver,0,282.5,9.69,489.49,2.06,217.6,1
stack5_scene0001,view_el60_az195,cracker_box,apple,0,195.5,9.96,345.53,1.57,170.7,1
stack5_scene0001,view_el60_az195,cracker_box,flat_screwdriver,0,338.6,12.02,602.93,2.51,228.7,1
stack5_scene0001,view_el60_az195,cracker_box,flat_screwdriver,0,15.0,0.36,32.87,0.11,211.9,1
stack5_scene0001,view_el60_az195,cracker_box,apple,0,172.7,7.68,312.57,1.35,157.7,1
stack5_scene0001,view_el60_az195,cracker_box,flat_screwdriver,0,13.6,0.33,30.11,0.11,213.7,1
stack5_scene0001,view_el60_az195,cracker_box,apple,0,182.1,8.03,324.7,1.33,153.8,1
stack5_scene0001,view_el60_az195,master_chef_can,master_chef_can,1,17.7,1.71,35.15,0.24,41.2,1
stack5_scene0001,view_el60_az195,cracker_box,cracker_box,1,2.1,0.55,4.1,0.02,25.2,1
stack5_scene0001,view_el60_az255,master_chef_can,master_chef_can,1,34.6,2.78,78.5,0.57,43.2,1
stack5_scene0001,view_el60_az255,cracker_box,cracker_box,1,0.3,0.14,0.58,0.01,37.4,1
stack5_scene0001,view_el60_az255,cracker_box,cracker_box,1,2.5,0.64,4.59,0.05,40.3,1
stack5_scene0001,view_el75_az105,cracker_box,master_chef_can,0,143.6,8.48,271.88,1.0,116.4,1
stack5_scene0001,view_el75_az105,cracker_box,master_chef_can,0,153.0,16.95,287.06,1.84,148.7,1
stack5_scene0001,view_el75_az105,master_chef_can,master_chef_can,1,3.9,0.59,7.15,0.08,40.4,1
stack5_scene0001,view_el75_az105,flat_screwdriver,flat_screwdriver,1,1.9,0.72,2.96,0.12,4.9,1
stack5_scene0001,view_el75_az225,cracker_box,apple,0,192.4,11.18,361.09,2.59,187.5,1
stack5_scene0001,view_el75_az225,cracker_box,apple,0,192.3,13.22,360.34,2.79,177.9,1
stack5_scene0001,view_el75_az225,cracker_box,apple,0,100.6,3.46,170.57,1.2,188.2,1
stack5_scene0001,view_el75_az225,master_chef_can,master_chef_can,1,34.2,2.59,69.23,0.79,58.4,1
stack5_scene0001,view_el75_az225,apple,apple,1,16.2,2.03,25.84,0.49,19.6,0
stack5_scene0001,view_el75_az225,flat_screwdriver,flat_screwdriver,1,3.6,1.08,5.55,0.35,2.1,1
stack5_scene0001,view_el90,master_chef_can,master_chef_can,1,19.9,1.87,38.6,0.66,60.1,1
stack5_scene0001,view_el90,apple,apple,1,17.4,2.34,29.74,0.63,20.0,0
stack5_scene0001,view_el90,flat_screwdriver,flat_screwdriver,1,9.1,4.64,14.47,247.94,5.1,1
stack5_scene0001,view_el90,flat_screwdriver,flat_screwdriver,1,11.2,3.3,17.91,0.75,15.1,1
stack3_scene0005,view_el30_az135,foam_brick,gelatin_box,0,23.0,1.82,40.67,0.64,12.5,0
stack3_scene0005,view_el30_az195,foam_brick,gelatin_box,0,0.7,0.13,1.22,0.02,11.4,0
stack3_scene0005,view_el30_az210,foam_brick,gelatin_box,0,14.7,1.38,24.49,0.43,14.1,0
stack3_scene0005,view_el30_az210,racquetball,racquetball,1,12.6,1.69,26.68,0.59,7.2,0
stack3_scene0005,view_el30_az240,foam_brick,gelatin_box,0,27.3,2.13,43.8,0.72,19.9,0
stack3_scene0005,view_el30_az240,racquetball,racquetball,1,9.4,0.91,20.08,0.41,0.5,0
stack3_scene0005,view_el45_az135,foam_brick,gelatin_box,0,32.7,2.73,57.99,0.8,23.4,0
stack3_scene0005,view_el45_az225,foam_brick,gelatin_box,0,33.2,2.64,54.78,0.72,28.3,0
stack3_scene0005,view_el45_az225,racquetball,racquetball,1,8.2,1.13,16.92,0.34,6.7,0
stack3_scene0005,view_el60_az180,foam_brick,gelatin_box,0,21.4,2.35,37.54,0.47,32.1,0
stack3_scene0005,view_el60_az180,foam_brick,gelatin_box,0,21.0,2.3,36.79,0.46,32.0,0
stack3_scene0005,view_el60_az195,foam_brick,gelatin_box,0,23.0,2.41,39.82,0.51,31.9,0
stack3_scene0005,view_el60_az255,foam_brick,gelatin_box,0,41.3,3.48,68.18,0.84,34.6,0
stack3_scene0005,view_el60_az255,gelatin_box,foam_brick,0,27.9,3.1,45.71,0.61,31.6,0
stack3_scene0005,view_el75_az105,foam_brick,gelatin_box,0,46.7,3.94,80.48,2.07,45.2,0
stack3_scene0005,view_el75_az225,foam_brick,gelatin_box,0,55.8,7.41,94.32,1.51,45.8,0
