scene,method,voxels,coverage,ghost,bloat
stack3_scene0001,raw_am1,4884,0.8385744234800838,0.5085995085995085,1.7064989517819706
stack3_scene0001,photo_second,4835,0.8326345213137666,0.5071354705274043,1.6893780573025856
stack3_scene0001,ray_search,4773,0.8354297693920335,0.4990571967316153,1.6677148846960168
stack3_scene0002,raw_am1,6300,0.9109341057204924,0.20126984126984127,1.1404779145546706
stack3_scene0002,photo_second,6175,0.9080376538740044,0.1876923076923077,1.1178493845039825
stack3_scene0002,ray_search,6106,0.9036929761042722,0.18244349819849326,1.105358435916003
stack3_scene0003,raw_am1,5562,0.8877015033508422,0.11884214311398777,1.0074261909074442
stack3_scene0003,photo_second,5501,0.8846223510233653,0.11216142519541905,0.9963774678500271
stack3_scene0003,ray_search,5471,0.8815431986958884,0.11040029245110583,0.990943669625068
stack3_scene0004,raw_am1,7915,0.8894749179559306,0.041187618445988616,0.9276840131270511
stack3_scene0004,photo_second,7836,0.8813877168307548,0.04032669729453808,0.9184247538677919
stack3_scene0004,ray_search,7780,0.8752930145335208,0.04010282776349616,0.9118612283169245
stack3_scene0005,raw_am1,4603,0.8742832873221491,0.1055833152291984,0.9774899129326821
stack3_scene0005,photo_second,4494,0.8634529624124018,0.09523809523809523,0.9543427479294967
stack3_scene0005,ray_search,4488,0.8615417286047993,0.09603386809269165,0.9530685920577617
stack3_scene0006,raw_am1,13432,0.8885877119822074,0.048168552709946355,0.9335557408951904
stack3_scene0006,photo_second,13359,0.8844870725604671,0.04738378621154282,0.9284820683903253
stack3_scene0006,ray_search,13336,0.8843480678343064,0.04589082183563287,0.9268835140394773
stack3_scene0007,raw_am1,23812,0.9520302171860245,0.15320006719301194,1.124268177525968
stack3_scene0007,photo_second,23610,0.9491501416430594,0.14853875476493017,1.114730878186969
stack3_scene0007,ray_search,23494,0.9447119924457035,0.14833574529667148,1.1092540132200188
stack3_scene0008,raw_am1,26719,0.9438355000424845,0.16853175642801,1.1351431727419492
stack3_scene0008,photo_second,26464,0.9384824539043249,0.16528113663845223,1.1243096269861501
stack3_scene0008,ray_search,26365,0.937887671000085,0.16267779252797265,1.1201036621633105
stack3_scene0009,raw_am1,5151,0.8820093457943925,0.12055911473500291,1.0029205607476634
stack3_scene0009,photo_second,5088,0.8777258566978193,0.11399371069182385,0.9906542056074766
stack3_scene0009,ray_search,5069,0.8763629283489096,0.11205365949891499,0.9869548286604362
stack3_scene0010,raw_am1,33498,0.9528437845627912,0.15129261448444686,1.1227000033515433
stack3_scene0010,photo_second,33232,0.9487213861983443,0.1482005296100144,1.1137848979455038
stack3_scene0010,ray_search,33061,0.944766565003184,0.14736396358246873,1.1080537587559072
stack3_scene0011,raw_am1,5712,0.8507560815253123,0.0938375350140056,0.9388560157790927
stack3_scene0011,photo_second,5617,0.841715976331361,0.08830336478547263,0.923241288625904
stack3_scene0011,ray_search,5623,0.8431952662721893,0.08767561799751022,0.9242274819197897
stack3_scene0012,raw_am1,5916,0.8940702360391479,0.212474645030426,1.1352907311456535
stack3_scene0012,photo_second,5739,0.8883131836499712,0.19341348667015157,1.1013241220495107
stack3_scene0012,ray_search,5776,0.892151218576089,0.19511772853185594,1.1084244866628286
stack3_scene0013,raw_am1,4483,0.8614687649022413,0.19406647334374305,1.0689079637577492
stack3_scene0013,photo_second,4360,0.8471626132570339,0.18509174311926602,1.039580352885074
stack3_scene0013,ray_search,4412,0.8562231759656652,0.18608340888485952,1.0519790176442536
stack3_scene0014,raw_am1,14673,0.9027013020664637,0.050296462891024296,0.9505085184945261
stack3_scene0014,photo_second,14573,0.8982963010947723,0.04844575584985933,0.9440305758890977
stack3_scene0014,ray_search,14493,0.8954460063483838,0.04622921410336023,0.9388482218047548
stack3_scene0015,raw_am1,4529,0.8858090499881545,0.1744314418193862,1.0729684908789385
stack3_scene0015,photo_second,4378,0.8725420516465292,0.15874828688899045,1.037194977493485
stack3_scene0015,ray_search,4345,0.8706467661691543,0.15420023014959727,1.029376924899313
stack3_scene0016,raw_am1,9069,0.8946061036195884,0.1660602050942772,1.0727466288147622
stack3_scene0016,photo_second,8946,0.8899929027679205,0.15895372233400407,1.0581973030518097
stack3_scene0016,ray_search,8843,0.8872722971374497,0.15175845301368318,1.0460137213153538
stack3_scene0017,raw_am1,14716,0.9024991885751379,0.05524599075835823,0.9552742616033755
stack3_scene0017,photo_second,14602,0.8993184031158715,0.05122585947130531,0.9478740668614086
stack3_scene0017,ray_search,14560,0.8977604673807206,0.05013736263736268,0.9451476793248945
stack3_scene0018,raw_am1,8740,0.9036658141517476,0.15102974828375282,1.0644257703081232
stack3_scene0018,photo_second,8591,0.8955060284983558,0.14410429519264345,1.0462793813177445
stack3_scene0018,ray_search,8479,0.8902691511387164,0.13787003184337776,1.0326391426135673
stack3_scene0019,raw_am1,22355,0.9411298000634719,0.20407067770073806,1.182428858563419
stack3_scene0019,photo_second,21958,0.9317676927959379,0.1977411421805264,1.1614302337882154
stack3_scene0019,ray_search,22050,0.9349412884798477,0.19836734693877556,1.1662964138368772
stack3_scene0020,raw_am1,6941,0.8372093023255814,0.5643279066416943,1.9216500553709857
stack3_scene0020,photo_second,6807,0.8291805094130675,0.5600117526076098,1.8845514950166113
stack3_scene0020,ray_search,6822,0.8302879291251384,0.5603928466725301,1.888704318936877
stack4_scene0001,raw_am1,19061,0.9317599067599067,0.16116678033681342,1.1107808857808859
stack4_scene0001,photo_second,18838,0.9287296037296038,0.1539972396220406,1.0977855477855478
stack4_scene0001,ray_search,18814,0.9258158508158508,0.15557563516530248,1.0963869463869464
stack4_scene0002,raw_am1,5504,0.857613596947624,0.1015625,0.9545612209503989
stack4_scene0002,photo_second,5441,0.8515435310440513,0.0975923543466275,0.9436351023239681
stack4_scene0002,ray_search,5439,0.8529309746791537,0.09578966721823867,0.9432882414151925
stack4_scene0003,raw_am1,16398,0.9062989280982777,0.0822051469691426,0.9874744068409009
stack4_scene0003,photo_second,16211,0.9006985426954113,0.07735488248720002,0.9762134168372877
stack4_scene0003,ray_search,16166,0.9033481874021438,0.07206482741556353,0.973503552932675
stack4_scene0004,raw_am1,48449,0.921885281860057,0.3060125079981011,1.3283889010747971
stack4_scene0004,photo_second,47947,0.9175806097828472,0.3020209815004067,1.3146249177451195
stack4_scene0004,ray_search,47721,0.9137146304014038,0.3016701242639509,1.3084283834174162
stack4_scene0005,raw_am1,3474,0.8016164584864071,0.37190558434081755,1.2762674504041147
stack4_scene0005,photo_second,3421,0.7950036737692873,0.36743642209880156,1.2567964731814842
stack4_scene0005,ray_search,3377,0.7975753122703895,0.3571217056559076,1.2406318883174137
stack4_scene0006,raw_am1,37701,0.9513614559819413,0.2845547863451898,1.329747460496614
stack4_scene0006,photo_second,37443,0.9491746613995485,0.2812808802713458,1.320647573363431
stack4_scene0006,ray_search,37218,0.9470584085778782,0.27854801440163357,1.3127116252821671
stack4_scene0007,raw_am1,12649,0.8979068420617192,0.1419875088939837,1.0464962356250518
stack4_scene0007,photo_second,12478,0.890129891619095,0.13776246193300212,1.0323488045007032
stack4_scene0007,ray_search,12374,0.8845867460908414,0.13593017617585257,1.0237445189046082
stack4_scene0008,raw_am1,16119,0.8869810910671593,0.24046156709473288,1.1677896109541404
stack4_scene0008,photo_second,15957,0.8845903064551185,0.23481857492009772,1.156053031949576
stack4_scene0008,ray_search,15891,0.8828515540099978,0.23315084009816878,1.1512714627254945
stack4_scene0009,raw_am1,19629,0.9141615899330869,0.06734933007285138,0.9801757714970538
stack4_scene0009,photo_second,19401,0.9094177569160092,0.06128550074738415,0.9687905722560671
stack4_scene0009,ray_search,19264,0.9060721062618596,0.05808762458471761,0.961949465694597
stack4_scene0010,raw_am1,20320,0.8967906816729739,0.10201771653543312,0.9986730230500811
stack4_scene0010,photo_second,20118,0.8927114562343343,0.09712695098916391,0.98874526957291
stack4_scene0010,ray_search,20040,0.8894185875067577,0.09695608782435128,0.9849117806064777
stack4_scene0011,raw_am1,16033,0.9012780960775673,0.10715399488554855,1.0094440596864571
stack4_scene0011,photo_second,15912,0.8972486306113454,0.10438662644544994,1.0018258515393816
stack4_scene0011,ray_search,15829,0.8975004722029843,0.09943774085539203,0.9966001385128754
stack4_scene0012,raw_am1,7270,0.8486807387862797,0.11513067400275101,0.9591029023746702
stack4_scene0012,photo_second,7176,0.841688654353562,0.11092530657748045,0.9467018469656993
stack4_scene0012,ray_search,7105,0.8405013192612137,0.1033075299085151,0.9373350923482849
stack4_scene0013,raw_am1,28392,0.9336854460093896,0.215483234714004,1.1901408450704225
stack4_scene0013,photo_second,28208,0.9313380281690141,0.21235110606920027,1.1824279007377598
stack4_scene0013,ray_search,28111,0.9282780013413816,0.21223008786595998,1.1783618376928235
stack4_scene0014,raw_am1,36010,0.9384495286134631,0.1320188836434324,1.0811865729898518
stack4_scene0014,photo_second,35433,0.9296523148982165,0.1261535856405046,1.0638623671410556
stack4_scene0014,ray_search,35412,0.9314537921095298,0.12394103693663161,1.063231850117096
stack4_scene0015,raw_am1,31988,0.9456611004653709,0.13605101913217454,1.0945797974267726
stack4_scene0015,photo_second,31708,0.9434369011771147,0.13047180522265678,1.0849986312619764
stack4_scene0015,ray_search,31497,0.94093895428415,0.12696447280693401,1.077778538187791
stack4_scene0016,raw_am1,9787,0.8756079109478007,0.1721671605190559,1.0577110126445477
stack4_scene0016,photo_second,9690,0.8706365503080082,0.1686274509803921,1.0472279260780288
stack4_scene0016,ray_search,9683,0.8704204041932346,0.1682329856449447,1.0464714146763212
stack4_scene0017,raw_am1,47089,0.9487602277323212,0.35237528934570705,1.464984600068444
stack4_scene0017,photo_second,46630,0.9458357962853499,0.34801629852026594,1.4507046635348286
stack4_scene0017,ray_search,46534,0.9436891391593815,0.34815403790776633,1.4477180101421772
stack4_scene0018,raw_am1,40217,0.9463634655140011,0.37394634109953506,1.511633151663221
stack4_scene0018,photo_second,39930,0.9427927081375681,0.3718256949661909,1.5008457056944184
stack4_scene0018,ray_search,39809,0.9419282089832738,0.37049410937225247,1.4962976884044352
stack4_scene0019,raw_am1,16259,0.9257292772815291,0.08850482809520877,1.0156162158785682
stack4_scene0019,photo_second,16085,0.9233556124679868,0.08100714951818466,1.0047473296270848
stack4_scene0019,ray_search,16039,0.9183584233868449,0.08335931167778543,1.0018739459054282
stack4_scene0020,raw_am1,8320,0.8554943162245953,0.40300480769230773,1.4330003444712367
stack4_scene0020,photo_second,8227,0.8473992421632793,0.4019691260483773,1.4169824319669309
stack4_scene0020,ray_search,8183,0.8470547709266276,0.3989979225223024,1.4094040647605925
stack5_scene0001,raw_am1,34682,0.9297113249444856,0.09460238740557059,1.0268541820873427
stack5_scene0001,photo_second,34370,0.9258031088082902,0.09022403258655809,1.0176165803108808
stack5_scene0001,ray_search,34169,0.9221021465581051,0.08853053937779853,1.0116654330125834
stack5_scene0002,raw_am1,21904,0.89549900294369,0.13892439737034334,1.039977210141487
stack5_scene0002,photo_second,21723,0.8915582565758238,0.1355705933802882,1.0313835343272244
stack5_scene0002,ray_search,21663,0.8911784256006078,0.1335456769607164,1.0285348020131042
stack5_scene0003,raw_am1,10483,0.8359530261969287,0.117237432032815,0.946973803071364
stack5_scene0003,photo_second,10405,0.8315266485998193,0.11532916866890919,0.9399277326106594
stack5_scene0003,ray_search,10310,0.8288166214995484,0.11008729388942773,0.931345980126468
stack5_scene0004,raw_am1,11670,0.8730241900270719,0.14335904027420732,1.0191249672517684
stack5_scene0004,photo_second,11535,0.8682211160597327,0.1381014304291287,1.0073356038773906
stack5_scene0004,ray_search,11431,0.861758798358222,0.1367334441431196,0.9982534276482403
stack5_scene0005,raw_am1,11714,0.8455690703735882,0.3353252518354106,1.2721546481320591
stack5_scene0005,photo_second,11546,0.8400304083405734,0.33007102026675905,1.2539096437880104
stack5_scene0005,ray_search,11508,0.8415508253692441,0.3266423357664233,1.2497827975673328
stack5_scene0006,raw_am1,21241,0.8575290189219271,0.4922084647615461,1.6887422483701702
stack5_scene0006,photo_second,20937,0.8533153124503101,0.4873668624922386,1.66457306408014
stack5_scene0006,ray_search,20928,0.8493401176657657,0.48953555045871555,1.663857529018922
stack5_scene0007,raw_am1,13528,0.8877788877788878,0.21170904790065048,1.1262071262071263
stack5_scene0007,photo_second,13352,0.8808691308691309,0.2075344517675255,1.1115551115551117
stack5_scene0007,ray_search,13248,0.875957375957376,0.20576690821256038,1.1028971028971029
stack5_scene0008,raw_am1,10410,0.881510813280536,0.16599423631123922,1.0569600974718245
stack5_scene0008,photo_second,10259,0.8762310894507056,0.15878740617993958,1.0416285917352015
stack5_scene0008,ray_search,10130,0.8719666971266118,0.15222112537018762,1.0285308153111992
stack5_scene0009,raw_am1,27634,0.9188853790613718,0.11576319027285231,1.039184717208183
stack5_scene0009,photo_second,27089,0.9120412154031288,0.1046919413784193,1.018689831528279
stack5_scene0009,ray_search,27151,0.9093336341756919,0.10938823616073068,1.021021359807461
stack5_scene0010,raw_am1,54725,0.9406810107380943,0.13878483325719504,1.0922717655981797
stack5_scene0010,photo_second,54131,0.9336154245339507,0.13587408324250427,1.0804159514590237
stack5_scene0010,ray_search,54087,0.9344337551395154,0.13441307523064694,1.0795377430042712
stack5_scene0011,raw_am1,21253,0.9369302047526528,0.11508963440455466,1.0587854331689335
stack5_scene0011,photo_second,20782,0.930802570617247,0.10095274757001249,1.0353210780650626
stack5_scene0011,ray_search,20671,0.9257211179195934,0.10105945527550675,1.0297912618940865
stack5_scene0012,raw_am1,5553,0.7916599321157265,0.11795425895912115,0.8975270728947794
stack5_scene0012,photo_second,5484,0.7856796508808792,0.1136032093362509,0.886374656537902
stack5_scene0012,ray_search,5450,0.7882657184418943,0.10513761467889904,0.8808792629707451
stack5_scene0013,raw_am1,39492,0.9563088512241055,0.22850197508356118,1.23954802259887
stack5_scene0013,photo_second,39126,0.9546139359698682,0.2226652353933446,1.228060263653484
stack5_scene0013,ray_search,38952,0.9519774011299436,0.22134935304990755,1.2225988700564971
stack5_scene0014,raw_am1,35766,0.91110183639399,0.32860817536207576,1.3570344513583246
stack5_scene0014,photo_second,35373,0.9074214600091061,0.3238911033839369,1.3421232356958568
stack5_scene0014,ray_search,35298,0.9047275762634694,0.3244659754093716,1.3392775838518742
stack5_scene0015,raw_am1,50619,0.9133312486971024,0.30757225547719236,1.3190275171982488
stack5_scene0015,photo_second,50128,0.9110902647488013,0.3025055857006065,1.3062330623306233
stack5_scene0015,ray_search,49796,0.9080154263081093,0.30022491766406945,1.2975818219720658
stack5_scene0016,raw_am1,24896,0.8989376628582882,0.09929305912596398,0.9980356784926839
stack5_scene0016,photo_second,24688,0.8956905191421126,0.09498541801685034,0.9896973341350972
stack5_scene0016,ray_search,24583,0.8920024052916417,0.09486230321767075,0.985488073762277
stack5_scene0017,raw_am1,22302,0.9175335525251981,0.236705228230652,1.202069746132701
stack5_scene0017,photo_second,22039,0.91289818358217,0.23149870683787832,1.1878941411092545
stack5_scene0017,ray_search,21948,0.9133832803320218,0.2279023145616913,1.1829892739718644
stack5_scene0018,raw_am1,9588,0.8620044439246872,0.23122653316645803,1.121272365805169
stack5_scene0018,photo_second,9479,0.8583791369430476,0.22565671484333794,1.1085253186761783
stack5_scene0018,ray_search,9334,0.8521810314583089,0.21930576387400902,1.0915682376330254
stack5_scene0019,raw_am1,36183,0.8357273141814866,0.39217311997346815,1.3749430004559964
stack5_scene0019,photo_second,35580,0.8252393980848153,0.38962900505902187,1.35202918376653
stack5_scene0019,ray_search,35483,0.8248214014287886,0.3882704393653299,1.348343213254294
stack5_scene0020,raw_am1,14202,0.8587257617728532,0.2141951837769328,1.092797783933518
stack5_scene0020,photo_second,14040,0.8537242228377963,0.20975783475783472,1.080332409972299
stack5_scene0020,ray_search,13982,0.8527239150507848,0.20740952653411526,1.0758694983071715
